SetID,Number,Variant,YearFrom,Category,Theme,ThemeGroup,Subtheme,SetName,Image,ImageFilename,USRetailPrice,UKRetailPrice,CARetailPrice,DERetailPrice,USDateAdded,USDateRemoved,Pieces,Minifigs,MinifigNumbers,PackagingType,Availability,USItemNumber,EUItemNumber,EAN,UPC,Width,Height,Depth,Weight,ModelDimension1,ModelDimension2,ModelDimension3,AgeMin,AgeMax,OwnCount,WantCount,InstructionsCount,AdditionalImageCount,Released,Rating,BrickLinkSoldPriceNew,BrickLinkSoldPriceUsed,Designers,LaunchDate,ExitDate,Own,Want,QtyOwned,QtyOwnedNew,QtyOwnedUsed,QtyWanted,WantedPriority,,Flag2,Flag3,Flag4,Flag5,Flag6,Flag7,Flag8,UserNotes
"50452","30703","1","2025","Normal","Animal Crossing","Licensed","Promotional","Julian's Beach Painting","X","30703-1","","","","","","","43","1","ani019,","Polybag","LEGO exclusive","6527988","6527987","5702017819853","","17","18","3","0.034","","","","6","","2218","691","3","4","X","4","4.3300","","Patrick Otley,","01/01/2025 00:00:00","31/12/2025 00:00:00","X","","1","1","0","0","1","","","","","","","","",""
"50388","77053","1","2025","Normal","Animal Crossing","Licensed","","Stargazing with Celeste","X","77053-1","9.99","8.99","12.99","9.99","20/09/2024 00:00:00","04/05/2026 00:00:00","78","1","ani020,","Box","Retail","6526387","6526386","5702017815824","673419404952","14.1","12.2","4.6","","12","6","9","6","","3447","627","3","9","X","0","8.6300","7.2000","","01/01/2025 00:00:00","31/12/2026 00:00:00","X","","1","1","0","0","1","","","","","","","","",""
"50389","77054","1","2025","Normal","Animal Crossing","Licensed","","Leif's Caravan & Garden Shop","X","77054-1","29.99","24.99","39.99","29.99","20/09/2024 00:00:00","04/05/2026 00:00:00","263","2","ani015,ani016,","Box","Retail","6526390","6526389","5702017815855","673419405096","35.4","19.1","5.9","","19","8","6","7","","1575","800","3","9","X","0","26.2500","23.4000","","01/01/2025 00:00:00","31/07/2026 00:00:00","X","","1","1","0","0","1","","","","","","","","",""
"50390","77055","1","2025","Normal","Animal Crossing","Licensed","","Able Sisters Clothing Shop","X","77055-1","39.99","34.99","49.99","39.99","20/09/2024 00:00:00","04/05/2026 00:00:00","322","2","ani017,ani018,","Box","Retail","6526393","6526392","5702017815923","673419405133","26.2","22.2","6.2","","14","27","14","6","","1562","864","3","14","X","0","18.0900","","","01/01/2025 00:00:00","31/07/2026 00:00:00","X","","1","1","0","0","1","","","","","","","","",""
"51113","77056","1","2025","Normal","Animal Crossing","Licensed","","Blathers's Museum Collection","X","77056-1","79.99","74.99","99.99","79.99","07/05/2025 00:00:00","04/05/2026 00:00:00","543","2","ani021,ani022,","Box","Retail","6526396","6526395","5702017815947","673419405164","38.2","26.2","7.1","","11","25","17","7","","776","973","3","8","X","4","66.1700","","","01/08/2025 00:00:00","31/12/2026 00:00:00","X","","1","1","0","0","1","","","","","","","","",""
"51114","77057","1","2025","Normal","Animal Crossing","Licensed","","Creative Houses: Seasons of Fun","X","77057-1","89.99","79.99","119.99","89.99","07/05/2025 00:00:00","04/05/2026 00:00:00","814","3","ani023,ani024,ani025,","Box","Retail","6526399","6526398","5702017815961","673419405195","54","28.2","7.9","","12","42","11","7","","590","909","15","7","X","0","101.4200","","","01/08/2025 00:00:00","31/07/2026 00:00:00","X","","1","1","0","0","1","","","","","","","","",""
"51115","77058","1","2025","Normal","Animal Crossing","Licensed","","Goldie's Cosy House","X","77058-1","22.99","17.99","24.99","19.99","07/05/2025 00:00:00","04/05/2026 00:00:00","149","1","ani026,","Box","Retail","6526402","6526401","5702017815985","673419405218","20.5","19.1","4.6","","12","9","7","6","","1117","730","3","3","X","0","15.1700","","Ricardo Silva,","01/08/2025 00:00:00","31/12/2026 00:00:00","X","","1","1","0","0","1","","","","","","","","",""
"50637","21062","1","2025","Normal","Architecture","Model making","Landmark Series","Trevi Fountain","X","21062-1","159.99","139.99","209.99","159.99","14/01/2025 00:00:00","04/05/2026 00:00:00","1880","3","gen192,gen193,","Box","Retail","6526219","6526218","5702017816753","673419405881","48","37.8","9.4","","25","38","18","18","","1844","1805","7","9","X","0","148.7200","74.2200","Rok Zgalin Kobe,","01/03/2025 00:00:00","31/12/2028 00:00:00","X","","1","1","0","0","1","","","","","","","","",""
"51108","21063","1","2025","Normal","Architecture","Model making","Landmark Series","Neuschwanstein Castle","X","21063-1","279.99","239.99","349.99","269.99","01/07/2025 00:00:00","04/05/2026 00:00:00","3455","","","Box","Retail","6526221","6526220","5702017816760","673419405898","55.5","37.8","13.2","","31","46","20","18","","1851","2297","7","14","X","0","250.4300","181.9400","Rok Zgalin Kobe,","01/08/2025 00:00:00","31/12/2028 00:00:00","X","","1","1","0","0","1","","","","","","","","",""
"51616","21068","1","2025","Normal","Architecture","Model making","Skylines","Shanghai","X","21068-1","","","","","","","597","","","Box","Retail","","","","","26.2","19.1","7.2","","","","","12","","118","346","1","0","X","0","129.1100","","","01/08/2025 00:00:00","31/12/2025 00:00:00","X","","1","1","0","0","1","","","","","","","","",""
"50638","31214","1","2025","Normal","Art","Art and crafts","Pop Art","LOVE","X","31214-1","79.99","69.99","99.99","79.99","12/11/2024 00:00:00","04/05/2026 00:00:00","791","","","Box","Retail","6526223","6526222","5702017814698","673419404273","26.2","38.2","11.8","","25","25","6","18","","2392","758","9","8","X","0","63.4100","35.4600","","01/01/2025 00:00:00","31/07/2027 00:00:00","X","","1","1","0","0","1","","","","","","","","",""
"50639","31215","1","2025","Normal","Art","Art and crafts","Paintings","Vincent van Gogh – Sunflowers","X","31215-1","199.99","169.99","259.99","199.99","29/01/2025 00:00:00","04/05/2026 00:00:00","2615","","","Box","LEGO exclusive","6529092","6529091","5702017823126","673419407267","37.8","55.5","13.2","","54","41","5","18","","2145","1614","7","9","X","0","160.0100","141.8200","","01/03/2025 00:00:00","31/12/2027 00:00:00","X","","1","1","0","0","1","","","","","","","","",""
"51105","31216","1","2025","Normal","Art","Art and crafts","Pop Art","Keith Haring - Dancing Figures","X","31216-1","119.99","104.99","149.99","119.99","25/04/2025 00:00:00","04/05/2026 00:00:00","1773","","","Box","Retail","6526225","6526224","5702017814445","673419404280","54","28.2","11.8","","33","87","4","18","","1022","839","15","9","X","5","118.9300","85.5000","Milan Madge,","15/05/2025 00:00:00","31/12/2026 00:00:00","X","","1","1","0","0","1","","","","","","","","",""
"51106","31217","1","2025","Normal","Art","Art and crafts","The Fauna Collection","Tiger","X","31217-1","64.99","54.99","79.99","59.99","23/04/2025 00:00:00","04/05/2026 00:00:00","744","","","Box","Retail","6526227","6526226","5702017814452","673419404297","38.2","26.2","7.1","0.915","20","31","6","18","","611","539","7","10","X","0","54.3300","","","01/06/2025 00:00:00","31/07/2026 00:00:00","X","","1","1","0","0","1","","","","","","","","",""
"51011","11201","1","2025","Normal","Bluey","Licensed","","Playground Fun with Bluey and Chloe","X","11201-1","19.99","17.99","24.99","19.99","02/03/2025 00:00:00","04/05/2026 00:00:00","104","2","blu005,blu006,","Box","Retail","6526209","6526208","5702017813424","673419404051","20.5","19.1","7.3","0.318","14","23","17","4","","599","274","4","10","X","0","19.9100","10.5700","","01/06/2025 00:00:00","31/12/2026 00:00:00","X","","1","1","0","0","1","","","","","","","","",""
"51012","11202","1","2025","Normal","Bluey","Licensed","","Bluey's Beach & Family Car Trip","X","11202-1","29.99","24.99","39.99","29.99","02/03/2025 00:00:00","04/05/2026 00:00:00","133","3","blu001,blu002,blu007,","Box","Retail","6526211","6526210","5702017813431","673419404068","26.2","19.1","6.1","0.369","11","8","5","4","","726","317","6","11","X","0","27.5600","19.8100","","01/06/2025 00:00:00","31/12/2026 00:00:00","X","","1","1","0","0","1","","","","","","","","",""
"51013","11203","1","2025","Normal","Bluey","Licensed","","Bluey's Family House","X","11203-1","69.99","59.99","89.99","69.99","02/03/2025 00:00:00","04/05/2026 00:00:00","382","4","blu001,blu002,blu003,blu004,","Box","Retail","6526213","6526212","5702017813448","673419404075","45.6","28.2","7.2","","21","20","13","4","","648","355","12","10","X","0","63.8300","59.9900","","01/06/2025 00:00:00","31/12/2027 00:00:00","X","","1","1","0","0","1","","","","","","","","",""
"51014","30687","1","2025","Normal","Bluey","Licensed","Promotional","Bluey Tea Party","X","30687-1","4.99","3.49","","3.99","","","33","1","blu005,","Paper bag","Retail - limited","6527956","6527955","5702017819075","673419406697","17","18","3","0.04","","","","4","","1604","329","2","3","X","0","4.1900","2.6300","","01/06/2025 00:00:00","31/12/2026 00:00:00","X","","1","1","0","0","1","","","","","","","","",""
"51918","5009578","1","2025","Extended","Bluey","Licensed","Promotional","Duck Cake","X","6601204-1","","","","","","","32","","","Zip-lock bag","Promotional","6601204","","","673419421508","","","","","","","","","","59","78","0","0","X","0","","","","","","","","0","0","0","0","0","","","","","","","","",""
"52008","5007567","1","2025","Book","Books","Miscellaneous","Buster Books","LEGO Build Christmas Fun!","X","5007567-1","9.99","","","","04/09/2025 00:00:00","26/02/2026 00:00:00","45","","","{Not specified}","Retail","6443406","","9780794448165","","","","","","","","","5","","19","24","0","3","X","0","","","","","","X","","1","1","0","0","1","","","","","","","","",""
"51353","5009141","1","2025","Book","Books","Miscellaneous","","The Force of Creativity – Standard Edition","X","5009141-1","69.99","59.99","","69.99","01/05/2025 00:00:00","04/05/2026 00:00:00","","","","{Not specified}","{Not specified}","6562988","6562988","9788325345464","","30.5","26","3.8","2.81","","","","18","","91","91","0","1","X","0","","","","","","X","","1","1","0","0","1","","","","","","","","",""
"51231","5009385","1","2025","Book","Books","Miscellaneous","Buster Books","LEGO Easter Build and Play!","X","5009385-1","9.99","","","","28/02/2025 00:00:00","17/02/2026 00:00:00","43","","","{Not specified}","Retail","6582557","","9780794453343","","","","","","","","","6","","22","33","0","5","X","0","","","","","","X","","1","1","0","0","1","","","","","","","","",""
"51260","5009386","1","2025","Book","Books","Miscellaneous","","Mandalorian Warriors","X","5009386-1","8.99","","","","17/03/2025 00:00:00","27/04/2026 00:00:00","","","","{Not specified}","{Not specified}","6582558","","9780794453701","","","","","","","","","","","160","101","0","6","X","0","","","","","","X","","1","1","0","0","1","","","","","","","","",""
"51259","5009387","1","2025","Book","Books","Miscellaneous","","Master Yoda","X","5009387-1","8.99","","","","16/03/2025 00:00:00","10/01/2026 00:00:00","","","","{Not specified}","{Not specified}","6582559","","9780794453718","","","","","","","","","","","136","92","0","8","X","0","","","","","","X","","1","1","0","0","1","","","","","","","","",""
"51431","5009467","1","2025","Book","Books","Miscellaneous","Klutz","Gravity Drop","X","5009467-1","29.99","","","","24/05/2025 00:00:00","26/02/2026 00:00:00","168","","","{Not specified}","{Not specified}","6593422","","9781339019123","","","","","","","","","8","","24","33","0","6","X","0","","","","","","X","","1","1","0","0","1","","","","","","","","",""
"50927","BLOCKS123","1","2025","Book","Books","Miscellaneous","Magazines/Blocks","Blocks magazine issue 123","X","BLOCKS123-1","","","","","","","","","","{Not specified}","{Not specified}","","","","","","","","","","","","","","86","32","0","0","X","0","","","","","","X","","1","1","0","0","1","","","","","","","","",""
"51161","BLOCKS124","1","2025","Book","Books","Miscellaneous","Magazines/Blocks","Blocks magazine issue 124","X","BLOCKS124-1","","","","","","","","","","{Not specified}","{Not specified}","","","","","","","","","","","","","","82","29","0","0","X","0","","","","","","X","","1","1","0","0","1","","","","","","","","",""
"51236","BLOCKS125","1","2025","Book","Books","Miscellaneous","Magazines/Blocks","Blocks magazine issue 125","X","BLOCKS125-1","","","","","","","","","","{Not specified}","{Not specified}","","","","","","","","","","","","","","85","24","0","0","X","0","","","","","","X","","1","1","0","0","1","","","","","","","","",""
"51270","BLOCKS126","1","2025","Book","Books","Miscellaneous","Magazines/Blocks","Blocks magazine issue 126","X","BLOCKS126-1","","","","","","","","","","{Not specified}","{Not specified}","","","","","","","","","","","","","","79","23","0","0","X","0","","","","","","X","","1","1","0","0","1","","","","","","","","",""
"51339","BLOCKS127","1","2025","Book","Books","Miscellaneous","Magazines/Blocks","Blocks magazine issue 127","X","BLOCKS127-1","","","","","","","","","","{Not specified}","{Not specified}","","","","","","","","","","","","","","74","26","0","0","X","0","","","","","","X","","1","1","0","0","1","","","","","","","","",""
"51448","BLOCKS128","1","2025","Book","Books","Miscellaneous","Magazines/Blocks","Blocks magazine issue 128","X","BLOCKS128-1","","","","","","","","","","{Not specified}","{Not specified}","","","","","","","","","","","","","","72","18","0","0","X","0","","","","","","X","","1","1","0","0","1","","","","","","","","",""
"51504","BLOCKS129","1","2025","Book","Books","Miscellaneous","Magazines/Blocks","Blocks magazine issue 129","X","BLOCKS129-1","","","","","","","","","","{Not specified}","{Not specified}","","","","","","","","","","","","","","67","16","0","0","X","0","","","","","","X","","1","1","0","0","1","","","","","","","","",""
"51594","BLOCKS130","1","2025","Book","Books","Miscellaneous","Magazines/Blocks","Blocks magazine issue 130","X","BLOCKS130-1","","","","","","","","","","{Not specified}","{Not specified}","","","","","","","","","","","","","","67","14","0","0","X","0","","","","","","X","","1","1","0","0","1","","","","","","","","",""
"51976","BLOCKS131","1","2025","Book","Books","Miscellaneous","Magazines/Blocks","Blocks magazine issue 131","X","BLOCKS131-1","","","","","","","","","","{Not specified}","{Not specified}","","","","","","","","","","","","","","60","13","0","0","X","0","","","","","","X","","1","1","0","0","1","","","","","","","","",""
"52120","BLOCKS132","1","2025","Book","Books","Miscellaneous","Magazines/Blocks","Blocks magazine issue 132","X","BLOCKS132-1","","","","","","","","","","{Not specified}","{Not specified}","","","","","","","","","","","","","","61","13","0","0","X","0","","","","","","X","","1","1","0","0","1","","","","","","","","",""
"52172","BLOCKS133","1","2025","Book","Books","Miscellaneous","Magazines/Blocks","Blocks magazine issue 133","X","BLOCKS133-1","","","","","","","","","","{Not specified}","{Not specified}","","","","","","","","","","","","","","60","14","0","0","X","0","","","","","","X","","1","1","0","0","1","","","","","","","","",""
"52297","BLOCKS134","1","2025","Book","Books","Miscellaneous","Magazines/Blocks","Blocks magazine issue 134","X","BLOCKS134-1","","","","","","","","","","{Not specified}","{Not specified}","","","","","","","","","","","","","","52","12","0","0","X","0","","","","","","X","","1","1","0","0","1","","","","","","","","",""
"52318","BLOCKS135","1","2025","Book","Books","Miscellaneous","Magazines/Blocks","Blocks magazine issue 135","X","BLOCKS135-1","","","","","","","","","","{Not specified}","{Not specified}","","","","","","","","","","","","","","43","12","0","0","X","0","","","","","","","","0","0","0","0","0","","","","","","","","",""
"52264","BLOCKSBOOK3","1","2025","Book","Books","Miscellaneous","Magazines/Blocks","Blocks Book of Retro LEGO Sets volume 3","X","BLOCKSBOOK3-1","","","","","","","","","","{Not specified}","{Not specified}","","","","","","","","","","","","","","37","16","0","0","X","0","","","","","","X","","1","1","0","0","1","","","","","","","","",""
"50929","BRICKJOURNAL088","1","2025","Book","Books","Miscellaneous","Magazines/BrickJournal","BrickJournal Issue 88","X","BRICKJOURNAL088-1","10.95","","","","","","","","","{Not specified}","{Not specified}","","","","","","","","","","","","","","15","30","0","0","X","0","","","","","","X","","1","1","0","0","1","","","","","","","","",""
"50930","BRICKJOURNAL089","1","2025","Book","Books","Miscellaneous","Magazines/BrickJournal","BrickJournal Issue 89","X","BRICKJOURNAL089-1","10.95","","","","","","","","","{Not specified}","{Not specified}","","","","","","","","","","","","","","15","26","0","0","X","0","","","","","","X","","1","1","0","0","1","","","","","","","","",""
"50931","BRICKJOURNAL090","1","2025","Book","Books","Miscellaneous","Magazines/BrickJournal","BrickJournal Issue 90","X","BRICKJOURNAL090-1","10.95","","","","","","","","","{Not specified}","{Not specified}","","","","","","","","","","","","","","15","28","0","0","X","0","","","","","","X","","1","1","0","0","1","","","","","","","","",""
"52122","BRICKJOURNAL091","1","2025","Book","Books","Miscellaneous","Magazines/BrickJournal","BrickJournal Issue 91","X","BRICKJOURNAL091-1","10.95","","","","","","","","","{Not specified}","Retail - limited","","","","","","","","","","","","","","11","14","0","0","X","0","","","","","","X","","1","1","0","0","1","","","","","","","","",""
"52394","ISBN9780241706008","1","2025","Book","Books","Miscellaneous","Dorling Kindersley","LEGO Easter Ideas","X","ISBN9780241706008-1","16.99","10.99","","13.99","","","25","","","{Not specified}","Retail - limited","","","9780241706008","","15.3","21.5","2.3","0.33","","","","7","","5","18","0","1","X","0","","","","02/01/2025 00:00:00","","","","0","0","0","0","0","","","","","","","","",""
"50945","ISBN9780241712306","1","2025","Book","Books","Miscellaneous","Dorling Kindersley","LEGO NINJAGO: Dragons Rising Adventure Atlas","X","ISBN9780241712306-1","19.99","14.99","","17.99","","","8","","","{Not specified}","Retail","","","","","19.8","26.1","","","","","","7","","36","109","0","0","X","0","","","","05/06/2025 00:00:00","","X","","1","1","0","0","1","","","","","","","","",""
"50532","ISBN9780241712412","1","2025","Book","Books","Miscellaneous","Dorling Kindersley","LEGO Star Wars: Character Encyclopedia, Updated Edition","X","ISBN9780241712412-1","21.99","16.99","","19.99","","","8","1","sw1405,","{Not specified}","Retail","","","","","18.7","23.7","4","","","","","6","","1161","524","0","0","X","0","","","","17/04/2025 00:00:00","","X","","1","1","0","0","1","","","","","","","","",""
"52393","ISBN9780241712467","1","2025","Book","Books","Miscellaneous","Dorling Kindersley","LEGO DreamZzz: World Builder","X","ISBN9780241712467-1","","24.99","","","","","136","","","{Not specified}","Retail - limited","","","","","22.2","28.2","3.8","","","","","7","","5","19","0","1","X","5","","","","19/08/2025 00:00:00","","","","0","0","0","0","0","","","","","","","","",""
"50947","ISBN9780241716540","1","2025","Book","Books","Miscellaneous","Dorling Kindersley","LEGO Marvel Spider-Man: Explore the Spider-Verse","X","ISBN9780241716540-1","16.99","12.99","","15.99","","","3","1","sh1053 ,","{Not specified}","Retail","","","","","18.7","23.8","2.3","0.788","","","","7","9","441","243","0","6","X","0","","","","05/06/2025 00:00:00","","X","","1","1","0","0","1","","","","","","","","",""
"51199","ISBN9780241719336","1","2025","Book","Books","Miscellaneous","Dorling Kindersley","LEGO Minecraft Games Book: 50 Fun Ideas to Play with Your LEGO Collection!","X","ISBN9780241719336-1","19.99","16.99","","19.99","","","61","","","{Not specified}","Retail","","","9780241719336","","18.6","23.9","","","","","","6","","25","53","0","8","X","0","","","","03/07/2025 00:00:00","","X","","1","1","0","0","1","","","","","","","","",""
"50976","ISBN9780241719459","1","2025","Book","Books","Miscellaneous","Dorling Kindersley","LEGO Minecraft: Visual Dictionary","X","ISBN9780241719459-1","24.99","19.99","","24.99","","","3","1","MIN259,","{Not specified}","Retail","","","","","25.5","30.7","","","","","","6","","69","130","0","1","X","0","","","","02/10/2025 00:00:00","","X","","1","1","0","0","1","","","","","","","","",""
"52285","ISBN9780593959480","1","2025","Book","Books","Miscellaneous","Dorling Kindersley","LEGO NINJAGO World Builder","X","ISBN9780593959480-1","27.99","","","","","","135","","","{Not specified}","Retail","","","","","","","","","","","","7","","12","27","0","4","X","0","","","","","","X","","1","1","0","0","1","","","","","","","","",""
"51552","ISBN9780593965870","1","2025","Book","Books","Miscellaneous","Dorling Kindersley","LEGO How to Build Everything!","X","ISBN9780593965870-1","24.99","","","","04/07/2025 00:00:00","02/08/2025 00:00:00","","","","{Not specified}","Retail","6609226","","9780593965870","","","","","","","","","7","","11","38","0","3","X","0","","","","","","X","","1","1","0","0","1","","","","","","","","",""
"50771","ISBN9781464231353","1","2025","Book","Books","Miscellaneous","Ameet","Tiny Desert Garden","X","ISBN9781464231353-1","19.99","12.99","","14.99","","","54","","","Box","Retail","","","","","11.1","13.1","5.6","0.181","","","","11","","475","413","0","4","X","0","","","","03/06/2025 00:00:00","","X","","1","1","0","0","1","","","","","","","","",""
"50770","ISBN9781464245367","1","2025","Book","Books","Miscellaneous","Ameet","Tiny Wildflower Bouquet","X","ISBN9781464245367-1","19.99","12.99","","14.99","","","95","","","Box","Retail","","","","","13.1","11.1","5.6","0.176","","","","11","","421","396","0","4","X","0","","","","08/05/2025 00:00:00","","X","","1","1","0","0","1","","","","","","","","",""
"50914","ISBN9781837250974","1","2025","Book","Books","Miscellaneous","Buster Books","LEGO Star Wars: The Force of Creativity","X","ISBN9781837250974-1","","60","","","","","","","","{Not specified}","Retail","","","","","30.5","26","3.8","2.9","","","","18","","30","237","0","0","X","0","","","","24/04/2025 00:00:00","","X","","1","1","0","0","1","","","","","","","","",""
"51071","ISBN9783960809111","1","2025","Book","Books","Miscellaneous","Ameet","LEGO Star Wars: Die Macht der Kreativität","X","ISBN9783960809111-1","","","","70","","","","","","{Not specified}","{Not specified}","","","9783960809111","","30.5","26","3.8","2.9","","","","6","","21","70","0","0","X","0","","","","10/09/2025 00:00:00","","X","","1","1","0","0","1","","","","","","","","",""
"51036","ISBN9798217126040","1","2025","Book","Books","Miscellaneous","Dorling Kindersley","LEGO Minifigure: A Visual History, Updated and Expanded","X","ISBN9798217126040-1","39.99","27.78","","","","","6","1","sp148,","{Not specified}","Retail","","","","","25.2","30.2","","","","","","6","","264","367","0","0","X","3","","","","02/09/2025 00:00:00","","X","","1","1","0","0","1","","","","","","","","",""
"50679","10342","1","2025","Normal","Botanicals","Model making","Botanical Collection","Pretty Pink Flower Bouquet","X","10342-1","59.99","54.99","79.99","59.99","14/11/2024 00:00:00","04/05/2026 00:00:00","749","","","Box","Retail","6526158","6526155","5702017812540","673419403726","26.2","38.2","7.1","0.664","","","","18","","5069","1734","9","10","X","0","42.0800","","","01/01/2025 00:00:00","31/12/2028 00:00:00","X","","1","1","0","0","1","","","","","","","","",""
"50740","10343","1","2025","Normal","Botanicals","Model making","Botanical Collection","Mini Orchid","X","10343-1","29.99","24.99","39.99","29.99","14/11/2024 00:00:00","04/05/2026 00:00:00","274","","","Box","Retail","6526161","6526159","5702017814643","673419404235","19.1","26.2","6.1","0.349","","","","18","","7662","1690","7","8","X","0","19.6900","21.9900","Wes Talbott,Zio Chao,","01/01/2025 00:00:00","31/12/2027 00:00:00","X","","1","1","0","0","1","","","","","","","","",""
"50741","10344","1","2025","Normal","Botanicals","Model making","Botanical Collection","Lucky Bamboo","X","10344-1","29.99","24.99","39.99","29.99","14/11/2024 00:00:00","04/05/2026 00:00:00","325","","","Box","Retail","6526164","6526162","5702017814650","673419404242","19.1","26.2","6.1","0.363","","","","18","","7550","1643","7","8","X","0","17.7000","15.0000","Wes Talbott,Zio Chao,","01/01/2025 00:00:00","31/12/2027 00:00:00","X","","1","1","0","0","1","","","","","","","","",""
"50742","10345","1","2025","Normal","Botanicals","Model making","Botanical Collection","Flower Arrangement","X","10345-1","109.99","94.99","139.99","109.99","14/11/2024 00:00:00","04/05/2026 00:00:00","1161","","","Box","Retail","6530070","6530069","5702017829111","673419408189","35.4","37.8","7.1","1.198","26","31","23","18","","2711","2010","7","10","X","4","91.3600","54.1100","Wes Talbott,","01/02/2025 00:00:00","31/12/2026 00:00:00","X","","1","1","0","0","1","","","","","","","","",""
"51116","10347","1","2025","Normal","Botanicals","Model making","Botanical Collection","Petite Sunny Bouquet","X","10347-1","29.99","24.99","39.99","29.99","20/03/2025 00:00:00","04/05/2026 00:00:00","373","","","Box","Retail","6526167","6526165","5702017814667","673419404044","19.1","26.2","6.1","0.325","22","8","5","9","","3936","1176","4","8","X","0","17.9300","","Theo Bonner,","01/05/2025 00:00:00","31/12/2028 00:00:00","X","","1","1","0","0","1","","","","","","","","",""
"51112","10348","1","2025","Normal","Botanicals","Model making","Botanical Collection","Japanese Maple Tree","X","10348-1","59.99","54.99","79.99","59.99","23/04/2025 00:00:00","04/05/2026 00:00:00","474","","","Box","Retail","6526169","6526168","5702017814674","673419404259","26.2","38.2","7.1","0.667","24","22","26","18","","4321","2179","7","11","X","4","41.1200","42.2700","Wes Talbott,","01/06/2025 00:00:00","31/12/2027 00:00:00","X","","1","1","0","0","1","","","","","","","","",""
"51133","10349","1","2025","Normal","Botanicals","Model making","Botanical Collection","Happy Plants","X","10349-1","22.99","17.99","24.99","19.99","23/04/2025 00:00:00","04/05/2026 00:00:00","217","","","Box","Retail","6526171","6526170","5702017814681","673419404266","26.2","14.1","4.8","0.278","","","","9","","6067","1477","32","9","X","14","15.0500","11.0000","Aaron Newman,Pernille Ravn,","01/06/2025 00:00:00","31/12/2027 00:00:00","X","","1","1","0","0","1","","","","","","","","",""
"51535","10372","1","2025","Normal","Botanicals","Model making","Botanical Collection","Hibiscus","X","10372-1","69.99","59.99","89.99","69.99","03/07/2025 00:00:00","04/05/2026 00:00:00","660","","","Box","Retail","6529393","6529392","5702017824833","673419407625","26.2","38.2","7.1","0.759","36","25","13","18","","2463","2178","7","11","X","0","61.6500","","","01/08/2025 00:00:00","31/12/2027 00:00:00","X","","1","1","0","0","1","","","","","","","","",""
"51536","10373","1","2025","Normal","Botanicals","Model making","Botanical Collection","Mini Bonsai Trees","X","10373-1","64.99","54.99","79.99","59.99","03/07/2025 00:00:00","04/05/2026 00:00:00","709","","","Box","Retail","6529395","6529394","5702017824840","673419407632","28.2","26.2","5.9","","19","14","10","18","","1846","2127","21","14","X","3","59.4500","","Theo Bonner,Wes Talbott,","01/08/2025 00:00:00","31/07/2027 00:00:00","X","","1","1","0","0","1","","","","","","","","",""
"51608","10374","1","2025","Normal","Botanicals","Model making","Botanical Collection","Bouquet of Pink Roses","X","10374-1","59.99","54.99","79.99","59.99","02/08/2025 00:00:00","04/05/2026 00:00:00","789","","","Box","Retail","6535644","6535643","5702017864457","673419409711","26","38","7","0.69","","","","18","","1403","1361","21","17","X","0","44.4500","36.7600","","01/10/2025 00:00:00","31/12/2028 00:00:00","X","","1","1","0","0","1","","","","","","","","",""
"50450","30701","1","2025","Normal","Botanicals","Model making","Botanical Collection","Field Flowers","X","30701-1","4.99","","","3.99","","","77","","","Paper bag","Retail - limited","6527984","6527983","5702017818627","673419406680","17","18","3","0.037","","","","9","","7273","1146","2","4","X","5","4.2500","3.8800","","01/01/2025 00:00:00","31/12/2026 00:00:00","X","","1","1","0","0","1","","","","","","","","",""
"51228","40762","1","2025","Normal","Botanicals","Model making","Botanical Collection","Mixed Flowerpot","X","40762-1","","","","","","","253","","","Box","LEGO exclusive","6530181","6530180","5702017830223","673419408684","20.5","19.1","6.1","0.239","20","10","11","18","","2885","1338","2","3","X","0","37.5100","22.0700","Theo Bonner,","12/03/2025 00:00:00","31/07/2025 00:00:00","X","","1","1","0","0","1","","","","","","","","",""
"52080","66809","1","2025","Collection","Botanicals","Model making","Product Collection","Evergreen Collector's Set","X","66809-1","59.99","","","","","","599","","","Box","Retail - limited","","","","","","","","","","","","18","","137","174","0","1","X","0","","","","01/10/2025 00:00:00","31/12/2025 00:00:00","X","","1","1","0","0","1","","","","","","","","",""
"51595","40760","1","2025","Normal","BrickHeadz","Licensed","Fortnite","Adventure Peely & Cuddle Team Leader","X","40760-1","","","","","","","258","","","Box","LEGO exclusive","6530177","6530176","5702017830209","673419408660","19.1","14.1","7.1","0.272","","","","10","","2660","267","4","5","X","0","18.8400","14.9900","","01/08/2025 00:00:00","31/12/2025 00:00:00","X","","1","1","0","0","1","","","","","","","","",""
"51623","40791","1","2025","Normal","BrickHeadz","Licensed","Wizarding World","The Goblet of Fire Figures","X","40791-1","49.99","44.99","64.99","49.99","03/08/2025 00:00:00","04/05/2026 00:00:00","671","","","Box","LEGO exclusive","6530315","6530314","5702017829890","673419408530","35.4","19.1","9.1","","","","","10","","921","511","10","9","X","0","58.7400","","","01/09/2025 00:00:00","31/12/2026 00:00:00","X","","1","1","0","0","1","","","","","","","","",""
"50825","40792","1","2025","Normal","BrickHeadz","Licensed","Disney","Dumbo","X","40792-1","9.99","9.99","12.99","9.99","03/01/2025 00:00:00","24/12/2025 00:00:00","176","","","Box","LEGO exclusive","6530192","6530191","5702017830285","673419408738","12.2","14.1","6.1","","","","","10","","2712","577","2","5","X","0","13.8500","12.0400","","01/02/2025 00:00:00","31/12/2025 00:00:00","X","","1","1","0","0","1","","","","","","","","",""
"50824","40793","1","2025","Normal","BrickHeadz","Licensed","Tom & Jerry","Tom & Jerry Figures","X","40793-1","14.99","13.49","19.99","14.99","03/12/2024 00:00:00","01/12/2025 00:00:00","212","","","Box","LEGO exclusive","6523863","6523860","5702017802169","673419403054","18.9","14","6","0.205","","","","10","","2922","729","4","5","X","5","18.2100","10.0000","","","","X","","1","1","0","0","1","","","","","","","","",""
"51589","40794","1","2025","Normal","BrickHeadz","Licensed","Wicked","Elphaba & Glinda Figures","X","40794-1","19.99","17.99","24.99","19.99","25/07/2025 00:00:00","29/11/2025 00:00:00","325","","","Box","LEGO exclusive","6530317","6530316","5702017829906","673419408547","19.1","14.1","9.1","","","","","10","","1138","296","4","7","X","0","24.9300","15.0000","","01/09/2025 00:00:00","31/12/2025 00:00:00","X","","1","1","0","0","1","","","","","","","","",""
"51184","40795","1","2025","Normal","BrickHeadz","Licensed","Star Wars","Luke Skywalker (Rebel Pilot)","X","40795-1","12.99","10.99","16.99","12.99","16/04/2025 00:00:00","04/05/2026 00:00:00","138","","","Box","LEGO exclusive","6530194","6530193","5702017830292","673419408745","12.2","14.1","6.1","","","","","10","","3561","713","2","6","X","0","9.4500","8.1500","","18/04/2025 00:00:00","31/12/2026 00:00:00","X","","1","1","0","0","1","","","","","","","","",""
"51235","40796","1","2025","Normal","BrickHeadz","Licensed","Star Wars","Revenge of the Sith Heroes & Villains","X","40796-1","49.99","44.99","64.99","49.99","16/04/2025 00:00:00","28/11/2025 00:00:00","656","","","Box","LEGO exclusive","6530196","6530195","5702017830308","673419408752","35.4","19.1","7","","","","","10","","3249","704","10","7","X","0","53.4400","50.2000","","18/04/2025 00:00:00","31/12/2025 00:00:00","X","","1","1","0","0","1","","","","","","","","",""
"50826","40797","1","2025","Normal","BrickHeadz","Licensed","Disney","Eeyore","X","40797-1","12.99","10.99","16.99","12.99","03/01/2025 00:00:00","04/05/2026 00:00:00","156","","","Box","LEGO exclusive","6530198","6530197","5702017830315","673419408769","12.2","14.1","6.1","","","","","10","","2767","717","2","7","X","5","11.4900","9.9000","Leonard Bahro,","01/02/2025 00:00:00","31/12/2026 00:00:00","X","","1","1","0","0","1","","","","","","","","",""
"50827","40798","1","2025","Normal","BrickHeadz","Licensed","Disney","Red Panda Mei","X","40798-1","9.99","9.99","12.99","9.99","03/01/2025 00:00:00","26/12/2025 00:00:00","121","","","Box","LEGO exclusive","6530200","6530199","5702017830537","673419408776","12.2","14.1","6.1","","","","","10","","1802","410","2","5","X","0","11.6600","8.0000","","01/02/2025 00:00:00","31/12/2025 00:00:00","X","","1","1","0","0","1","","","","","","","","",""
"51475","40799","1","2025","Normal","BrickHeadz","Licensed","One Piece","Monkey D. Luffy Figure","X","40799-1","9.99","9.99","12.99","9.99","06/06/2025 00:00:00","11/12/2025 00:00:00","136","","","Box","LEGO exclusive","6530319","6530318","5702017829913","673419408554","12.2","14.1","6.1","","","","","10","","1481","364","2","7","X","0","21.1900","9.8900","","01/08/2025 00:00:00","31/12/2025 00:00:00","X","","1","1","0","0","1","","","","","","","","",""
"51476","40800","1","2025","Normal","BrickHeadz","Licensed","One Piece","Buggy the Clown Figure","X","40800-1","9.99","9.99","12.99","9.99","06/06/2025 00:00:00","14/04/2026 00:00:00","176","","","Box","LEGO exclusive","6530321","6530320","5702017829920","673419408578","12.2","14.1","6.1","","","","","10","","1589","290","2","6","X","0","14.7100","5.2700","","01/08/2025 00:00:00","31/12/2025 00:00:00","X","","1","1","0","0","1","","","","","","","","",""
"51590","40801","1","2025","Normal","BrickHeadz","Licensed","Stranger Things","Mike, Dustin, Lucas and Will Figures","X","40801-1","39.99","34.99","54.99","39.99","25/07/2025 00:00:00","04/05/2026 00:00:00","542","","","Box","LEGO exclusive","6530323","6530322","5702017829937","673419408585","","","","","","","","10","","1289","663","8","7","X","0","52.4300","34.9900","","01/10/2025 00:00:00","31/12/2026 00:00:00","X","","1","1","0","0","1","","","","","","","","",""
"51624","40802","1","2025","Normal","BrickHeadz","Licensed","Wizarding World","Luna Lovegood & Thestral Figures","X","40802-1","24.99","19.99","29.99","24.99","03/08/2025 00:00:00","04/05/2026 00:00:00","292","","","Box","LEGO exclusive","6530325","6530324","5702017829944","673419408592","19.1","14.1","7.1","","","","","10","","1042","468","4","7","X","0","24.1300","15.0000","","01/09/2025 00:00:00","31/12/2026 00:00:00","X","","1","1","0","0","1","","","","","","","","",""
"51165","40803","1","2025","Normal","BrickHeadz","Licensed","Transformers","Optimus Prime Robot & Vehicle","X","40803-1","24.99","19.99","29.99","24.99","13/02/2025 00:00:00","04/05/2026 00:00:00","237","","","Box","LEGO exclusive","6530202","6530201","5702017830544","673419408783","19.1","14.1","6.1","","","","","10","","2544","848","4","7","X","0","20.6000","12.0000","","01/03/2025 00:00:00","31/12/2027 00:00:00","X","","1","1","0","0","1","","","","","","","","",""
"51166","40804","1","2025","Normal","BrickHeadz","Licensed","Transformers","Bumblebee Robot & Vehicle","X","40804-1","24.99","19.99","29.99","24.99","13/02/2025 00:00:00","04/05/2026 00:00:00","253","","","Box","LEGO exclusive","6530204","6530203","5702017830551","673419408790","19.1","14.1","6.1","","","","","10","","2360","853","4","6","X","0","24.2600","16.9000","","01/03/2025 00:00:00","31/12/2026 00:00:00","X","","1","1","0","0","1","","","","","","","","",""
"51994","40884","1","2025","Normal","BrickHeadz","Licensed","Fortnite","Drift & Raven","X","40884-1","24.99","19.99","29.99","24.99","25/09/2025 00:00:00","04/05/2026 00:00:00","280","","","Box","LEGO exclusive","6570749","6570748","5702017992860","673419417747","","","","","","","","10","","703","285","4","2","X","0","23.6800","11.5800","","01/10/2025 00:00:00","31/12/2026 00:00:00","X","","1","1","0","0","1","","","","","","","","",""
"50485","910039","1","2025","Extended","BrickLink","Model making","Designer Program Series 3","The Art of Chocolate","X","910039-1","229.99","189.99","299.99","209.99","09/10/2024 00:00:00","31/10/2024 00:00:00","2615","7","bdp159,bdp160,bdp161,bdp162,bdp163,bdp164,bdp165,","Box","LEGO exclusive","6514675","6514674","5702017764702","673419401104","55.5","37.8","11.8","","","","","18","","1819","848","0","2","X","0","267.7500","238.6800","Marcos Garavelli,","08/10/2024 00:00:00","","X","","1","1","0","0","1","","","","","","","","",""
"50486","910040","1","2025","Extended","BrickLink","Model making","Designer Program Series 3","Harbourmaster's Office","X","910040-1","199.99","159.99","259.99","179.99","09/10/2024 00:00:00","31/10/2024 00:00:00","2418","6","bdp150,bdp151,bdp152,bdp153,bdp154,bdp155,","Box","LEGO exclusive","6514677","6514676","5702017764719","673419401111","55.5","37.8","10.3","","","","","18","","2028","1042","0","2","X","0","240.0700","211.4100","","08/10/2024 00:00:00","","X","","1","1","0","0","1","","","","","","","","",""
"50487","910041","1","2025","Extended","BrickLink","Model making","Designer Program Series 3","Camping Adventure","X","910041-1","54.99","44.99","69.99","49.99","09/10/2024 00:00:00","09/10/2024 00:00:00","669","2","bdp148,bdp149,","Box","LEGO exclusive","6514679","6514678","5702017765440","673419401128","28.2","26.2","5.9","0.521","","","","18","","1971","923","0","2","X","0","79.0900","80.2700","","08/10/2024 00:00:00","","X","","1","1","0","0","1","","","","","","","","",""
"50488","910042","1","2025","Extended","BrickLink","Model making","Designer Program Series 3","Lost City","X","910042-1","289.99","239.99","349.99","269.99","09/10/2024 00:00:00","31/10/2024 00:00:00","3506","3","bdp156,bdp157,bdp158,","Box","LEGO exclusive","6514681","6514680","5702017765457","673419400879","55.5","37.8","15.7","","","","","18","","609","965","0","2","X","0","334.9800","324.9700","","08/10/2024 00:00:00","","X","","1","1","0","0","1","","","","","","","","",""
"50489","910043","1","2025","Extended","BrickLink","Model making","Designer Program Series 3","Forest Stronghold","X","910043-1","299.99","249.99","379.99","279.99","25/02/2026 00:00:00","26/02/2026 00:00:00","3395","13","bdp166,bdp167,bdp168,bdp169,bdp170,bdp171,bdp172,bdp173,bdp174,bdp175,bdp176,bdp177,cas572,","Box","LEGO exclusive","6514683","","","673419401647","55.5","37.8","15.7","","","","","18","","1965","1285","0","2","X","3","399.9600","351.2700","","08/10/2024 00:00:00","","X","","1","1","0","0","1","","","","","","","","",""
"50950","910044","1","2025","Extended","BrickLink","Model making","Designer Program Series 4","Wild West Train","X","910044-1","279.99","249.99","349.99","279.99","05/02/2025 00:00:00","02/03/2025 00:00:00","3192","12","bdp192,bdp193,bdp194,bdp195,bdp196,bdp197,bdp198,bdp199,bdp200,bdp201,bdp202,bdp203,","Box","LEGO exclusive","6529826","6529825","5702017827933","673419407748","52.3","48","12.4","","","","","18","","1806","1131","0","8","X","0","377.4600","300.6600","","","","X","","1","1","0","0","1","","","","","","","","",""
"50951","910045","1","2025","Extended","BrickLink","Model making","Designer Program Series 4","Siege Encampment","X","910045-1","229.99","199.99","299.99","229.99","13/02/2026 00:00:00","13/02/2026 00:00:00","2598","18","bdp103,bdp208,bdp209,bdp210,bdp211,bdp212,bdp213,bdp214,bdp215,bdp216,bdp217,bdp218,bdp219,bdp220,bdp221,bdp222,bdp223,cas574,","Box","LEGO exclusive","6529828","6529827","5702017827940","673419407991","55.5","37.8","11.8","","","","","18","","1728","856","0","6","X","0","337.5500","319.8900","","","","X","","1","1","0","0","1","","","","","","","","",""
"50952","910046","1","2025","Extended","BrickLink","Model making","Designer Program Series 4","Merchant Boat","X","910046-1","169.99","149.99","219.99","169.99","05/02/2025 00:00:00","02/03/2025 00:00:00","2180","4","bdp204,bdp205,bdp206,bdp207,","Box","LEGO exclusive","6529830","6529829","5702017827957","673419408158","55.5","37.8","10.3","","","","","18","","649","571","0","3","X","0","215.0100","189.7100","","","","X","","1","1","0","0","1","","","","","","","","",""
"50953","910047","1","2025","Extended","BrickLink","Model making","Designer Program Series 4","Medieval Seaside Market","X","910047-1","229.99","199.99","299.99","229.99","13/02/2026 00:00:00","22/04/2026 00:00:00","2560","9","bdp178,bdp179,bdp180,bdp181,bdp182,bdp183,bdp184,bdp185,bdp186,","Box","LEGO exclusive","6529832","6529831","5702017827964","673419408165","55.5","37.8","13.2","3.056","","","","18","","1888","1171","0","4","X","0","329.0800","275.0000","","","","X","","1","1","0","0","1","","","","","","","","",""
"50954","910048","1","2025","Extended","BrickLink","Model making","Designer Program Series 4","Riverside Scholars","X","910048-1","199.99","169.99","259.99","199.99","05/02/2025 00:00:00","02/03/2025 00:00:00","2769","5","bdp187,bdp188,bdp189,bdp190,bdp191,","Box","LEGO exclusive","6529834","6529833","5702017828282","673419408172","55.5","37.8","11.8","","","","","18","","686","831","0","4","X","0","291.5000","234.2400","","","","X","","1","1","0","0","1","","","","","","","","",""
"51346","910049","1","2025","Extended","BrickLink","Model making","Designer Program Series 5","Adventure in Transylvania","X","910049-1","349.99","299.99","449.99","349.99","11/06/2025 00:00:00","24/06/2025 00:00:00","4056","15","bdp229,bdp230,bdp231,bdp232,bdp233,bdp234,bdp235,bdp236,bdp237,bdp238,bdp239,bdp240,bdp241,cty1654,gen047,","Box","LEGO exclusive","6529836","6529835","5702017828299","673419408066","","","","","","","","18","","2479","1036","1","0","X","0","488.4000","475.7300","","01/11/2025 00:00:00","31/12/2025 00:00:00","X","","1","1","0","0","1","","","","","","","","",""
"51347","910050","1","2025","Extended","BrickLink","Model making","Designer Program Series 5","Antique Shop","X","910050-1","149.99","129.99","199.99","149.99","11/06/2025 00:00:00","24/06/2025 00:00:00","1918","6","bdp224,bdp225,bdp226,bdp227,bdp228,njo0446,","Box","LEGO exclusive","6529838","6529837","5702017828251","673419408073","","","","","","","","18","","995","618","1","0","X","0","209.7900","125.0000","","01/11/2025 00:00:00","31/12/2025 00:00:00","X","","1","1","0","0","1","","","","","","","","",""
"51348","910051","1","2025","Extended","BrickLink","Model making","Designer Program Series 5","Mushroom Village","X","910051-1","209.99","189.99","269.99","209.99","11/06/2025 00:00:00","24/06/2025 00:00:00","2436","7","bdp245,bdp246,bdp247,bdp248,bdp249,bdp250,bdp251,","Box","LEGO exclusive","6529840","6529839","5702017828268","673419408080","","","","","","","","18","","1084","575","1","0","X","0","293.5400","190.0000","","01/11/2025 00:00:00","31/12/2025 00:00:00","X","","1","1","0","0","1","","","","","","","","",""
"51349","910052","1","2025","Extended","BrickLink","Model making","Designer Program Series 5","Popcorn Wagon","X","910052-1","54.99","49.99","69.99","54.99","11/06/2025 00:00:00","24/06/2025 00:00:00","594","3","bdp242,bdp243,bdp244,","Box","LEGO exclusive","6529842","6529841","5702017828374","673419408097","","","","","","","","18","","1569","595","1","0","X","0","82.9800","45.0000","","01/11/2025 00:00:00","31/12/2025 00:00:00","X","","1","1","0","0","1","","","","","","","","",""
"51350","910053","1","2025","Extended","BrickLink","Model making","Designer Program Series 5","The Thieves of Tortuga","X","910053-1","339.99","299.99","429.99","339.99","11/06/2025 00:00:00","24/06/2025 00:00:00","4002","13","bdp252,bdp253,bdp254,bdp255,bdp256,bdp257,bdp258,bdp259,bdp260,bdp261,bdp262,bdp263,bdp264,","Box","LEGO exclusive","6529844","6529843","5702017828381","673419408103","","","","","","","","18","","2018","1000","1","0","X","5","446.3000","364.1300","","01/11/2025 00:00:00","31/12/2025 00:00:00","X","","1","1","0","0","1","","","","","","","","",""
"52030","910054","1","2025","Extended","BrickLink","Model making","Designer Program Series 6","The Art Factory","X","910054-1","229.99","199.99","299.99","229.99","07/10/2025 00:00:00","13/10/2025 00:00:00","2256","10","bdp265,bdp266,bdp267,bdp268,bdp269,bdp270,bdp271,bdp272,bdp273,bdp274,","Box","LEGO exclusive","6569723","6569722","5702017989433","673419417853","55.5","37.8","15.7","","","","","18","","1029","495","1","0","X","0","387.6600","","","","","X","","1","1","0","0","1","","","","","","","","",""
"52031","910055","1","2025","Extended","BrickLink","Model making","Designer Program Series 6","Gold Mine Expedition","X","910055-1","299.99","269.99","379.99","299.99","07/10/2025 00:00:00","13/10/2025 00:00:00","3382","13","bdp294,bdp295,bdp296,bdp297,bdp298,bdp299,bdp300,bdp301,bdp302,bdp303,bdp304,bdp305,bdp306,","Box","LEGO exclusive","6569725","6569724","5702017993034","673419417860","52.3","48","18","","","","","18","","917","530","1","0","X","0","441.8300","","","","","X","","1","1","0","0","1","","","","","","","","",""
"52032","910056","1","2025","Extended","BrickLink","Model making","Designer Program Series 6","Off-Road Adventure","X","910056-1","79.99","69.99","99.99","79.99","07/10/2025 00:00:00","13/10/2025 00:00:00","978","3","bdp307,bdp308,bdp309,","Box","LEGO exclusive","6569727","6569726","5702017993041","673419417877","45.6","28.2","6.1","","","","","18","","717","375","1","0","X","0","129.9900","80.0000","","","","X","","1","1","0","0","1","","","","","","","","",""
"52033","910057","1","2025","Extended","BrickLink","Model making","Designer Program Series 6","Outlaw Forest Den","X","910057-1","229.99","199.99","299.99","229.99","07/10/2025 00:00:00","13/10/2025 00:00:00","2618","10","bdp275,bdp276,bdp277,bdp278,bdp279,bdp280,bdp281,bdp282,bdp283,bdp284,","Box","LEGO exclusive","6569729","6569728","5702017993058","673419417884","55.5","37.8","11.8","","","","","18","","1711","596","1","0","X","4","361.0200","321.6800","","","","X","","1","1","0","0","1","","","","","","","","",""
"52034","910058","1","2025","Extended","BrickLink","Model making","Designer Program Series 6","Sequoia Tree Trail","X","910058-1","269.99","239.99","349.99","269.99","07/10/2025 00:00:00","13/10/2025 00:00:00","3187","10","bdp285,bdp286,bdp287,bdp288,bdp289,bdp290,bdp291,bdp292,bdp293,njo0446,","Box","LEGO exclusive","6569731","6569730","5702017993065","673419417891","55.5","37.8","15.7","","","","","18","","559","486","1","0","X","0","405.9700","","","","","X","","1","1","0","0","1","","","","","","","","",""
"51278","5009260","1","2025","Extended","BrickLink","Model making","Promotional","Bricklink 25th Anniversary Giveaway","X","5009260-1","","","","","","","94","","","Polybag","Promotional","6575884","","","673419418423","","","","0.089","","","","18","","139","223","0","4","X","0","86.1300","","","","","X","","1","1","0","0","1","","","","","","","","",""
"52126","5009551","1","2025","Extended","BrickLink","Model making","Promotional","1x8 Brick #BrickLink25","X","5009551-1","","","","","","","1","","","Zip-lock bag","Promotional","6598433","","","673419427920","","","","","","","","6","","20","49","0","2","X","0","","","","","","X","","1","1","0","0","1","","","","","","","","",""
"50443","30693","1","2025","Normal","City","Modern day","Police","Police Water Scooter","X","30693-1","","","","","","","29","1","cty1853,","Paper bag","LEGO exclusive","6527968","6527967","5702017819358","","17","18","3","0.038","","","","5","","1020","303","2","4","X","0","3.8600","1.4500","Rik Pauwels,","01/01/2025 00:00:00","31/12/2025 00:00:00","X","","1","1","0","0","1","","","","","","","","",""
"50444","30694","1","2025","Normal","City","Modern day","Space","Space Science Mech","X","30694-1","","","","","","","49","1","cty1849,","Polybag","LEGO exclusive","6527970","6527969","5702017820200","","17","19.5","1.5","0.036","","","","6","","2046","772","2","4","X","10","4.1200","10.0000","Rik Pauwels,","01/01/2025 00:00:00","31/12/2025 00:00:00","X","","1","1","0","0","1","","","","","","","","",""
"50800","60442","1","2025","Normal","City","Modern day","Formula 1","F1 Driver with McLaren Race Car","X","60442-1","12.99","10.99","16.99","12.99","07/12/2024 00:00:00","04/05/2026 00:00:00","86","1","cty1846,","Box","Retail","6526267","6526266","5702017812489","673419403450","15.7","14.1","4.5","","14","3","5","","","1864","448","2","5","X","0","13.3700","7.3800","Corvin Stichert,","01/01/2025 00:00:00","31/12/2027 00:00:00","X","","1","1","0","0","1","","","","","","","","",""
"50801","60443","1","2025","Normal","City","Modern day","Formula 1","F1 Pit Stop & Pit Crew with Ferrari Car","X","60443-1","29.99","24.99","39.99","29.99","07/12/2024 00:00:00","04/05/2026 00:00:00","322","5","cty1863,cty1864,cty1865,cty1866,cty1867,","Box","Retail","6526269","6526268","5702017812496","673419403467","35.4","19.1","5.9","","14","8","5","","","2097","685","4","6","X","0","18.4500","15.6800","","01/01/2025 00:00:00","31/12/2027 00:00:00","X","","1","1","0","0","1","","","","","","","","",""
"50802","60444","1","2025","Normal","City","Modern day","Formula 1","F1 Garage & Mercedes-AMG & Alpine Cars","X","60444-1","79.99","69.99","99.99","79.99","07/12/2024 00:00:00","28/11/2025 00:00:00","678","6","cty1831,cty1832,cty1833,cty1834,cty1835,cty1836,","Box","Retail","6526271","6526270","5702017812502","673419403474","45.6","28.2","7.2","1.312","46","17","7","7","","1096","621","6","6","X","0","58.2900","","","01/01/2025 00:00:00","31/12/2025 00:00:00","X","","1","1","0","0","1","","","","","","","","",""
"50803","60445","1","2025","Normal","City","Modern day","Formula 1","F1 Truck with RB20 & AMR24 F1 Cars","X","60445-1","99.99","89.99","129.99","99.99","07/12/2024 00:00:00","04/05/2026 00:00:00","1086","5","cty1837,cty1838,cty1839,cty1840,cty1841,","Box","Retail","6526273","6526272","5702017812519","673419403481","54","28.2","7.9","1.766","44","9","7","8","","1378","922","6","7","X","0","69.7400","","Robert Heim,","01/01/2025 00:00:00","31/12/2026 00:00:00","X","","1","1","0","0","1","","","","","","","","",""
"50910","60446","1","2025","Normal","City","Modern day","Space","Galactic Spaceship","X","60446-1","79.99","69.99","99.99","79.99","12/12/2024 00:00:00","12/12/2025 00:00:00","717","5","cty1764,cty1827,cty1828,cty1829,cty1830,","Box","Retail","6526275","6526274","5702017812526","673419403498","45.6","28.2","6.1","1.043","39","29","6","7","","1501","1169","6","5","X","10","77.9400","40.0000","","01/01/2025 00:00:00","31/12/2025 00:00:00","X","","1","1","0","0","1","","","","","","","","",""
"50795","60447","1","2025","Normal","City","Modern day","Great Vehicles","Off-Road Mountain Truck","X","60447-1","19.99","17.99","24.99","19.99","12/12/2024 00:00:00","04/05/2026 00:00:00","221","1","cty1876,","Box","Retail","6526277","6526276","5702017812533","673419403504","20.5","19.1","6.1","0.341","13","7","6","6","","2893","1093","2","10","X","0","12.1000","6.0000","Andrew Dillon,","01/01/2025 00:00:00","31/12/2026 00:00:00","X","","1","1","0","0","1","","","","","","","","",""
"50796","60448","1","2025","Normal","City","Modern day","Traffic","Sports Car","X","60448-1","9.99","8.99","12.99","9.99","12/12/2024 00:00:00","08/11/2025 00:00:00","109","1","cty1852,","Box","Retail","6526279","6526278","5702017812403","673419403511","14.1","12.2","6.1","0.181","13","4","5","5","","2294","545","2","10","X","5","8.6100","6.5800","Corvin Stichert,","01/01/2025 00:00:00","31/12/2025 00:00:00","X","","1","1","0","0","1","","","","","","","","",""
"50640","60449","1","2025","Normal","City","Modern day","Police","Off-Road Police Car Chase","X","60449-1","39.99","34.99","49.99","39.99","31/01/2025 00:00:00","01/01/2026 00:00:00","467","4","cty1887,cty1888,cty1889,cty1890,","Box","Retail","6529389","6529388","5702017824543","673419407571","28.2","26.2","7.6","0.746","14","8","8","6","","305","383","6","5","X","0","31.1900","14.0000","","01/03/2025 00:00:00","31/12/2025 00:00:00","X","","1","1","0","0","1","","","","","","","","",""
"50641","60450","1","2025","Normal","City","Modern day","Construction","Wheel Loader","X","60450-1","14.99","12.99","17.99","14.99","12/12/2024 00:00:00","28/11/2025 00:00:00","81","2","cty1854,cty1855,","Box","Retail","6518567","6518566","5702017784687","673419402279","19.1","14.1","6.1","","16","8","6","4","","1318","617","2","6","X","0","14.1600","8.9900","","01/01/2025 00:00:00","31/12/2025 00:00:00","X","","1","1","0","0","1","","","","","","","","",""
"50797","60451","1","2025","Normal","City","Modern day","Great Vehicles","Emergency Ambulance","X","60451-1","19.99","17.99","24.99","19.99","12/12/2024 00:00:00","04/05/2026 00:00:00","184","2","cty1877,cty1878,","Box","Retail","6526281","6526280","5702017812410","673419403528","26.2","19.1","6.1","0.41","14","7","6","5","","1653","780","4","10","X","0","20.7300","11.4800","Rik Pauwels,","01/01/2025 00:00:00","31/12/2027 00:00:00","X","","1","1","0","0","1","","","","","","","","",""
"50854","60452","1","2025","Normal","City","Modern day","Great Vehicles","Donut Truck","X","60452-1","19.99","17.99","24.99","19.99","12/12/2024 00:00:00","04/05/2026 00:00:00","196","2","cty1860,cty1861,","Box","Retail","6526283","6526282","5702017812427","673419403535","26.2","19.1","6.1","0.455","12","13","6","5","","4627","1141","4","9","X","3","15.4000","10.2200","Robert Heim,","01/01/2025 00:00:00","31/07/2026 00:00:00","X","","1","1","0","0","1","","","","","","","","",""
"50798","60453","1","2025","Normal","City","Modern day","Great Vehicles","Lifeguard Truck","X","60453-1","24.99","19.99","29.99","24.99","12/12/2024 00:00:00","09/01/2026 00:00:00","214","2","cty1874,cty1875,","Box","Retail","6526285","6526284","5702017812434","673419403542","26.2","19.1","6.1","0.399","15","7","7","6","","1911","878","2","9","X","5","17.6800","8.0000","Andrew Dillon,","01/01/2025 00:00:00","31/12/2025 00:00:00","X","","1","1","0","0","1","","","","","","","","",""
"50855","60454","1","2025","Normal","City","Modern day","Great Vehicles","Holiday Camper Van","X","60454-1","29.99","24.99","39.99","29.99","12/12/2024 00:00:00","04/05/2026 00:00:00","385","3","cty1879,cty1880,njo0446,","Box","Retail","6526287","6526286","5702017812441","673419403559","26.2","22.2","7.6","0.602","18","8","7","6","","3295","1323","2","10","X","14","20.2200","10.9000","Corvin Stichert,","01/01/2025 00:00:00","31/12/2027 00:00:00","X","","1","1","0","0","1","","","","","","","","",""
"50978","60455","1","2025","Normal","City","Modern day","Police","Police Motorcycle","X","60455-1","9.99","8.99","12.99","9.99","03/05/2025 00:00:00","04/05/2026 00:00:00","65","2","cty1900,cty1901,","Box","Retail","6526289","6526288","5702017812458","673419403566","14.1","12.2","6.1","0.158","4","9","4","4","","784","227","4","7","X","0","7.4000","","","01/06/2025 00:00:00","31/12/2027 00:00:00","X","","1","1","0","0","1","","","","","","","","",""
"50979","60456","1","2025","Normal","City","Modern day","Police","Police Boat","X","60456-1","34.99","24.99","39.99","29.99","03/05/2025 00:00:00","04/05/2026 00:00:00","264","3","cty1701,cty1922,cty1923,","Box","Retail","6526291","6526290","5702017812465","673419403573","35.4","19.1","9.1","0.626","11","31","8","6","","797","553","4","9","X","0","23.5900","25.0000","Rik Pauwels,","01/06/2025 00:00:00","31/12/2027 00:00:00","X","","1","1","0","0","1","","","","","","","","",""
"50980","60457","1","2025","Normal","City","Modern day","Police","Custom Police Garage","X","60457-1","54.99","44.99","64.99","49.99","03/05/2025 00:00:00","04/05/2026 00:00:00","489","4","cty1705,cty1912,cty1913,cty1914,","Box","Retail","6526293","6526292","5702017812571","673419403580","38.2","26.2","7.1","0.833","11","42","21","6","","221","407","8","9","X","0","","","","01/06/2025 00:00:00","31/12/2026 00:00:00","X","","1","1","0","0","1","","","","","","","","",""
"50856","60458","1","2025","Normal","City","Modern day","Soapbox Racing","Pizza vs. Fire Truck Race Car Pack","X","60458-1","9.99","8.99","12.99","9.99","12/12/2024 00:00:00","17/10/2025 00:00:00","70","2","cty1842,cty1843,","Box","Retail","6526295","6526294","5702017812588","673419403597","14.1","12.2","4.6","0.12","5","9","4","5","","2864","494","4","6","X","0","7.8800","6.0000","Rik Pauwels,","01/01/2025 00:00:00","31/12/2025 00:00:00","X","","1","1","0","0","1","","","","","","","","",""
"50857","60459","1","2025","Normal","City","Modern day","Soapbox Racing","Airplane vs. Hospital Bed Race Car Pack","X","60459-1","9.99","8.99","12.99","9.99","12/12/2024 00:00:00","14/12/2025 00:00:00","70","2","cty1844,cty1845,","Box","Retail","6526297","6526296","5702017812595","673419403436","14.1","12.2","4.6","0.121","3","6","4","5","","3448","583","4","5","X","5","9.9800","7.1000","Rik Pauwels,","01/01/2025 00:00:00","31/12/2025 00:00:00","X","","1","1","0","0","1","","","","","","","","",""
"50858","60460","1","2025","Normal","City","Modern day","Soapbox Racing","No Limits: Race Car Ramp Track","X","60460-1","49.99","44.99","64.99","49.99","12/12/2024 00:00:00","02/12/2025 00:00:00","436","4","cty1868,cty1869,cty1870,cty1871,","Box","Retail","6526299","6526298","5702017812601","673419403443","38.2","26.2","7.1","0.928","22","33","14","6","","1585","744","4","9","X","0","42.9900","","Rik Pauwels,","01/01/2025 00:00:00","31/12/2025 00:00:00","X","","1","1","0","0","1","","","","","","","","",""
"50859","60461","1","2025","Normal","City","Modern day","Great Vehicles","Tractor with Trailer","X","60461-1","19.99","17.99","24.99","19.99","12/12/2024 00:00:00","04/11/2025 00:00:00","116","2","cty1850,cty1851,","Box","Retail","6526301","6526300","5702017812618","673419403658","20.5","19.1","4.6","0.259","5","9","6","4","","2513","1045","4","7","X","5","19.0500","13.0000","","01/01/2025 00:00:00","31/12/2025 00:00:00","X","","1","1","0","0","1","","","","","","","","",""
"50860","60462","1","2025","Normal","City","Modern day","Mix & Match","Helicopter, Fire Truck & Submarine Remix","X","60462-1","59.99","54.99","79.99","59.99","12/12/2024 00:00:00","04/05/2026 00:00:00","874","3","cty1873,cty1885,cty1886,","Box","Retail","6526303","6526302","5702017812625","673419403665","38.2","26.2","9.4","1.083","10","25","23","7","","457","416","6","10","X","0","42.9600","21.6700","David Tauzia,","01/01/2025 00:00:00","31/07/2026 00:00:00","X","","1","1","0","0","1","","","","","","","","",""
"50642","60463","1","2025","Normal","City","Modern day","Fire","Fire Truck","X","60463-1","19.99","17.99","24.99","19.99","12/12/2024 00:00:00","04/05/2026 00:00:00","82","2","cty1883,cty1884,","Box","Retail","6518569","6518568","5702017784694","673419402286","26.2","19.1","4.6","","24","8","7","4","","354","186","2","6","X","0","13.9500","","","01/01/2025 00:00:00","31/12/2026 00:00:00","X","","1","1","0","0","1","","","","","","","","",""
"50804","60464","1","2025","Normal","City","Modern day","Formula 1","F1 Williams Racing & Haas F1 Race Cars","X","60464-1","19.99","17.99","24.99","19.99","07/12/2024 00:00:00","04/05/2026 00:00:00","92","2","cty1847,cty1848,","Box","Retail","6526305","6526304","5702017812632","673419403672","19.1","14.1","4.6","","11","3","5","4","","1037","436","4","4","X","0","11.0800","","","01/01/2025 00:00:00","31/12/2026 00:00:00","X","","1","1","0","0","1","","","","","","","","",""
"50981","60465","1","2025","Normal","City","Modern day","Medical","Air Ambulance","X","60465-1","54.99","44.99","64.99","49.99","03/05/2025 00:00:00","04/05/2026 00:00:00","403","4","cty1915,cty1916,cty1917,cty1918,","Box","Retail","6526307","6526306","5702017812649","673419403689","38.2","26.2","7.1","0.808","12","36","37","6","","703","588","4","9","X","5","49.4900","","Rik Pauwels,","01/06/2025 00:00:00","31/12/2026 00:00:00","X","","1","1","0","0","1","","","","","","","","",""
"50982","60466","1","2025","Normal","City","Modern day","Construction","Bulldozer","X","60466-1","64.99","54.99","79.99","59.99","03/05/2025 00:00:00","04/05/2026 00:00:00","682","3","cty1906,cty1909,cty1910,","Box","Retail","6526309","6526308","5702017812656","673419403696","38.2","26.2","7.1","0.963","12","24","13","8","","1934","1394","2","9","X","5","51.8100","40.6400","Robert Heim,","01/06/2025 00:00:00","31/12/2026 00:00:00","X","","1","1","0","0","1","","","","","","","","",""
"50983","60467","1","2025","Normal","City","Modern day","Great Vehicles","Tow Truck","X","60467-1","89.99","74.99","99.99","79.99","03/05/2025 00:00:00","04/05/2026 00:00:00","793","3","cty1919,cty1920,cty1921,","Box","Retail","6526311","6526310","5702017812663","673419403702","45.6","28.2","7.2","1.234","28","9","6","8","","1024","1315","4","10","X","0","67.7800","54.8300","Robert Heim,","01/06/2025 00:00:00","31/07/2026 00:00:00","X","","1","1","0","0","1","","","","","","","","",""
"50984","60469","1","2025","Normal","City","Modern day","Trains","Central Train Station","X","60469-1","99.99","79.99","119.99","89.99","03/05/2025 00:00:00","04/05/2026 00:00:00","752","7","cty1924,cty1925,cty1926,cty1927,cty1928,cty1929,njo0446,","Box","Retail","6527866","6527865","5702017822181","673419407069","37.8","35.4","9.4","1.75","33","44","30","7","","1137","1052","7","9","X","2","66.2500","65.5800","Andrew Dillon,","01/06/2025 00:00:00","31/12/2026 00:00:00","X","","1","1","0","0","1","","","","","","","","",""
"50985","60470","1","2025","Normal","City","Modern day","Exploration","Explorer Train","X","60470-1","209.99","179.99","259.99","199.99","03/05/2025 00:00:00","04/05/2026 00:00:00","1517","6","cty1658,cty1894,cty1896,cty1897,cty1898,cty1899,","Box","Retail","6527868","6527867","5702017822198","673419407076","55.5","37.8","13.2","3.833","70","8","6","7","","1054","1388","12","10","X","9","168.2300","157.0500","Corvin Stichert,","01/06/2025 00:00:00","31/12/2027 00:00:00","X","","1","1","0","0","1","","","","","","","","",""
"50986","60471","1","2025","Normal","City","Modern day","Exploration","Arctic Truck","X","60471-1","119.99","99.99","139.99","109.99","03/05/2025 00:00:00","04/05/2026 00:00:00","1057","5","cty1611,cty1658,cty1893,cty1894,cty1895,","Box","Retail","6526313","6526312","5702017812670","673419403719","54","28.2","9.1","1.859","17","38","12","8","","793","1263","6","9","X","10","82.4000","56.3600","","01/06/2025 00:00:00","31/12/2026 00:00:00","X","","1","1","0","0","1","","","","","","","","",""
"50799","60472","1","2025","Normal","City","Modern day","Town","Scrapyard","X","60472-1","79.99","69.99","99.99","79.99","12/12/2024 00:00:00","10/11/2025 00:00:00","871","4","cty1856,cty1857,cty1858,cty1859,","Box","Retail","6526889","6526888","5702017815121","673419404303","54","28.2","7.9","1.597","22","37","28","7","","981","944","10","6","X","0","67.0600","51.9900","David Tauzia,","01/01/2025 00:00:00","31/12/2025 00:00:00","X","","1","1","0","0","1","","","","","","","","",""
"51230","60473","1","2025","Normal","City","Modern day","General","The City Tower","X","60473-1","209.99","179.99","259.99","199.99","18/05/2025 00:00:00","04/05/2026 00:00:00","1941","7","cty1902,cty1903,cty1904,cty1905,cty1906,cty1907,cty1908,","Box","LEGO exclusive","6529116","6529115","5702017824321","673419407427","52.3","48","9.1","3.379","49","48","44","8","","302","675","16","14","X","0","230.0800","179.9900","David Tauzia,","01/06/2025 00:00:00","31/07/2026 00:00:00","X","","1","1","0","0","1","","","","","","","","",""
"50805","60474","1","2025","Normal","City","Modern day","Formula 1","F1 Grid with VCARB & Sauber Race Cars","X","60474-1","29.99","24.99","39.99","29.99","09/01/2025 00:00:00","21/12/2025 00:00:00","313","3","cty1871,cty1881,cty1882,","Box","Retail","6535646","6535645","5702017864440","673419409704","35.4","19.1","5.9","0.491","14","3","5","6","","753","518","6","5","X","0","34.4300","29.2300","","01/03/2025 00:00:00","31/12/2025 00:00:00","X","","1","1","0","0","1","","","","","","","","",""
"50987","60475","1","2025","Normal","City","Modern day","Seasonal","LEGO City Advent Calendar 2025","X","60475-1","34.99","19.99","39.99","26.99","11/07/2025 00:00:00","13/02/2026 00:00:00","186","8","cty1764,cty1930,cty1931,cty1932,cty1933,cty1934,hol362,hol376,","Box","Retail","6526315","6526314","5702017812687","673419403412","38.2","25.8","6.8","0.354","","","","5","","2740","426","1","11","X","3","29.6600","","Rik Pauwels,","01/09/2025 00:00:00","31/12/2025 00:00:00","X","","1","1","0","0","1","","","","","","","","",""
"51615","66803","1","2025","Collection","City","Modern day","Product Collection","Built For Speed Gift Set","X","66803-1","24.99","","","","","","348","","","Box","Retail - limited","6578572","","","","29.4","26.9","7","","","","","5","","90","42","0","0","X","0","","","","01/08/2025 00:00:00","31/12/2025 00:00:00","X","","1","1","0","0","1","","","","","","","","",""
"50937","952501","1","2025","Other","City","Modern day","Magazine Gift","Police Chase","X","952501-1","","","","","","","19","2","cty1699,cty1826,","Paper bag","Magazine gift","","","","","","","","","","","","5","","220","142","0","0","X","0","4.7700","","Rik Pauwels,","","","X","","1","1","0","0","1","","","","","","","","",""
"51185","952502","1","2025","Other","City","Modern day","Magazine Gift","Construction Worker with Rotary Cutter","X","952502-1","","","","","","","28","1","cty1862,","Paper bag","Magazine gift","","","","","","","","","","","","","","261","159","0","0","X","0","3.7600","","Rik Pauwels,","","","X","","1","1","0","0","1","","","","","","","","",""
"51239","952503","1","2025","Other","City","Modern day","Magazine Gift","Diver with Robot and Shark","X","952503-1","","","","","","","20","1","cty1872,","Paper bag","Magazine gift","","","","","12","15","2.6","0.021","","","","6","","275","150","0","0","X","0","4.7500","","Rik Pauwels,","","","X","","1","1","0","0","1","","","","","","","","",""
"51269","952504","1","2025","Other","City","Modern day","Magazine Gift","Astronaut with Space Hoverbike","X","952504-1","","","","","","","32","1","cty1758,","Paper bag","Magazine gift","","","","","","","","","","","","6","","310","271","0","0","X","0","3.9000","","Rik Pauwels,","","","X","","1","1","0","0","1","","","","","","","","",""
"51403","952505","1","2025","Other","City","Modern day","Magazine Gift","Fireman with Water Scooter","X","952505-1","","","","","","","27","1","cty1891,","Paper bag","Magazine gift","","","","","","","","","","","","6","","154","91","0","0","X","0","2.4700","","Rik Pauwels,","","","X","","1","1","0","0","1","","","","","","","","",""
"51450","952506","1","2025","Other","City","Modern day","Magazine Gift","Firefighter with Bulldozer","X","952506-1","","","","","","","32","1","cty1892,","Paper bag","Magazine gift","","","","","","","","","","","","6","","192","84","0","0","X","0","2.8000","","Rik Pauwels,","","","X","","1","1","0","0","1","","","","","","","","",""
"51558","952507","1","2025","Other","City","Modern day","Magazine Gift","Police Officer with Jet Pack","X","952507-1","","","","","","","16","1","cty1911,","Paper bag","Magazine gift","","","","","","","","","","","","6","","179","75","0","0","X","0","3.2200","","Rik Pauwels,","","","X","","1","1","0","0","1","","","","","","","","",""
"51645","952508","1","2025","Other","City","Modern day","Magazine Gift","Air boat","X","952508-1","","","","","","","21","1","cty1778,","Paper bag","Magazine gift","","","","","","","","","","","","","","187","92","0","0","X","0","4.7900","","Rik Pauwels,","","","X","","1","1","0","0","1","","","","","","","","",""
"52028","952509","1","2025","Other","City","Modern day","Magazine Gift","Tractor","X","952509-1","","","","","","","30","1","cty1935,","Paper bag","Magazine gift","","","","","","","","","","","","6","","222","116","0","0","X","0","4.6100","","Rik Pauwels,","","","X","","1","1","0","0","1","","","","","","","","",""
"52157","952510","1","2025","Other","City","Modern day","Magazine Gift","Construction Worker with Vibration Plate","X","952510-1","","","","","","","26","1","cty1936,","Paper bag","Magazine gift","","","","","","","","","","","","6","","199","110","0","0","X","0","3.1300","","Rik Pauwels,","","","","","0","0","0","0","0","","","","","","","","",""
"52290","952511","1","2025","Other","City","Modern day","Magazine Gift","Astronaut with Alien and Crystal","X","952511-1","","","","","","","20","2","cty1727,cty1937,","Paper bag","Magazine gift","","","","","12","15","2","","","","","6","","216","148","0","0","X","0","4.9000","","Rik Pauwels,","","","X","","1","1","0","0","1","","","","","","","","",""
"52361","952512","1","2025","Other","City","Modern day","Magazine Gift","Snowmobile","X","952512-1","","","","","","","23","1","cty1938,","Paper bag","Magazine gift","","","","","","","","","","","","6","","115","84","0","0","X","0","4.3900","","Rik Pauwels,","","","","","0","0","0","0","0","","","","","","","","",""
"51470","6557633","1","2025","Extended","City","Modern day","Promotional","Soap Box Racer","X","6557633-1","","","","","","","39","","","None (loose parts)","Not sold","","","","","","","","","","","","6","","41","66","0","1","X","0","","","","","","X","","1","1","0","0","1","","","","","","","","",""
"50970","6562113","1","2025","Extended","City","Modern day","Promotional","Soap Box Racer M&T","X","LBR2502-1","","","","","","","39","1","tls124,","None (loose parts)","Promotional","","","","","","","","","","","","6","","320","366","0","2","X","0","16.5400","","","","","X","","1","1","0","0","1","","","","","","","","",""
"50643","11039","1","2025","Normal","Classic","Basic","Creative","Creative Food Friends","X","11039-1","9.99","8.99","12.99","9.99","12/12/2024 00:00:00","04/05/2026 00:00:00","150","","","Box","Retail","6526075","6526074","5702017822204","673419407083","15.7","14.1","6.1","","6","4","1","4","","538","119","2","11","X","0","9.4400","","","01/01/2025 00:00:00","31/12/2027 00:00:00","X","","1","1","0","0","1","","","","","","","","",""
"50644","11040","1","2025","Normal","Classic","Basic","Bricks","Magical Transparent Box","X","11040-1","24.99","17.99","29.99","19.99","12/12/2024 00:00:00","04/05/2026 00:00:00","340","","","Box","Retail","6526077","6526076","5702017822211","673419407090","26.2","19.1","6.1","","8","8","6","5","","781","305","2","6","X","0","15.5500","","","01/03/2025 00:00:00","31/12/2026 00:00:00","X","","1","1","0","0","1","","","","","","","","",""
"50901","11041","1","2025","Normal","Classic","Basic","Creative","Creative Dinosaurs","X","11041-1","34.99","29.99","44.99","34.99","12/12/2024 00:00:00","04/05/2026 00:00:00","450","","","Box","Retail","6526079","6526078","5702017822228","673419407106","28.2","26.2","7.6","","","","","5","","204","140","2","11","X","0","18.5100","","","01/01/2025 00:00:00","31/12/2028 00:00:00","X","","1","1","0","0","1","","","","","","","","",""
"50645","11042","1","2025","Normal","Classic","Basic","Creative","Creative Happy Box","X","11042-1","39.99","34.99","49.99","39.99","12/12/2024 00:00:00","29/11/2025 00:00:00","680","","","Box","Retail","6526081","6526080","5702017822235","673419407113","38.2","26.2","7.1","","11","7","8","5","","148","81","4","17","X","0","25.7800","","","01/01/2025 00:00:00","31/12/2025 00:00:00","X","","1","1","0","0","1","","","","","","","","",""
"51182","11043","1","2025","Normal","Classic","Basic","Creative Box","Cool Creative Box","X","11043-1","29.99","24.99","39.99","29.99","02/02/2025 00:00:00","04/05/2026 00:00:00","510","","","Box","Retail","6529397","6529396","5702017824857","673419407649","28.2","26.2","7.6","","10","9","8","5","","99","95","2","13","X","0","27.3000","","","01/03/2025 00:00:00","31/07/2026 00:00:00","X","","1","1","0","0","1","","","","","","","","",""
"51160","11044","1","2025","Normal","Classic","Basic","Creative Box","Creative Build-and-Play Box","X","11044-1","49.99","44.99","64.99","49.99","31/01/2025 00:00:00","04/05/2026 00:00:00","750","","","Box","Retail","6529399","6529398","5702017824864","673419407656","38.2","26.2","9.4","","11","8","9","5","","83","103","4","4","X","0","","","","01/03/2025 00:00:00","31/07/2026 00:00:00","X","","1","1","0","0","1","","","","","","","","",""
"50896","66795","1","2025","Random","Collectable Minifigures","Miscellaneous","Series 27","LEGO Minifigures - Series 27 {Box of 6 random packs}","X","66795-1","29.94","","35.94","","03/12/2024 00:00:00","01/04/2025 00:00:00","","","","Box","LEGO exclusive","6529139","","","673419407250","15.7","8.8","9.7","","","","","5","","148","81","0","5","X","0","","","","01/01/2025 00:00:00","30/04/2025 00:00:00","X","","1","1","0","0","1","","","","","","","","",""
"51354","66796","1","2025","Random","Collectable Minifigures","Miscellaneous","Formula 1 Series","LEGO Collectables - F1 Race Cars {Box of 6 random packs}","X","66796-1","29.94","","35.94","","01/05/2025 00:00:00","22/01/2026 00:00:00","","","","Box","LEGO exclusive","6529141","","","673419407021","15.7","8.8","9.7","","","","","5","","203","72","0","7","X","0","23.9900","","","01/05/2025 00:00:00","31/08/2025 00:00:00","X","","1","1","0","0","1","","","","","","","","",""
"51618","66797","1","2025","Random","Collectable Minifigures","Miscellaneous","Spider-Man: Across the Spider-Verse Series","LEGO Minifigures - Spider-Man: Across the Spider-Verse Series {Box of 6 random packs}","X","66797-1","29.94","","35.94","","02/08/2025 00:00:00","04/11/2025 00:00:00","","","","Box","LEGO exclusive","6529145","","","673419407038","15.7","8.8","9.7","","","","","5","","138","94","0","7","X","0","35.1900","","","01/09/2025 00:00:00","31/12/2025 00:00:00","X","","1","1","0","0","1","","","","","","","","",""
"50772","71048","0","2025","Random","Collectable Minifigures","Miscellaneous","Series 27","LEGO Minifigures - Series 27 {Random pack}","X","71048-0","4.99","3.49","5.99","3.99","03/12/2024 00:00:00","15/07/2025 00:00:00","","","","Box","Retail","6518572","6518571","5702017784786","673419402293","9.4","10.6","2.8","","","","","5","","533","116","0","0","X","0","","","","01/01/2025 00:00:00","30/04/2025 00:00:00","X","","1","1","0","0","1","","","","","","","","",""
"50779","71048","1","2025","Normal","Collectable Minifigures","Miscellaneous","Series 27","Hamster Costume Fan","X","71048-1","4.99","3.49","","3.99","","","6","1","col449,","Box","Retail","6518572","6518571","","","9.4","10.6","2.8","","","","","5","","4344","380","2","0","X","0","4.0300","","","01/01/2025 00:00:00","30/04/2025 00:00:00","X","","1","1","0","0","1","","","","","","","","",""
"50780","71048","2","2025","Normal","Collectable Minifigures","Miscellaneous","Series 27","Wolfpack Beastmaster","X","71048-2","4.99","3.49","","3.99","","","9","1","col450,","Box","Retail","6518572","6518571","","","9.4","10.6","2.8","","","","","5","","5994","1244","0","2","X","5","50.4100","39.5000","","01/01/2025 00:00:00","30/04/2025 00:00:00","X","","1","1","0","0","1","","","","","","","","",""
"50781","71048","3","2025","Normal","Collectable Minifigures","Miscellaneous","Series 27","Jetpack Racer","X","71048-3","4.99","3.49","","3.99","","","10","1","col451,","Box","Retail","6518572","6518571","","","9.4","10.6","2.8","","","","","5","","4885","515","0","0","X","0","106.2000","","","01/01/2025 00:00:00","30/04/2025 00:00:00","X","","1","1","0","0","1","","","","","","","","",""
"50782","71048","4","2025","Normal","Collectable Minifigures","Miscellaneous","Series 27","Astronomer Kid","X","71048-4","4.99","3.49","","3.99","","","15","1","col452,","Box","Retail","6518572","6518571","","","9.4","10.6","2.8","","","","","5","","4296","396","0","0","X","4","65.5200","","","01/01/2025 00:00:00","30/04/2025 00:00:00","X","","1","1","0","0","1","","","","","","","","",""
"50783","71048","5","2025","Normal","Collectable Minifigures","Miscellaneous","Series 27","Plush Toy Collector","X","71048-5","4.99","3.49","","3.99","","","7","1","col453,","Box","Retail","6518572","6518571","","","9.4","10.6","2.8","","","","","5","","4489","390","0","0","X","0","","","","01/01/2025 00:00:00","30/04/2025 00:00:00","X","","1","1","0","0","1","","","","","","","","",""
"50784","71048","6","2025","Normal","Collectable Minifigures","Miscellaneous","Series 27","Pterodactyl Costume Fan","X","71048-6","4.99","3.49","","3.99","","","5","1","col454,","Box","Retail","6518572","6518571","","","9.4","10.6","2.8","","","","","5","","4624","416","0","0","X","0","","","","01/01/2025 00:00:00","30/04/2025 00:00:00","X","","1","1","0","0","1","","","","","","","","",""
"50785","71048","7","2025","Normal","Collectable Minifigures","Miscellaneous","Series 27","Longboarder","X","71048-7","4.99","3.49","","3.99","","","9","1","col455,","Box","Retail","6518572","6518571","","","9.4","10.6","2.8","","","","","5","","4065","348","0","0","X","0","","","","01/01/2025 00:00:00","30/04/2025 00:00:00","X","","1","1","0","0","1","","","","","","","","",""
"50786","71048","8","2025","Normal","Collectable Minifigures","Miscellaneous","Series 27","Bogeyman","X","71048-8","4.99","3.49","","3.99","","","9","1","col456,","Box","Retail","6518572","6518571","","","9.4","10.6","2.8","","","","","5","","5070","486","0","0","X","0","","","","01/01/2025 00:00:00","30/04/2025 00:00:00","X","","1","1","0","0","1","","","","","","","","",""
"50787","71048","9","2025","Normal","Collectable Minifigures","Miscellaneous","Series 27","Cupid","X","71048-9","4.99","3.49","","3.99","","","9","1","col457,","Box","Retail","6518572","6518571","","","9.4","10.6","2.8","","","","","5","","4463","356","0","0","X","2","","","","01/01/2025 00:00:00","30/04/2025 00:00:00","X","","1","1","0","0","1","","","","","","","","",""
"50788","71048","10","2025","Normal","Collectable Minifigures","Miscellaneous","Series 27","Pirate Quartermaster","X","71048-10","4.99","3.49","","3.99","","","8","1","col458,","Box","Retail","6518572","6518571","","","9.4","10.6","2.8","","","","","5","","5755","645","0","0","X","0","","","","01/01/2025 00:00:00","30/04/2025 00:00:00","X","","1","1","0","0","1","","","","","","","","",""
"50789","71048","11","2025","Normal","Collectable Minifigures","Miscellaneous","Series 27","Cat Lover","X","71048-11","4.99","3.49","","3.99","","","7","1","col459,","Box","Retail","6518572","6518571","","","9.4","10.6","2.8","","","","","5","","4758","500","0","0","X","0","","","","01/01/2025 00:00:00","30/04/2025 00:00:00","X","","1","1","0","0","1","","","","","","","","",""
"50790","71048","12","2025","Normal","Collectable Minifigures","Miscellaneous","Series 27","Steampunk Inventor","X","71048-12","4.99","3.49","","3.99","","","10","1","col460,","Box","Retail","6518572","6518571","","","9.4","10.6","2.8","","","","","5","","5551","601","0","0","X","0","","","","01/01/2025 00:00:00","30/04/2025 00:00:00","X","","1","1","0","0","1","","","","","","","","",""
"50791","71048","13","2025","Collection","Collectable Minifigures","Miscellaneous","Series 27","LEGO Minifigures - Series 27 - Complete","X","71048-13","","","","","","","104","12","col449,col450,col451,col452,col453,col454,col455,col456,col457,col458,col459,col460,","{Not specified}","Retail","6518572","6518571","","","9.4","10.6","2.8","","","","","5","","2254","305","0","0","X","4","","","Esa Nousiainen,","01/01/2025 00:00:00","30/04/2025 00:00:00","X","","1","1","0","0","1","","","","","","","","",""
"50792","71048","14","2025","Collection","Collectable Minifigures","Miscellaneous","Series 27","LEGO Minifigures - Series 27 - Sealed Box","X","71048-14","","","","","","","","","","Box","{Not specified}","6518572","6518571","","","9.4","10.6","2.8","","","","","5","","300","71","0","0","X","0","","","","01/01/2025 00:00:00","30/04/2025 00:00:00","X","","1","1","0","0","1","","","","","","","","",""
"50773","71049","0","2025","Random","Collectable Minifigures","Miscellaneous","Formula 1 Series","LEGO Collectables - F1 Race Cars {Random pack}","X","71049-0","4.99","3.49","5.99","3.99","09/01/2025 00:00:00","05/02/2026 00:00:00","29","","","Box","Retail","6526892","6526890","5702017816623","673419405782","9.4","10.6","2.8","","","","","","","638","197","0","0","X","9","","","","01/05/2025 00:00:00","31/08/2025 00:00:00","X","","1","1","0","0","1","","","","","","","","",""
"50806","71049","1","2025","Normal","Collectable Minifigures","Miscellaneous","Formula 1 Series","Red Bull","X","71049-1","3.99","3.49","","3.99","","","29","","","Box","Retail","6526892","6526890","","","9.4","10.6","2.8","","","","","","","2151","152","2","0","X","0","4.2900","","","01/05/2025 00:00:00","31/08/2025 00:00:00","X","","1","1","0","0","1","","","","","","","","",""
"50807","71049","2","2025","Normal","Collectable Minifigures","Miscellaneous","Formula 1 Series","Mercedes","X","71049-2","3.99","3.49","","3.99","","","29","","","Box","Retail","6526892","6526890","","","9.4","10.6","2.8","","","","","","","2039","154","0","0","X","0","42.9500","49.6200","","01/05/2025 00:00:00","31/08/2025 00:00:00","X","","1","1","0","0","1","","","","","","","","",""
"50808","71049","3","2025","Normal","Collectable Minifigures","Miscellaneous","Formula 1 Series","Ferrari","X","71049-3","3.99","3.49","","3.99","","","29","","","Box","Retail","6526892","6526890","","","9.4","10.6","2.8","","","","","","","2311","185","0","0","X","0","106.4500","","","01/05/2025 00:00:00","31/08/2025 00:00:00","X","","1","1","0","0","1","","","","","","","","",""
"50809","71049","4","2025","Normal","Collectable Minifigures","Miscellaneous","Formula 1 Series","McLaren","X","71049-4","3.99","3.49","","3.99","","","29","","","Box","Retail","6526892","6526890","","","9.4","10.6","2.8","","","","","","","2055","164","0","0","X","0","58.3300","","","01/05/2025 00:00:00","31/08/2025 00:00:00","X","","1","1","0","0","1","","","","","","","","",""
"50810","71049","5","2025","Normal","Collectable Minifigures","Miscellaneous","Formula 1 Series","Aston Martin","X","71049-5","3.99","3.49","","3.99","","","29","","","Box","Retail","6526892","6526890","","","9.4","10.6","2.8","","","","","","","1952","151","0","0","X","0","","","","01/05/2025 00:00:00","31/08/2025 00:00:00","X","","1","1","0","0","1","","","","","","","","",""
"50811","71049","6","2025","Normal","Collectable Minifigures","Miscellaneous","Formula 1 Series","Alpine","X","71049-6","3.99","3.49","","3.99","","","29","","","Box","Retail","6526892","6526890","","","9.4","10.6","2.8","","","","","","","1932","139","0","0","X","0","","","","01/05/2025 00:00:00","31/08/2025 00:00:00","X","","1","1","0","0","1","","","","","","","","",""
"50812","71049","7","2025","Normal","Collectable Minifigures","Miscellaneous","Formula 1 Series","Williams","X","71049-7","3.99","3.49","","3.99","","","29","","","Box","Retail","6526892","6526890","","","9.4","10.6","2.8","","","","","","","1892","152","0","0","X","0","","","","01/05/2025 00:00:00","31/08/2025 00:00:00","X","","1","1","0","0","1","","","","","","","","",""
"50813","71049","8","2025","Normal","Collectable Minifigures","Miscellaneous","Formula 1 Series","Visa Cash App","X","71049-8","3.99","3.49","","3.99","","","29","","","Box","Retail","6526892","6526890","","","9.4","10.6","2.8","","","","","","","1801","147","0","0","X","0","","","","01/05/2025 00:00:00","31/08/2025 00:00:00","X","","1","1","0","0","1","","","","","","","","",""
"50814","71049","9","2025","Normal","Collectable Minifigures","Miscellaneous","Formula 1 Series","Sauber","X","71049-9","3.99","3.49","","3.99","","","29","","","Box","Retail","6526892","6526890","","","9.4","10.6","2.8","","","","","","","1872","147","0","0","X","0","","","","01/05/2025 00:00:00","31/08/2025 00:00:00","X","","1","1","0","0","1","","","","","","","","",""
"50815","71049","10","2025","Normal","Collectable Minifigures","Miscellaneous","Formula 1 Series","Haas","X","71049-10","3.99","3.49","","3.99","","","29","","","Box","Retail","6526892","6526890","","","9.4","10.6","2.8","","","","","","","1801","153","0","0","X","0","","","","01/05/2025 00:00:00","31/08/2025 00:00:00","X","","1","1","0","0","1","","","","","","","","",""
"50816","71049","11","2025","Normal","Collectable Minifigures","Miscellaneous","Formula 1 Series","F1 Academy","X","71049-11","3.99","3.49","","3.99","","","29","","","Box","Retail","6526892","6526890","","","9.4","10.6","2.8","","","","","","","1961","160","0","0","X","0","","","","01/05/2025 00:00:00","31/08/2025 00:00:00","X","","1","1","0","0","1","","","","","","","","",""
"50817","71049","12","2025","Normal","Collectable Minifigures","Miscellaneous","Formula 1 Series","Generic","X","71049-12","3.99","3.49","","3.99","","","29","","","Box","Retail","6526892","6526890","","","9.4","10.6","2.8","","","","","","","1964","151","0","0","X","0","","","","01/05/2025 00:00:00","31/08/2025 00:00:00","X","","1","1","0","0","1","","","","","","","","",""
"50818","71049","13","2025","Collection","Collectable Minifigures","Miscellaneous","Formula 1 Series","LEGO Collectables - F1 Race Cars - Complete","X","71049-13","","","","","","","348","","","{Not specified}","Retail","6526892","6526890","","","9.4","10.6","2.8","","","","","","","1018","315","0","0","X","3","","","Esa Nousiainen,","01/05/2025 00:00:00","31/08/2025 00:00:00","X","","1","1","0","0","1","","","","","","","","",""
"50819","71049","14","2025","Collection","Collectable Minifigures","Miscellaneous","Formula 1 Series","LEGO Collectables - F1 Race Cars - Sealed Box","X","71049-14","","","","","","","","","","Box","{Not specified}","6526892","6526890","","","9.4","10.6","2.8","","","","","","","144","138","0","0","X","0","","","","01/05/2025 00:00:00","31/08/2025 00:00:00","X","","1","1","0","0","1","","","","","","","","",""
"51463","71050","0","2025","Random","Collectable Minifigures","Miscellaneous","Spider-Man: Across the Spider-Verse Series","LEGO Minifigures - Spider-Man: Across the Spider-Verse Series {Random pack}","X","71050-0","4.99","3.49","5.99","3.99","02/08/2025 00:00:00","25/03/2026 00:00:00","","","","Box","Retail","6526895","6526893","5702017816692","673419405911","9.4","10.6","2.8","","","","","5","","439","105","0","0","X","0","","","","01/09/2025 00:00:00","31/12/2025 00:00:00","X","","1","1","0","0","1","","","","","","","","",""
"51451","71050","1","2025","Normal","Collectable Minifigures","Miscellaneous","Spider-Man: Across the Spider-Verse Series","Miles Morales / Spider-Man","X","71050-1","4.99","3.49","","3.99","","","7","1","colspi01,","Box","Retail","6526895","6526893","","","9.4","10.6","2.8","","","","","5","","3544","345","2","1","X","0","4.3300","","","01/09/2025 00:00:00","31/12/2025 00:00:00","X","","1","1","0","0","1","","","","","","","","",""
"51452","71050","2","2025","Normal","Collectable Minifigures","Miscellaneous","Spider-Man: Across the Spider-Verse Series","Hobie Brown / Spider-Punk","X","71050-2","4.99","3.49","","3.99","","","8","1","colspi02,","Box","Retail","6526895","6526893","","","9.4","10.6","2.8","","","","","5","","3870","408","0","1","X","10","50.4000","","","01/09/2025 00:00:00","31/12/2025 00:00:00","X","","1","1","0","0","1","","","","","","","","",""
"51453","71050","3","2025","Normal","Collectable Minifigures","Miscellaneous","Spider-Man: Across the Spider-Verse Series","Miles G. Morales / Prowler","X","71050-3","4.99","3.49","","3.99","","","10","1","colspi03,","Box","Retail","6526895","6526893","","","9.4","10.6","2.8","","","","","5","","3391","315","0","1","X","5","129.0800","","","01/09/2025 00:00:00","31/12/2025 00:00:00","X","","1","1","0","0","1","","","","","","","","",""
"51454","71050","4","2025","Normal","Collectable Minifigures","Miscellaneous","Spider-Man: Across the Spider-Verse Series","Gwen Stacy / Spider-Gwen","X","71050-4","4.99","3.49","","3.99","","","8","1","colspi04,","Box","Retail","6526895","6526893","","","9.4","10.6","2.8","","","","","5","","3824","382","0","1","X","5","59.8500","","","01/09/2025 00:00:00","31/12/2025 00:00:00","X","","1","1","0","0","1","","","","","","","","",""
"51455","71050","5","2025","Normal","Collectable Minifigures","Miscellaneous","Spider-Man: Across the Spider-Verse Series","Miguel O'Hara / Spider-Man 2099","X","71050-5","4.99","3.49","","3.99","","","8","2","90398PB065,colspi05,","Box","Retail","6526895","6526893","","","9.4","10.6","2.8","","","","","5","","3926","423","0","1","X","5","","","","01/09/2025 00:00:00","31/12/2025 00:00:00","X","","1","1","0","0","1","","","","","","","","",""
"51456","71050","6","2025","Normal","Collectable Minifigures","Miscellaneous","Spider-Man: Across the Spider-Verse Series","Pavitr Prabhakar / Spider-Man India","X","71050-6","4.99","3.49","","3.99","","","8","1","colspi06,","Box","Retail","6526895","6526893","","","9.4","10.6","2.8","","","","","5","","3557","319","0","1","X","0","","","","01/09/2025 00:00:00","31/12/2025 00:00:00","X","","1","1","0","0","1","","","","","","","","",""
"51457","71050","7","2025","Normal","Collectable Minifigures","Miscellaneous","Spider-Man: Across the Spider-Verse Series","Petra Parker / Cyborg Spider-Woman","X","71050-7","4.99","3.49","","3.99","","","8","1","colspi07,","Box","Retail","6526895","6526893","","","9.4","10.6","2.8","","","","","5","","3176","281","0","1","X","0","","","","01/09/2025 00:00:00","31/12/2025 00:00:00","X","","1","1","0","0","1","","","","","","","","",""
"51458","71050","8","2025","Normal","Collectable Minifigures","Miscellaneous","Spider-Man: Across the Spider-Verse Series","Charlotte Webber / Sun-Spider","X","71050-8","4.99","3.49","","3.99","","","7","1","colspi08,","Box","Retail","6526895","6526893","","","9.4","10.6","2.8","","","","","5","","3115","280","0","1","X","0","","","","01/09/2025 00:00:00","31/12/2025 00:00:00","X","","1","1","0","0","1","","","","","","","","",""
"51459","71050","9","2025","Normal","Collectable Minifigures","Miscellaneous","Spider-Man: Across the Spider-Verse Series","Margo Kess / Spider-Byte","X","71050-9","4.99","3.49","","3.99","","","7","1","colspi09,","Box","Retail","6526895","6526893","","","9.4","10.6","2.8","","","","","5","","3237","292","0","1","X","0","","","","01/09/2025 00:00:00","31/12/2025 00:00:00","X","","1","1","0","0","1","","","","","","","","",""
"51460","71050","10","2025","Normal","Collectable Minifigures","Miscellaneous","Spider-Man: Across the Spider-Verse Series","Peter B. Parker / Spider-Man & May 'Mayday' Parker","X","71050-10","4.99","3.49","","3.99","","","8","2","colspi10,colspi11,","Box","Retail","6526895","6526893","","","9.4","10.6","2.8","","","","","5","","3688","381","0","1","X","5","","","","01/09/2025 00:00:00","31/12/2025 00:00:00","X","","1","1","0","0","1","","","","","","","","",""
"51461","71050","11","2025","Normal","Collectable Minifigures","Miscellaneous","Spider-Man: Across the Spider-Verse Series","Patrick O'Hara / Web-Slinger","X","71050-11","4.99","3.49","","3.99","","","9","1","colspi12,","Box","Retail","6526895","6526893","","","9.4","10.6","2.8","","","","","5","","3783","364","0","1","X","4","","","","01/09/2025 00:00:00","31/12/2025 00:00:00","X","","1","1","0","0","1","","","","","","","","",""
"51462","71050","12","2025","Normal","Collectable Minifigures","Miscellaneous","Spider-Man: Across the Spider-Verse Series","Peter Parker / Werewolf Spider-Man","X","71050-12","4.99","3.49","","3.99","","","5","1","colspi13,","Box","Retail","6526895","6526893","","","9.4","10.6","2.8","","","","","5","","3435","318","0","1","X","5","","","","01/09/2025 00:00:00","31/12/2025 00:00:00","X","","1","1","0","0","1","","","","","","","","",""
"51464","71050","13","2025","Collection","Collectable Minifigures","Miscellaneous","Spider-Man: Across the Spider-Verse Series","LEGO Minifigures - Spider-Man: Across the Spider-Verse Series - Complete","X","71050-13","","","","","","","93","14","90398PB065,colspi01,colspi02,colspi03,colspi04,colspi05,colspi06,colspi07,colspi08,colspi09,colspi10,colspi11,colspi12,colspi13,","{Not specified}","{Not specified}","6526895","6526893","","","9.4","10.6","2.8","","","","","5","","2184","327","0","0","X","5","","","Esa Nousiainen,","01/09/2025 00:00:00","31/12/2025 00:00:00","X","","1","1","0","0","1","","","","","","","","",""
"51465","71050","14","2025","Collection","Collectable Minifigures","Miscellaneous","Spider-Man: Across the Spider-Verse Series","LEGO Minifigures - Spider-Man: Across the Spider-Verse Series - Sealed Box","X","71050-14","","","","","","","","","","Box","{Not specified}","6526895","6526893","","","9.4","10.6","2.8","","","","","5","","227","79","0","0","X","0","","","","01/09/2025 00:00:00","31/12/2025 00:00:00","X","","1","1","0","0","1","","","","","","","","",""
"50439","30688","1","2025","Normal","Creator","Model making","3 in 1","Tropical Toucan","X","30688-1","4.99","","","3.99","","","59","","","Paper bag","Retail - limited","6527958","6527957","5702017819082","673419406703","17","18","3","0.046","","","","6","","3452","472","4","4","X","0","4.1400","2.3400","","01/01/2025 00:00:00","31/12/2025 00:00:00","X","","1","1","0","0","1","","","","","","","","",""
"50440","30689","1","2025","Normal","Creator","Model making","Seasonal","Birthday Party Animals","X","30689-1","4.99","","","","","","60","","","Polybag","Retail - limited","6527960","6527959","5702017819099","","17","18","3","0.045","","","","6","","1166","179","2","4","X","0","3.7200","3.0000","","01/01/2025 00:00:00","31/12/2025 00:00:00","X","","1","1","0","0","1","","","","","","","","",""
"50441","30690","1","2025","Normal","Creator","Model making","Seasonal","Easter Egg Chick Painting Fun","X","30690-1","4.99","","","3.99","","","65","","","Paper bag","Retail - limited","6527962","6527961","5702017819105","","17","18","3","0.044","","","","6","","2746","171","2","4","X","0","3.3800","1.9900","","01/02/2025 00:00:00","31/12/2025 00:00:00","X","","1","1","0","0","1","","","","","","","","",""
"50442","30691","1","2025","Normal","Creator","Model making","3 in 1","Mini Convertible Monster Truck","X","30691-1","4.99","","","","","","55","","","Polybag","Retail - limited","6527964","6527963","5702017819112","","17","18","3","0.05","","","","6","","1025","212","4","8","X","0","3.3100","","Morten Graff-Wang,","01/01/2025 00:00:00","31/12/2025 00:00:00","X","","1","1","0","0","1","","","","","","","","",""
"51293","30692","1","2025","Normal","Creator","Model making","Seasonal","Christmas Chimney Fun with Santa","X","30692-1","4.99","","","3.99","","","60","","","Paper bag","Retail","6527966","6527965","5702017819129","673419406918","17","18","3","0.049","","","","6","","1854","191","2","2","X","5","3.5500","2.7700","","01/06/2025 00:00:00","31/12/2026 00:00:00","X","","1","1","0","0","1","","","","","","","","",""
"50648","31159","1","2025","Normal","Creator","Model making","3 in 1","Surprising Spider","X","31159-1","12.99","10.99","16.99","12.99","12/12/2024 00:00:00","04/05/2026 00:00:00","153","","","Box","Retail","6527842","6527841","5702017822242","673419407120","15.7","14.1","4.5","","11","15","5","7","","2096","351","6","12","X","12","9.0000","4.0000","Morten Graff-Wang,","01/01/2025 00:00:00","31/07/2027 00:00:00","X","","1","1","0","0","1","","","","","","","","",""
"50649","31160","1","2025","Normal","Creator","Model making","3 in 1","Race Plane","X","31160-1","14.99","12.99","17.99","14.99","12/12/2024 00:00:00","04/05/2026 00:00:00","178","","","Box","Retail","6527844","6527843","5702017822259","673419407137","26.2","14.1","4.8","0.319","20","21","7","7","","1530","348","6","12","X","0","12.2000","6.0000","","01/01/2025 00:00:00","31/07/2026 00:00:00","X","","1","1","0","0","1","","","","","","","","",""
"50650","31161","1","2025","Normal","Creator","Model making","3 in 1","Medieval Dragon","X","31161-1","59.99","54.99","79.99","59.99","12/12/2024 00:00:00","04/05/2026 00:00:00","715","","","Box","Retail","6527846","6527845","5702017822266","673419407144","38.2","26.2","5.7","0.917","13","39","52","9","","2939","1879","6","11","X","4","54.0200","35.1100","Aaron Newman,","01/01/2025 00:00:00","31/07/2027 00:00:00","X","","1","1","0","0","1","","","","","","","","",""
"50651","31162","1","2025","Normal","Creator","Model making","3 in 1","Cute Bunny","X","31162-1","19.99","17.99","24.99","19.99","12/12/2024 00:00:00","04/05/2026 00:00:00","326","","","Box","Retail","6527848","6527847","5702017822372","673419407151","19.1","26.2","6.1","","","","","8","","2628","528","6","11","X","5","12.7200","9.5700","","01/01/2025 00:00:00","31/07/2026 00:00:00","X","","1","1","0","0","1","","","","","","","","",""
"50652","31163","1","2025","Normal","Creator","Model making","3 in 1","Playful Cat","X","31163-1","24.99","19.99","29.99","24.99","12/12/2024 00:00:00","04/05/2026 00:00:00","407","","","Box","Retail","6527850","6527849","5702017822389","673419407168","26.2","19.1","6.1","","15","15","8","8","","2421","668","6","11","X","0","15.6500","16.2400","","01/01/2025 00:00:00","31/07/2027 00:00:00","X","","1","1","0","0","1","","","","","","","","",""
"50852","31164","1","2025","Normal","Creator","Model making","3 in 1","Space Robot","X","31164-1","24.99","19.99","29.99","24.99","12/12/2024 00:00:00","04/05/2026 00:00:00","281","","","Box","Retail","6527852","6527851","5702017822396","673419407175","26.2","19.1","4.6","0.377","","","","8","","1013","443","6","12","X","0","17.0000","10.0000","","01/01/2025 00:00:00","31/07/2026 00:00:00","X","","1","1","0","0","1","","","","","","","","",""
"50830","31165","1","2025","Normal","Creator","Model making","3 in 1","Panda Family","X","31165-1","39.99","34.99","49.99","39.99","12/12/2024 00:00:00","04/05/2026 00:00:00","626","","","Box","Retail","6527854","6527853","5702017822402","673419407182","28.2","26.2","7.6","0.789","","","","8","","2612","1076","6","9","X","0","23.6700","17.0300","Aaron Newman,","01/01/2025 00:00:00","31/12/2028 00:00:00","X","","1","1","0","0","1","","","","","","","","",""
"51292","31166","1","2025","Normal","Creator","Model making","3 in 1","Beautiful Horse","X","31166-1","54.99","44.99","64.99","49.99","02/05/2025 00:00:00","04/05/2026 00:00:00","685","","","Box","Retail","6527856","6527855","5702017822419","673419407199","38.2","26.2","5.7","0.94","23","24","8","9","","673","604","6","9","X","0","44.4800","","Aaron Newman,","01/08/2025 00:00:00","31/12/2027 00:00:00","X","","1","1","0","0","1","","","","","","","","",""
"51291","31167","1","2025","Normal","Creator","Model making","3 in 1","Haunted Mansion","X","31167-1","89.99","79.99","119.99","89.99","02/05/2025 00:00:00","04/05/2026 00:00:00","736","5","twn526,twn527,twn528,twn529,twn530,","Box","Retail","6527858","6527857","5702017822426","673419407205","37.8","35.4","7.1","","25","24","15","9","","2695","2123","6","10","X","9","69.6500","63.0000","","01/08/2025 00:00:00","31/12/2027 00:00:00","X","","1","1","0","0","1","","","","","","","","",""
"51290","31168","1","2025","Normal","Creator","Model making","3 in 1","Medieval Horse Knight Castle","X","31168-1","129.99","109.99","149.99","119.99","02/05/2025 00:00:00","04/05/2026 00:00:00","1371","6","cas590,cas591,cas592,cas593,cas594,cas595,","Box","Retail","6527860","6527859","5702017822433","673419407212","48","37.8","9.4","2.526","31","36","30","9","","1854","2215","6","9","X","4","106.4100","","Jonathan Robson,","01/08/2025 00:00:00","31/12/2028 00:00:00","X","","1","1","0","0","1","","","","","","","","",""
"50853","31169","1","2025","Normal","Creator","Model making","3 in 1","Typewriter with Flowers","X","31169-1","29.99","24.99","39.99","29.99","12/12/2024 00:00:00","04/05/2026 00:00:00","363","","","Box","Retail","6527862","6527861","5702017822440","673419407229","26.2","19.1","7.2","","13","11","16","8","","1618","611","6","10","X","0","18.0800","10.5000","","01/01/2025 00:00:00","31/12/2026 00:00:00","X","","1","1","0","0","1","","","","","","","","",""
"50647","31170","1","2025","Normal","Creator","Model making","3 in 1","Pink Flamingo","X","31170-1","24.99","19.99","29.99","24.99","02/12/2024 00:00:00","04/05/2026 00:00:00","288","","","Box","Retail","6527864","6527863","5702017822457","673419407236","19.1","26.2","6.1","","","","","8","","1928","919","6","11","X","4","16.3200","11.7100","Zio Chao,","01/03/2025 00:00:00","31/07/2027 00:00:00","X","","1","1","0","0","1","","","","","","","","",""
"51294","31171","1","2025","Normal","Creator","Model making","3 in 1","Majestic Rhino","X","31171-1","59.99","54.99","79.99","59.99","03/07/2025 00:00:00","04/05/2026 00:00:00","780","","","Box","Retail","6529407","6529406","5702017824895","673419407687","38.2","26.2","7.1","1.112","12","24","7","9","","626","703","6","10","X","0","59.9900","","Zio Chao,","01/08/2025 00:00:00","31/12/2026 00:00:00","X","","1","1","0","0","1","","","","","","","","",""
"51177","31172","1","2025","Normal","Creator","Model making","3 in 1","Record Player with Flowers","X","31172-1","29.99","24.99","39.99","29.99","02/02/2025 00:00:00","04/05/2026 00:00:00","366","","","Box","Retail","6532580","6532579","5702017835990","673419409421","26.2","19.1","7.2","0.566","12","12","7","8","","990","717","6","9","X","0","29.3000","22.4900","","01/03/2025 00:00:00","31/12/2026 00:00:00","X","","1","1","0","0","1","","","","","","","","",""
"51295","31173","1","2025","Normal","Creator","Model making","3 in 1","Tropical Toucan","X","31173-1","17.99","12.99","17.99","14.99","02/05/2025 00:00:00","04/05/2026 00:00:00","225","","","Box","Retail","6540424","6540421","5702017879956","673419412735","26.2","14.1","4.8","0.325","","","","7","","1559","652","6","9","X","3","10.3200","5.8600","Morten Graff-Wang,Zio Chao,","01/08/2025 00:00:00","31/12/2027 00:00:00","X","","1","1","0","0","1","","","","","","","","",""
"51296","31174","1","2025","Normal","Creator","Model making","3 in 1","Retro Telephone","X","31174-1","29.99","24.99","39.99","29.99","02/05/2025 00:00:00","04/05/2026 00:00:00","383","","","Box","Retail","6540426","6540425","5702017879963","673419412742","26.2","22.2","6.2","0.547","15","11","7","8","","1204","628","6","6","X","0","21.4700","10.0000","Aaron Newman,","01/08/2025 00:00:00","31/07/2027 00:00:00","X","","1","1","0","0","1","","","","","","","","",""
"51297","31175","1","2025","Normal","Creator","Model making","3 in 1","Unicorn Castle","X","31175-1","44.99","34.99","49.99","39.99","02/05/2025 00:00:00","04/05/2026 00:00:00","390","","","Box","Retail","6540429","6540428","5702017880075","673419412759","28.2","26.2","5.9","0.575","23","19","11","8","","566","635","6","11","X","0","49.1500","15.0000","","01/08/2025 00:00:00","31/12/2027 00:00:00","X","","1","1","0","0","1","","","","","","","","",""
"50942","40758","1","2025","Normal","Creator","Model making","Seasonal","Celebration Series: Ferris Wheel with Fireworks","X","40758-1","","","","","","","230","","","Box","LEGO exclusive","6530173","6530172","5702017830186","673419408646","14.1","19.1","4.6","0.214","22","15","9","8","","2860","262","2","4","X","0","7.8700","3.0000","","01/01/2025 00:00:00","31/12/2025 00:00:00","X","","1","1","0","0","1","","","","","","","","",""
"50943","40759","1","2025","Normal","Creator","Model making","Seasonal","Celebration Series: Valentine's Day Box","X","40759-1","","","","14.99","","","172","","","Box","LEGO exclusive","6530175","6530174","5702017830193","","19.1","14.1","6.1","0.227","10","10","6","7","","3248","332","4","6","X","0","14.0600","7.0300","","14/01/2025 00:00:00","31/07/2025 00:00:00","X","","1","1","0","0","1","","","","","","","","",""
"51268","40763","1","2025","Normal","Creator","Model making","Seasonal","Children's Day Teddy Bear","X","40763-1","","","","","","","238","","","Box","LEGO exclusive","6530183","6530182","5702017830230","673419408691","20.5","19.1","6.1","0.298","","","","8","","1243","299","4","4","X","0","14.1800","","Jonathan Robson,","01/04/2025 00:00:00","31/12/2025 00:00:00","X","","1","1","0","0","1","","","","","","","","",""
"52011","40772","1","2025","Normal","Creator","Model making","Seasonal","Celebration Series: Luminous Ghost","X","40772-1","","","","","","","167","","","Box","LEGO exclusive","6530301","6530300","5702017829821","673419408462","19.1","14.1","6.1","0.238","12","13","5","8","","3871","248","2","4","X","5","12.6600","9.0000","","28/09/2025 00:00:00","31/12/2025 00:00:00","X","","1","1","0","0","1","","","","","","","","",""
"52296","40777","1","2025","Normal","Creator","Model making","Seasonal","Celebration Series: Gingerbread Train Ornament","X","40777-1","","","","","","","190","","","Box","LEGO exclusive","6530307","6530306","5702017829852","673419408493","19.1","14.1","6.1","0.211","10","12","6","8","","2808","322","2","4","X","0","16.6500","","","10/12/2025 00:00:00","31/12/2025 00:00:00","X","","1","1","0","0","1","","","","","","","","",""
"51327","40818","1","2025","Normal","Creator","Model making","Postcard","Italy Postcard","X","40818-1","14.99","13.49","18.99","14.99","03/05/2025 00:00:00","04/05/2026 00:00:00","189","","","Box","LEGO exclusive","6531185","6531184","5702017830827","673419408899","19.1","14.1","6.1","","14","9","4","9","","1699","557","2","5","X","0","19.2900","","Mina Yoo,","01/06/2025 00:00:00","31/12/2027 00:00:00","X","","1","1","0","0","1","","","","","","","","",""
"51617","66810","1","2025","Collection","Creator","Model making","Product Collection","Animal Lover's Gift Set","X","66810-1","44.99","","","","","","733","","","Box","Retail - limited","6578579","","","","39.6","26.7","6.8","","","","","8","","46","45","0","1","X","0","","","","01/08/2025 00:00:00","31/12/2025 00:00:00","X","","1","1","0","0","1","","","","","","","","",""
"51287","76300","1","2025","Normal","DC Comics Super Heroes","Licensed","Batman","Arkham Asylum","X","76300-1","299.99","269.99","379.99","299.99","25/07/2025 00:00:00","04/05/2026 00:00:00","2953","17","sh1075,sh1076,sh1077,sh1078,sh1079,sh1080,sh1081,sh1082,sh1083,sh1084,sh1085,sh1086,sh1087,sh1088,sh1089,sh1090,sh1091,","Box","LEGO exclusive","6529124","6529123","5702017824192","673419407403","","","","","32","25","26","18","","1838","2904","9","16","X","0","284.5100","213.7400","Adam Grabowski,Justin Ramsden,","09/09/2025 00:00:00","31/12/2026 00:00:00","X","","1","1","0","0","1","","","","","","","","",""
"50712","76301","1","2025","Normal","DC Comics Super Heroes","Licensed","Batman","Batman & Batmobile vs. Mr. Freeze","X","76301-1","19.99","17.99","24.99","19.99","03/12/2024 00:00:00","31/10/2025 00:00:00","63","2","sh1004,sh1005,","Box","Retail","6527573","6527572","5702017817750","673419406222","15.7","14.1","4.5","","11","5","5","4","","713","367","4","7","X","0","15.8700","12.1800","","01/01/2025 00:00:00","31/12/2025 00:00:00","X","","1","1","0","0","1","","","","","","","","",""
"50713","76302","1","2025","Normal","DC Comics Super Heroes","Licensed","Superman","Superman Mech vs. Lex Luthor","X","76302-1","14.99","12.99","17.99","14.99","03/12/2024 00:00:00","30/11/2025 00:00:00","120","2","sh1006,sh1007,","Box","Retail","6527575","6527574","5702017817767","673419406239","14.1","15.7","4.5","","","","","","","2450","513","2","8","X","3","11.9000","10.4900","","01/01/2025 00:00:00","31/12/2025 00:00:00","X","","1","1","0","0","1","","","","","","","","",""
"50841","76303","1","2025","Normal","DC Comics Super Heroes","Licensed","The Dark Knight Trilogy","Batman Tumbler vs. Two-Face & The Joker","X","76303-1","59.99","54.99","79.99","59.99","03/12/2024 00:00:00","04/05/2026 00:00:00","429","3","sh1021,sh1022,sh1023,","Box","Retail","6527577","6527576","5702017817774","673419406246","22.2","26.2","7.6","","17","11","6","8","","2794","1748","2","8","X","0","52.7900","40.0000","Bjarke Lykke Madsen,","01/01/2025 00:00:00","31/12/2026 00:00:00","X","","1","1","0","0","1","","","","","","","","",""
"51130","76304","1","2025","Normal","DC Comics Super Heroes","Licensed","Batman Forever","Batman Forever Batmobile","X","76304-1","99.99","89.99","129.99","99.99","02/05/2025 00:00:00","04/05/2026 00:00:00","909","1","sh1071,","Box","Retail","6527579","6527578","5702017817781","673419406253","38.2","26.2","9.4","","17","41","12","12","","1625","1512","4","6","X","0","105.6700","","Mark Stafford,","01/08/2025 00:00:00","31/12/2026 00:00:00","X","","1","1","0","0","1","","","","","","","","",""
"51078","212501","1","2025","Other","DC Comics Super Heroes","Licensed","Magazine Gift","Off-road Batmobile","X","212501-1","","","","","","","45","","","Paper bag","Magazine gift","","","","","","","","","","","","6","","237","137","0","0","X","0","3.2800","","Justin Ramsden,","","","X","","1","1","0","0","1","","","","","","","","",""
"51272","212502","1","2025","Other","DC Comics Super Heroes","Licensed","Magazine Gift","Batcopter","X","212502-1","","","","","","","36","","","Paper bag","Magazine gift","","","","","","","","","","","","6","","246","110","0","0","X","0","4.3700","","Bjarke Lykke Madsen,","","","X","","1","1","0","0","1","","","","","","","","",""
"51570","212503","1","2025","Other","DC Comics Super Heroes","Licensed","Magazine Gift","Batman with Jetpack","X","212503-1","","","","","","","28","1","sh1126,","Paper bag","Magazine gift","","","","","","","","","","","","6","","209","124","0","0","X","0","4.7400","","Justin Ramsden,","","","X","","1","1","0","0","1","","","","","","","","",""
"51571","212504","1","2025","Other","DC Comics Super Heroes","Licensed","Magazine Gift","Superman","X","212504-1","","","","","","","5","1","sh1055,","Metal canister","Magazine gift","","","","","9","12.5","2.3","","","","","6","","396","142","0","2","X","0","9.2900","","Justin Ramsden,","","","X","","1","1","0","0","1","","","","","","","","",""
"51572","212504","2","2025","Other","DC Comics Super Heroes","Licensed","Magazine Gift","Superman","X","212504-2","","","","","","","5","1","sh1055,","Metal canister","Magazine gift","","","","","13","9","2.5","","","","","6","","374","97","0","2","X","0","7.8700","","Justin Ramsden,","","","X","","1","1","0","0","1","","","","","","","","",""
"52173","212505","1","2025","Other","DC Comics Super Heroes","Licensed","Magazine Gift","The Joker with Robot","X","212505-1","","","","","","","23","1","sh0903,","Paper bag","Magazine gift","","","","","","","","","","","","6","","233","109","0","0","X","0","4.6200","","Justin Ramsden,","","","X","","1","1","0","0","1","","","","","","","","",""
"52324","212506","1","2025","Other","DC Comics Super Heroes","Licensed","Magazine Gift","Batgirl","X","212506-1","","","","","","","11","1","sh0965,","Paper bag","Magazine gift","","","","","12","14","2","0.009","","","","6","","168","126","0","0","X","0","7.4100","","Justin Ramsden,","","","","","0","0","0","0","0","","","","","","","","",""
"50445","30695","1","2025","Normal","Disney","Licensed","Cinderella","Cinderella's Mini Garden Castle","X","30695-1","","","","","","","52","1","dp205,","Polybag","LEGO exclusive","6527972","6527971","5702017819419","","17","18","3","0.052","","","","5","","851","191","2","4","X","0","3.9500","","Robert Lehmann,","01/01/2025 00:00:00","31/12/2025 00:00:00","X","","1","1","0","0","1","","","","","","","","",""
"52074","40774","1","2025","Normal","Disney","Licensed","Promotional","Classic Animation Scenes","X","40774-1","","","","","","","270","1","dis189,","Box","Promotional","6531207","6531206","5702017831039","673419409094","26.2","19.1","6.1","0.395","12","17","4","9","","4136","527","2","4","X","5","26.2300","22.0000","Ryan Van Woerkom,","10/10/2025 00:00:00","31/12/2025 00:00:00","X","","1","1","0","0","1","","","","","","","","",""
"50887","43256","1","2025","Normal","Disney","Licensed","Frozen","Anna's Sleigh Adventure","X","43256-1","39.99","34.99","49.99","39.99","03/12/2024 00:00:00","11/11/2025 00:00:00","192","3","dp207,dp208,dp209,","Box","Retail","6526229","6526228","5702017813950","673419404129","26.2","22.2","6.2","0.516","12","8","8","4","","189","152","8","8","X","0","24.5000","","","01/01/2025 00:00:00","31/12/2025 00:00:00","X","","1","1","0","0","1","","","","","","","","",""
"51220","43257","1","2025","Normal","Disney","Licensed","Lilo & Stitch","Angel","X","43257-1","64.99","59.99","84.99","64.99","02/05/2025 00:00:00","04/05/2026 00:00:00","784","","","Box","Retail","6526231","6526230","5702017813967","673419404136","26.2","28.2","9.6","","","","","9","","1115","434","2","9","X","0","64.0400","","","01/06/2025 00:00:00","31/12/2027 00:00:00","X","","1","1","0","0","1","","","","","","","","",""
"51221","43258","1","2025","Normal","Disney","Licensed","Moana 2","Kakamora Barge","X","43258-1","99.99","89.99","129.99","99.99","02/03/2025 00:00:00","04/05/2026 00:00:00","572","2","moa007,moa010,","Box","Retail","6526233","6526232","5702017814476","673419404143","45.6","28.2","6.1","0.929","22","29","14","7","","218","313","4","5","X","0","85.7100","","Lisa Waggner,","01/06/2025 00:00:00","31/12/2026 00:00:00","X","","1","1","0","0","1","","","","","","","","",""
"50656","43259","1","2025","Normal","Disney","Licensed","The Little Mermaid","Twirling Ariel","X","43259-1","9.99","8.99","12.99","9.99","03/12/2024 00:00:00","14/11/2025 00:00:00","93","1","dp204,","Box","Retail","6526235","6526234","5702017814483","673419403979","12.2","14.1","4.6","","11","6","5","5","","656","135","2","8","X","0","9.6500","","","01/01/2025 00:00:00","31/12/2025 00:00:00","X","","1","1","0","0","1","","","","","","","","",""
"50490","43260","1","2025","Normal","Disney","Licensed","Moana 2","Moana's Island Fun","X","43260-1","19.99","17.99","24.99","19.99","09/10/2024 00:00:00","04/05/2026 00:00:00","175","2","dp198,moa006,","Box","Retail","6526237","6526236","5702017814490","673419403986","20.5","19.1","6.1","","10","10","8","5","","304","159","4","6","X","0","15.1900","","Lisa Waggner,","01/01/2025 00:00:00","31/12/2026 00:00:00","X","","1","1","0","0","1","","","","","","","","",""
"50653","43261","1","2025","Normal","Disney","Licensed","Encanto","Encanto Mini House","X","43261-1","19.99","17.99","24.99","19.99","03/12/2024 00:00:00","05/11/2025 00:00:00","186","2","dis166,dis173,","Box","Retail","6526239","6526238","5702017814506","673419403993","20.5","19.1","6.1","","14","12","8","5","","233","139","4","10","X","0","19.7400","","Lisa Waggner,","01/01/2025 00:00:00","31/12/2025 00:00:00","X","","1","1","0","0","1","","","","","","","","",""
"50654","43262","1","2025","Normal","Disney","Licensed","Dresses","Maleficent's and Cruella De Vil's Dresses","X","43262-1","69.99","59.99","89.99","69.99","22/01/2025 00:00:00","04/05/2026 00:00:00","524","2","dis180,dis181,","Box","Retail","6526241","6526240","5702017814513","673419404006","26.2","28.2","5.9","","24","10","10","9","","354","299","6","5","X","0","43.3800","","","01/03/2025 00:00:00","31/12/2026 00:00:00","X","","1","1","0","0","1","","","","","","","","",""
"51219","43263","1","2025","Normal","Disney","Licensed","Beauty and the Beast","Beauty and the Beast Castle","X","43263-1","279.99","239.99","349.99","279.99","05/03/2025 00:00:00","04/05/2026 00:00:00","2916","12","38014pb01,dp213,dp214,dp215,dp216,dp217,dp218,dp219,dp220,dp221,dp222,dp223,","Box","LEGO exclusive","6529108","6529107","5702017823720","673419407298","37.8","55.5","11.8","","53","33","15","18","","1227","1675","9","12","X","0","275.5200","215.0000","Robert Lehmann,Ryan Van Woerkom,","01/04/2025 00:00:00","31/12/2026 00:00:00","X","","1","1","0","0","1","","","","","","","","",""
"51139","43264","1","2025","Normal","Disney","Licensed","Toy Story","Toy Story Celebration Train & RC Car","X","43264-1","39.99","34.99","49.99","39.99","01/06/2025 00:00:00","04/05/2026 00:00:00","206","4","dis182,dis183,dis184,dis185,","Box","Retail","6526243","6526242","5702017814520","673419404013","35.4","19.1","5.9","","10","32","5","4","","819","661","8","8","X","0","","","","01/06/2025 00:00:00","31/12/2026 00:00:00","X","","1","1","0","0","1","","","","","","","","",""
"50886","43265","1","2025","Normal","Disney","Licensed","Frozen","Arendelle Frozen Castle","X","43265-1","29.99","24.99","39.99","29.99","03/12/2024 00:00:00","04/05/2026 00:00:00","177","3","dp207,dp210,dp211,","Box","Retail","6526245","6526244","5702017814544","673419404020","19.1","26.2","6.1","0.381","25","6","4","5","","184","126","4","9","X","0","18.7300","","","01/01/2025 00:00:00","31/12/2026 00:00:00","X","","1","1","0","0","1","","","","","","","","",""
"50657","43266","1","2025","Normal","Disney","Licensed","Dresses","Cinderella's Dress","X","43266-1","39.99","34.99","49.99","39.99","22/01/2025 00:00:00","04/05/2026 00:00:00","474","1","dp212,","Box","Retail","6526247","6526246","5702017814551","673419404037","22.2","26.2","6.2","","23","11","10","9","","354","245","4","5","X","0","23.0000","","","01/03/2025 00:00:00","31/07/2026 00:00:00","X","","1","1","0","0","1","","","","","","","","",""
"51222","43267","1","2025","Normal","Disney","Licensed","Disney Princess","Princess Castle & Royal Pets","X","43267-1","129.99","109.99","149.99","119.99","03/05/2025 00:00:00","04/05/2026 00:00:00","787","5","dp224,dp225,dp226,dp227,moa005,","Box","Retail","6526249","6526248","5702017814568","673419404150","48","37.8","7.1","","32","46","10","6","","130","233","10","10","X","0","","","Robert Lehmann,","01/06/2025 00:00:00","31/12/2026 00:00:00","X","","1","1","0","0","1","","","","","","","","",""
"50655","43268","1","2025","Normal","Disney","Licensed","Lilo & Stitch","Lilo and Stitch Beach House","X","43268-1","89.99","79.99","119.99","89.99","22/01/2025 00:00:00","04/05/2026 00:00:00","834","6","dis174,dis175,dis176,dis177,dis178,dis179,","Box","Retail","6526251","6526250","5702017814575","673419404167","38.2","26.2","7.1","","17","35","14","9","","1907","1190","2","5","X","0","64.1300","34.2000","Ryan Van Woerkom,","01/03/2025 00:00:00","31/12/2026 00:00:00","X","","1","1","0","0","1","","","","","","","","",""
"51223","43269","1","2025","Normal","Disney","Licensed","One Hundred and One Dalmatians","101 Dalmatians Puppy","X","43269-1","149.99","129.99","179.99","139.99","02/05/2025 00:00:00","04/05/2026 00:00:00","1722","","","Box","Retail","6526253","6526252","5702017814582","673419404174","35.4","37.8","11.8","2.41","","","","18","","1162","908","8","10","X","0","124.2000","","","01/06/2025 00:00:00","31/07/2027 00:00:00","X","","1","1","0","0","1","","","","","","","","",""
"50491","43270","1","2025","Normal","Disney","Licensed","Moana 2","Moana's Adventure Canoe","X","43270-1","59.99","54.99","79.99","59.99","09/10/2024 00:00:00","04/05/2026 00:00:00","529","3","moa007,moa008,moa009,","Box","Retail","6526255","6526254","5702017814599","673419404181","26.2","28.2","5.9","","26","22","12","","","256","260","2","8","X","0","57.3300","","","01/01/2025 00:00:00","31/12/2026 00:00:00","X","","1","1","0","0","1","","","","","","","","",""
"51224","43271","1","2025","Normal","Disney","Licensed","One Hundred and One Dalmatians","Lucky & Penny 101 Dalmatians Puppies","X","43271-1","24.99","19.99","29.99","24.99","31/05/2025 00:00:00","04/05/2026 00:00:00","268","","","Box","Retail","6526257","6526256","5702017814605","673419404198","20.5","19.1","6.1","0.334","","","","6","","1438","453","4","9","X","0","22.1400","","","01/06/2025 00:00:00","31/12/2027 00:00:00","X","","1","1","0","0","1","","","","","","","","",""
"50658","43272","1","2025","Normal","Disney","Licensed","Moana 2","Heihei","X","43272-1","39.99","34.99","49.99","39.99","02/12/2024 00:00:00","04/05/2026 00:00:00","566","","","Box","Retail","6526259","6526258","5702017814612","673419404204","22.2","26.2","7.6","","","","","9","","2465","992","2","11","X","5","22.4300","37.2200","","01/03/2025 00:00:00","31/12/2026 00:00:00","X","","1","1","0","0","1","","","","","","","","",""
"51225","43273","1","2025","Normal","Disney","Licensed","Seasonal","LEGO Disney Advent Calendar 2025","X","43273-1","44.99","29.99","59.99","34.99","02/05/2025 00:00:00","04/05/2026 00:00:00","231","4","dp233,dp234,dp235,dp236,","Box","Retail","6526261","6526260","5702017812991","673419403740","","","","","","","","5","","509","120","1","6","X","0","27.6800","","","01/09/2025 00:00:00","31/12/2025 00:00:00","X","","1","1","0","0","1","","","","","","","","",""
"51226","43274","1","2025","Normal","Disney","Licensed","Mickey and Friends","Minnie's Pet Hotel","X","43274-1","39.99","34.99","49.99","39.99","01/06/2025 00:00:00","04/05/2026 00:00:00","161","2","dis186,dis187,","Box","Retail","6526263","6526262","5702017814629","673419404211","26.2","22.2","6.2","0.497","19","23","12","4","","147","153","6","9","X","0","","","","01/06/2025 00:00:00","31/07/2026 00:00:00","X","","1","1","0","0","1","","","","","","","","",""
"50885","43275","1","2025","Normal","Disney","Licensed","Cinderella","Cinderella's Castle & Horse Carriage","X","43275-1","79.99","69.99","99.99","79.99","03/12/2024 00:00:00","24/02/2026 00:00:00","596","2","dp205,dp206,","Box","Retail","6526265","6526264","5702017814636","673419404228","37.8","35.4","7.1","","29","28","9","","","124","131","10","10","X","0","","","Robert Lehmann,","01/01/2025 00:00:00","31/12/2025 00:00:00","X","","1","1","0","0","1","","","","","","","","",""
"51466","43277","1","2025","Normal","Disney","Licensed","One Hundred and One Dalmatians","Cruella De Vil's Car","X","43277-1","49.99","44.99","64.99","49.99","02/06/2025 00:00:00","04/05/2026 00:00:00","378","1","dis188,","Box","Retail","6529411","6529410","5702017824901","673419407694","28.2","26.2","5.9","0.585","25","6","7","9","","1158","1348","2","10","X","0","37.7400","","Boone Langston,","01/09/2025 00:00:00","31/12/2026 00:00:00","X","","1","1","0","0","1","","","","","","","","",""
"51367","43278","1","2025","Normal","Disney","Licensed","Frozen II","Mini Arendelle Castle & Elsa's Ice Palace","X","43278-1","49.99","44.99","64.99","49.99","03/05/2025 00:00:00","04/05/2026 00:00:00","306","5","dp228,dp229,dp230,dp231,dp232,","Box","Retail","6529413","6529412","5702017824918","673419407700","26.2","22.2","6.2","","15","8","8","5","","69","134","8","10","X","0","","","","01/06/2025 00:00:00","31/12/2026 00:00:00","X","","1","1","0","0","1","","","","","","","","",""
"51138","43279","1","2025","Normal","Disney","Licensed","WALL-E","WALL-E and EVE","X","43279-1","69.99","59.99","89.99","69.99","03/08/2025 00:00:00","04/05/2026 00:00:00","811","","","Box","Retail","6544565","6544564","5702017896885","673419413282","28.2","26.2","9.6","","","","","18","","4233","2093","4","15","X","10","60.4100","38.6200","Theo Bonner,","01/09/2025 00:00:00","31/12/2027 00:00:00","X","","1","1","0","0","1","","","","","","","","",""
"50448","30698","1","2025","Normal","Dreamzzz","Action/Adventure","Season 3: Enter the Cyber Game","Cooper's Flying Controller Mini Build","X","30698-1","","3.49","","3.99","","","53","1","drm069,","Paper bag","Retail","6527978","6527977","5702017819389","673419406857","17","18","3","","","","","7","","1521","386","2","4","X","0","3.8200","2.0000","","01/01/2025 00:00:00","31/12/2025 00:00:00","X","","1","1","0","0","1","","","","","","","","",""
"50866","71487","1","2025","Normal","Dreamzzz","Action/Adventure","Season 3: Enter the Cyber Game","Z-Blob's Robot and Vehicle Adventures","X","71487-1","9.99","8.99","12.99","9.99","12/12/2024 00:00:00","26/12/2025 00:00:00","121","1","drm068,","Box","Retail","6526317","6526316","5702017812120","673419403290","14.1","15.7","4.5","","10","8","6","7","","1663","417","3","8","X","9","7.6500","6.8500","","01/01/2025 00:00:00","31/12/2025 00:00:00","X","","1","1","0","0","1","","","","","","","","",""
"50659","71488","1","2025","Normal","Dreamzzz","Action/Adventure","Season 3: Enter the Cyber Game","Bunchu's Creative Animal Adventures","X","71488-1","9.99","8.99","12.99","9.99","12/12/2024 00:00:00","23/11/2025 00:00:00","143","1","drm071,","Box","Retail","6526319","6526318","5702017812137","673419403306","14.1","15.7","4.5","","12","6","8","7","","1116","311","3","7","X","5","9.7300","6.9900","","01/01/2025 00:00:00","31/12/2025 00:00:00","X","","1","1","0","0","1","","","","","","","","",""
"50867","71489","1","2025","Normal","Dreamzzz","Action/Adventure","Season 3: Enter the Cyber Game","Cooper's Gaming Controller Jet","X","71489-1","19.99","17.99","24.99","19.99","12/12/2024 00:00:00","19/12/2025 00:00:00","266","2","drm069,drm070,","Box","Retail","6526321","6526320","5702017812144","673419403313","26.2","19.1","6.1","","22","18","4","7","","843","340","2","9","X","0","16.1500","10.0000","Freddy Charters,","01/01/2025 00:00:00","31/12/2025 00:00:00","X","","1","1","0","0","1","","","","","","","","",""
"50660","71490","1","2025","Normal","Dreamzzz","Action/Adventure","Season 3: Enter the Cyber Game"," Izzie and Bunchurro the Gaming Bunny","X","71490-1","19.99","17.99","24.99","19.99","12/12/2024 00:00:00","25/12/2025 00:00:00","252","2","drm072,drm074,","Box","Retail","6526323","6526322","5702017812151","673419403320","26.2","19.1","4.6","","18","12","9","7","","761","267","2","9","X","4","","6.3000","","01/01/2025 00:00:00","31/12/2025 00:00:00","X","","1","1","0","0","1","","","","","","","","",""
"50661","71491","1","2025","Normal","Dreamzzz","Action/Adventure","Season 3: Enter the Cyber Game","Mateo and the Z-Blob Action Race Car","X","71491-1","49.99","44.99","64.99","49.99","12/12/2024 00:00:00","27/11/2025 00:00:00","485","4","drm077,drm078,drm079,drm081,","Box","Retail","6526325","6526324","5702017812168","673419403337","35.4","19.1","7","","10","23","15","8","","588","438","2","10","X","0","33.6700","","","01/01/2025 00:00:00","31/12/2025 00:00:00","X","","1","1","0","0","1","","","","","","","","",""
"51368","71492","1","2025","Normal","Dreamzzz","Action/Adventure","Season 3: Enter the Cyber Game","Mateo's Fire Chameleon","X","71492-1","54.99","44.99","64.99","49.99","07/05/2025 00:00:00","04/05/2026 00:00:00","443","4","drm074,drm076,drm084,drm085,","Box","Retail","6527870","6527869","5702017818856","673419406765","26.2","22.2","6.2","","16","33","11","7","","441","438","2","9","X","0","38.9100","29.9900","","01/06/2025 00:00:00","31/07/2027 00:00:00","X","","1","1","0","0","1","","","","","","","","",""
"51369","71494","1","2025","Normal","Dreamzzz","Action/Adventure","Season 3: Enter the Cyber Game","Zoey's Time Owl","X","71494-1","29.99","24.99","39.99","29.99","07/05/2025 00:00:00","04/05/2026 00:00:00","359","2","drm083,drm092,","Box","Retail","6527874","6527873","5702017818870","673419406789","19.1","26.2","6.1","","","","","8","","316","363","2","9","X","0","33.4100","","","01/06/2025 00:00:00","31/07/2026 00:00:00","X","","1","1","0","0","1","","","","","","","","",""
"51370","71495","1","2025","Normal","Dreamzzz","Action/Adventure","Season 3: Enter the Cyber Game","Mateo vs. Cyber Brain Mech","X","71495-1","34.99","24.99","39.99","29.99","07/05/2025 00:00:00","04/05/2026 00:00:00","368","2","drm079,drm086,","Box","Retail","6527876","6527875","5702017818887","673419406796","19.1","26.2","6.1","","","","","8","","605","460","2","9","X","5","23.8200","","","01/06/2025 00:00:00","31/07/2026 00:00:00","X","","1","1","0","0","1","","","","","","","","",""
"50868","71497","1","2025","Normal","Dreamzzz","Action/Adventure","Season 3: Enter the Cyber Game","Cooper's Tiger Mech & Zero's Hot Rod Car","X","71497-1","99.99","89.99","129.99","99.99","12/12/2024 00:00:00","28/11/2025 00:00:00","1006","6","drm069,drm074,drm075,drm076,drm080,","Box","Retail","6526327","6526326","5702017812472","673419403344","35.4","37.8","7.1","","31","24","19","9","","477","352","2","10","X","2","74.2800","","","01/01/2025 00:00:00","31/12/2025 00:00:00","X","","1","1","0","0","1","","","","","","","","",""
"51371","71499","1","2025","Normal","Dreamzzz","Action/Adventure","Season 3: Enter the Cyber Game","Mateo's Spray Paint Truck","X","71499-1","99.99","89.99","129.99","99.99","07/05/2025 00:00:00","04/05/2026 00:00:00","929","8","drm069,drm077,drm086,drm087,drm088,drm089,drm094,drm095,","Box","Retail","6527880","6527879","5702017818900","673419406819","54","28.2","7.9","","19","42","14","9","","482","621","2","10","X","0","88.7900","","Freddy Charters,","01/06/2025 00:00:00","31/07/2027 00:00:00","X","","1","1","0","0","1","","","","","","","","",""
"51372","71500","1","2025","Normal","Dreamzzz","Action/Adventure","Season 3: Enter the Cyber Game","Nightmare Shark Submarine","X","71500-1","149.99","129.99","179.99","139.99","07/05/2025 00:00:00","04/05/2026 00:00:00","1413","8","drm074,drm075,drm084,drm090,drm091,drm093,","Box","Retail","6527882","6527881","5702017818917","673419406826","48","37.8","9.4","","25","51","24","9","","348","688","2","16","X","5","117.1100","","","01/08/2025 00:00:00","31/07/2027 00:00:00","X","","1","1","0","0","1","","","","","","","","",""
"51541","71501","1","2025","Normal","Dreamzzz","Action/Adventure","Season 3: Enter the Cyber Game","{?}","","","","","","","","","1575","","","Box","{Not specified}","","","","","","","","","","","","","","2","65","0","0","","0","","","","","","","","0","0","0","0","0","","","","","","","","",""
"51424","552501","1","2025","Other","Dreamzzz","Action/Adventure","Magazine Gift","Cooper with Giga-Shooter","X","552501-1","","","","","","","21","1","drm082,","Paper bag","Magazine gift","","","","","","","","","","","","6","","220","104","0","0","X","0","4.3200","","","","","X","","1","1","0","0","1","","","","","","","","",""
"51597","552502","1","2025","Other","Dreamzzz","Action/Adventure","Magazine Gift","Zero","X","552502-1","","","","","","","9","1","drm076,","Paper bag","Magazine gift","","","","","12","15","2","","","","","6","","232","144","0","0","X","0","7.9800","6.1100","","","","X","","1","1","0","0","1","","","","","","","","",""
"52255","552503","1","2025","Other","Dreamzzz","Action/Adventure","Magazine Gift","Dooper","X","552503-1","","","","","","","22","1","drm097,","Paper bag","Magazine gift","","","","","","","","","","","","6","","176","86","0","0","X","0","5.6900","","","","","","","0","0","0","0","0","","","","","","","","",""
"51587","6565157","1","2025","Extended","Dreamzzz","Action/Adventure","Promotional","Dreamzzz Zblob","X","6565157-1","","","","","","","34","","","None (loose parts)","Promotional","","","","","","","","","","","","6","","110","73","0","2","X","0","","8.0200","","","","X","","1","1","0","0","1","","","","","","","","",""
"50541","10425","1","2025","Normal","Duplo","Pre-school","Trains","Train Tunnel and Tracks","X","10425-1","19.99","17.99","24.99","19.99","07/11/2024 00:00:00","04/05/2026 00:00:00","20","","","Box","Retail","6470490","6470489","5702017583808","673419388986","28.2","26.2","11.8","0.704","20","16","15","2","","137","79","18","8","X","0","19.7800","","","01/01/2025 00:00:00","31/07/2027 00:00:00","X","","1","1","0","0","1","","","","","","","","",""
"50542","10426","1","2025","Normal","Duplo","Pre-school","Trains","Train Bridge and Tracks","X","10426-1","39.99","34.99","49.99","39.99","07/11/2024 00:00:00","04/05/2026 00:00:00","42","1","47394pb362,","Box","Retail","6470492","6470491","5702017583815","673419388993","54","28.2","11.8","1.307","105","24","16","2","","119","85","18","7","X","0","34.9000","","","01/01/2025 00:00:00","31/12/2029 00:00:00","X","","1","1","0","0","1","","","","","","","","",""
"50543","10427","1","2025","Normal","Duplo","Pre-school","Trains","Interactive Adventure Train","X","10427-1","79.99","69.99","99.99","79.99","07/11/2024 00:00:00","04/05/2026 00:00:00","57","2","47205pb125,47394pb366,","Box","Retail","6470494","6470493","5702017583822","673419389006","48","37.8","9.4","1.438","13","71","57","2","","108","60","18","8","X","0","64.9600","","","01/01/2025 00:00:00","31/12/2029 00:00:00","X","","1","1","0","0","1","","","","","","","","",""
"50544","10428","1","2025","Normal","Duplo","Pre-school","Trains","Big Interactive Community Train","X","10428-1","139.99","124.99","179.99","139.99","07/11/2024 00:00:00","04/05/2026 00:00:00","103","4","47205pb091,47205pb126,47394pb367,47394pb368,","Box","Retail","6470496","6470495","5702017583044","673419388207","52.3","48","12.4","2.401","","","","3","","63","71","18","10","X","0","114.6400","","","01/01/2025 00:00:00","31/12/2029 00:00:00","X","","1","1","0","0","1","","","","","","","","",""
"50913","10440","1","2025","Normal","Duplo","Pre-school","","Balancing & Stacking Tree","X","10440-1","19.99","17.99","24.99","19.99","12/12/2024 00:00:00","04/05/2026 00:00:00","27","","","Box","Retail","6526173","6526172","5702017815541","673419404419","26.2","28.2","9.6","","28","31","9","","","114","24","16","9","X","0","29.2900","","","01/01/2025 00:00:00","31/07/2026 00:00:00","X","","1","1","0","0","1","","","","","","","","",""
"51360","10441","1","2025","Normal","Duplo","Pre-school","","Shape Sorter: Puppy House","X","10441-1","34.99","24.99","39.99","29.99","07/05/2025 00:00:00","04/05/2026 00:00:00","17","","","Box","Retail","6526175","6526174","5702017816784","673419404907","28.2","26.2","11.8","","","","","","","52","24","17","8","X","0","","","","01/06/2025 00:00:00","31/12/2026 00:00:00","X","","1","1","0","0","1","","","","","","","","",""
"50911","10442","1","2025","Normal","Duplo","Pre-school","","Wild Animal Families: Penguins & Lions","X","10442-1","9.99","8.99","12.99","9.99","12/12/2024 00:00:00","04/05/2026 00:00:00","10","","","Box","Retail","6518546","6518545","5702017783833","673419402262","19.1","14.1","6.1","","13","22","7","2","","363","66","16","8","X","0","8.5900","","","01/01/2025 00:00:00","31/12/2026 00:00:00","X","","1","1","0","0","1","","","","","","","","",""
"50900","10443","1","2025","Normal","Duplo","Pre-school","First Time","First Time at the Airport","X","10443-1","34.99","24.99","39.99","29.99","07/05/2025 00:00:00","04/05/2026 00:00:00","23","2","47205pb130,47394pb374,","Box","Retail","6526177","6526176","5702017815831","673419404990","35.4","19.1","9.1","","10","18","18","2","","65","46","17","8","X","0","22.1000","","","01/06/2025 00:00:00","31/12/2026 00:00:00","X","","1","1","0","0","1","","","","","","","","",""
"50663","10444","1","2025","Normal","Duplo","Pre-school","","Creative Garden & Flowers","X","10444-1","19.99","17.99","24.99","19.99","12/12/2024 00:00:00","04/05/2026 00:00:00","45","","","Box","Retail","6518548","6518547","5702017783147","673419402170","35.4","19.1","11.8","","","","","2","","66","24","16","7","X","0","16.9400","","","01/01/2025 00:00:00","31/12/2026 00:00:00","X","","1","1","0","0","1","","","","","","","","",""
"50662","10445","1","2025","Normal","Duplo","Pre-school","Formula 1","F1 Team Racing Cars & Drivers","X","10445-1","44.99","39.99","59.99","44.99","07/12/2024 00:00:00","04/05/2026 00:00:00","70","","","Box","Retail","6526179","6526178","5702017815565","673419405034","54","28.2","7.9","","16","38","6","2","","139","70","16","10","X","0","","","","01/01/2025 00:00:00","31/12/2026 00:00:00","X","","1","1","0","0","1","","","","","","","","",""
"50912","10446","1","2025","Normal","Duplo","Pre-school","","3in1 Wild Animal Families","X","10446-1","79.99","69.99","99.99","79.99","12/12/2024 00:00:00","04/05/2026 00:00:00","92","","","Box","Retail","6526181","6526180","5702017815558","673419404426","48","37.8","11.2","","20","34","22","2","","72","66","16","8","X","0","76.1000","","","01/01/2025 00:00:00","31/12/2026 00:00:00","X","","1","1","0","0","1","","","","","","","","",""
"50664","10447","1","2025","Normal","Duplo","Pre-school","","Ambulance Driver ","X","10447-1","19.99","17.99","24.99","19.99","12/12/2024 00:00:00","04/05/2026 00:00:00","19","2","47205pb127,47394pb369,","Box","Retail","6526183","6526182","5702017816005","673419405263","26.2","19.1","9.1","","10","14","7","2","","120","35","16","8","X","0","15.4200","","","01/01/2025 00:00:00","31/07/2028 00:00:00","X","","1","1","0","0","1","","","","","","","","",""
"51361","10448","1","2025","Normal","Duplo","Pre-school","","3in1 Animals on Wheels","X","10448-1","39.99","29.99","44.99","34.99","07/05/2025 00:00:00","04/05/2026 00:00:00","58","","","Box","Retail","6526185","6526184","5702017816197","673419405393","38.2","26.2","9.4","","","","","2","","41","26","17","8","X","0","45.3600","","Sameer Yeleswarpu,","01/06/2025 00:00:00","31/12/2026 00:00:00","X","","1","1","0","0","1","","","","","","","","",""
"50665","10449","1","2025","Normal","Duplo","Pre-school","First Time","First Time: Visit with the Doctor ","X","10449-1","39.99","34.99","49.99","39.99","12/12/2024 00:00:00","28/11/2025 00:00:00","65","3","47205pb121,47394pb364,47394pb365,","Box","Retail","6526187","6526186","5702017816210","673419405614","38.2","26.2","11.8","","26","19","13","2","","55","30","16","8","X","0","","","","01/01/2025 00:00:00","31/12/2025 00:00:00","X","","1","1","0","0","1","","","","","","","","",""
"51362","10450","1","2025","Normal","Duplo","Pre-school","","Hopsy's Castle Game","X","10450-1","44.99","34.99","49.99","39.99","07/05/2025 00:00:00","04/05/2026 00:00:00","47","","","Box","Retail","6526189","6526188","5702017816630","673419405768","38.2","26.2","9.4","","","","","3","","31","25","17","10","X","0","56.7000","","","01/06/2025 00:00:00","31/12/2026 00:00:00","X","","1","1","0","0","1","","","","","","","","",""
"51363","10451","1","2025","Normal","Duplo","Pre-school","","3in1 Dinosaurs on Wheels","X","10451-1","74.99","59.99","89.99","69.99","07/05/2025 00:00:00","04/05/2026 00:00:00","108","","","Box","Retail","6526191","6526190","5702017816647","673419405775","48","37.8","11.2","","","","","3","","28","35","51","9","X","0","70.5900","","","01/06/2025 00:00:00","31/12/2026 00:00:00","X","","1","1","0","0","1","","","","","","","","",""
"50666","10452","1","2025","Normal","Duplo","Pre-school","Peppa Pig","Camping Trip","X","10452-1","19.99","17.99","24.99","19.99","31/01/2025 00:00:00","04/05/2026 00:00:00","32","2","47205pb122,47394pb358,","Box","Retail","6526193","6526192","5702017816654","673419405904","26.2","19.1","9.1","","14","10","4","2","","71","32","16","6","X","0","21.2000","","","01/03/2025 00:00:00","31/12/2026 00:00:00","X","","1","1","0","0","1","","","","","","","","",""
"50667","10453","1","2025","Normal","Duplo","Pre-school","Peppa Pig","Funfair","X","10453-1","49.99","44.99","64.99","49.99","31/01/2025 00:00:00","04/05/2026 00:00:00","53","3","47205pb114,47205pb123,47205pb124,","Box","Retail","6526195","6526194","5702017816678","673419405799","45.6","28.2","8.8","","28","20","14","2","","45","26","16","6","X","0","57.8300","","","01/03/2025 00:00:00","31/12/2026 00:00:00","X","","1","1","0","0","1","","","","","","","","",""
"50668","10454","1","2025","Normal","Duplo","Pre-school","Mickey Mouse Clubhouse","Mickey Mouse Clubhouse & Car ","X","10454-1","19.99","17.99","24.99","19.99","02/12/2024 00:00:00","08/04/2026 00:00:00","27","1","47394pb363,","Box","Retail","6526197","6526196","5702017816685","673419405805","26.2","19.1","9.1","","16","22","11","2","","102","46","16","5","X","0","19.6400","","","01/03/2025 00:00:00","31/07/2026 00:00:00","X","","1","1","0","0","1","","","","","","","","",""
"51364","10455","1","2025","Normal","Duplo","Pre-school","Frozen","Anna and Elsa's Frozen Castle Party","X","10455-1","64.99","54.99","79.99","59.99","02/06/2025 00:00:00","04/05/2026 00:00:00","54","3","47394pb370,47394pb371,dupsnowman01,","Box","Retail","6526199","6526198","5702017816708","673419405812","35.4","37.8","7.1","","36","56","21","2","","28","29","17","7","X","0","","","","01/06/2025 00:00:00","31/12/2026 00:00:00","X","","1","1","0","0","1","","","","","","","","",""
"51365","10456","1","2025","Normal","Duplo","Pre-school","Cars","McQueen's Visit to Doc's Garage","X","10456-1","29.99","24.99","39.99","29.99","02/06/2025 00:00:00","04/05/2026 00:00:00","35","1","crs113,","Box","Retail","6526201","6526200","5702017816715","673419405843","35.4","19.1","9.1","","19","48","12","2","","72","36","17","8","X","0","28.1000","","","01/06/2025 00:00:00","31/12/2026 00:00:00","X","","1","1","0","0","1","","","","","","","","",""
"50669","10457","1","2025","Normal","Duplo","Pre-school","Winnie the Pooh","Winnie the Pooh's Birthday Party","X","10457-1","19.99","17.99","24.99","19.99","02/12/2024 00:00:00","04/05/2026 00:00:00","22","","","Box","Retail","6526203","6526202","5702017816722","673419405850","26.2","19.1","9.1","","15","11","7","","","126","45","16","5","X","0","","","","01/03/2025 00:00:00","31/07/2026 00:00:00","X","","1","1","0","0","1","","","","","","","","",""
"51015","10458","1","2025","Normal","Duplo","Pre-school","Bluey","Ice Cream Trip with Bluey","X","10458-1","29.99","24.99","39.99","29.99","02/03/2025 00:00:00","04/05/2026 00:00:00","22","2","47205pb128,47394pb373,","Box","Retail","6526205","6526204","5702017816739","673419405867","35.4","19.1","9.1","","13","15","10","2","","184","70","17","5","X","0","26.4300","11.7900","","01/06/2025 00:00:00","31/12/2026 00:00:00","X","","1","1","0","0","1","","","","","","","","",""
"51016","10459","1","2025","Normal","Duplo","Pre-school","Bluey","Bluey's Family House with Memory Game","X","10459-1","69.99","59.99","89.99","69.99","02/03/2025 00:00:00","04/05/2026 00:00:00","83","3","47205pb128,47205pb129,47394pb372,","Box","Retail","6526207","6526206","5702017816746","673419405874","48","37.8","9.4","","30","51","37","3","","114","81","17","11","X","0","46.3900","37.9800","","01/06/2025 00:00:00","31/12/2026 00:00:00","X","","1","1","0","0","1","","","","","","","","",""
"50670","10460","1","2025","Normal","Duplo","Pre-school","Accessories","Green Building Plate","X","10460-1","12.99","10.99","16.99","12.99","12/12/2024 00:00:00","04/05/2026 00:00:00","1","","","Paper bag","Retail","6518550","6518549","5702017783192","673419402026","25.8","31.5","1","0.125","","","","","","111","29","0","5","X","2","12.0000","","","","","X","","1","1","0","0","1","","","","","","","","",""
"51366","10461","1","2025","Normal","Duplo","Pre-school","Peppa Pig","Grandpa Pig's Garden and Greenhouse","X","10461-1","89.99","74.99","99.99","79.99","02/06/2025 00:00:00","04/05/2026 00:00:00","102","5","47205pb114,47205pb115,47394pb358,47394pb359,47394pb360,","Box","Retail","6533526","6533525","5702017850450","673419409193","55.5","37.8","8.7","","19","60","34","2","","21","19","17","7","X","0","102.0500","","","01/06/2025 00:00:00","31/12/2026 00:00:00","X","","1","1","0","0","1","","","","","","","","",""
"50438","30686","1","2025","Normal","Duplo","Pre-school","My First","My First Flower & Bee","X","30686-1","","","","3.99","","","7","","","Paper bag","LEGO exclusive","6527954","6527953","5702017819174","","20","20","4.5","","","","","","","211","70","2","2","X","0","3.6000","","","01/01/2025 00:00:00","31/12/2025 00:00:00","X","","1","1","0","0","1","","","","","","","","",""
"51069","45620","1","2025","Normal","Education","Educational","Science","Science Kit Year 1-3","X","45620-1","329","","","","","","278","6","gen091,pln199,pln206,pln208,pln210,","Plastic box","Educational","6475569","6475568","5702017603254","673419394581","42.6","30.8","10.5","","","","","5","","10","60","0","0","X","0","","","","01/08/2025 00:00:00","","X","","1","1","0","0","1","","","","","","","","",""
"51068","45621","1","2025","Normal","Education","Educational","Science","Science Kit Year 4-6","X","45621-1","399","","","","","","336","6","gen091,pln199,pln206,pln208,pln209,","Plastic box","Educational","6475572","6475571","5702017603834","673419394666","42.6","30.8","10.5","","","","","8","","10","65","0","0","X","0","","","","01/08/2025 00:00:00","","X","","1","1","0","0","1","","","","","","","","",""
"51057","45622","1","2025","Normal","Education","Educational","Science","Science Kit Year 7-9","X","45622-1","499","","","","","","424","4","gen091,pln199,pln206,pln208,","Plastic box","Educational","6475582","6475581","5702017603537","673419394413","42.6","30.8","10.5","","","","","11","","13","80","0","0","X","0","","","","01/08/2025 00:00:00","","X","","1","1","0","0","1","","","","","","","","",""
"51067","45623","1","2025","Normal","Education","Educational","Science","Multi-charger","X","45623-1","","","","","","","3","","","{Not specified}","{Not specified}","","","","","23","17.5","5","","","","","8","","9","31","0","0","X","0","","","","01/08/2025 00:00:00","","X","","1","1","0","0","1","","","","","","","","",""
"51066","45624","1","2025","Normal","Education","Educational","Science","Multi-charger","X","45624-1","","","","","","","1","","","{Not specified}","{Not specified}","","","","","23","17.5","5","","","","","8","","8","32","0","0","X","0","","","","01/08/2025 00:00:00","","X","","1","1","0","0","1","","","","","","","","",""
"51065","45650","1","2025","Normal","Education","Educational","Science","Single Motor","X","45650-1","","","","","","","1","","","{Not specified}","{Not specified}","","","","","12.3","5.2","3.3","","","","","5","","8","44","0","0","X","0","","","","01/08/2025 00:00:00","","X","","1","1","0","0","1","","","","","","","","",""
"51064","45651","1","2025","Normal","Education","Educational","Science","Double Motor","X","45651-1","","","","","","","1","","","{Not specified}","{Not specified}","","","","","13.6","6.7","3.3","","","","","5","","8","45","0","0","X","0","","","","01/08/2025 00:00:00","","X","","1","1","0","0","1","","","","","","","","",""
"51063","45652","1","2025","Normal","Education","Educational","Science","Controller","X","45652-1","","","","","","","1","","","{Not specified}","{Not specified}","","","","","8.5","6.6","3.1","","","","","5","","8","40","0","0","X","0","","","","01/08/2025 00:00:00","","X","","1","1","0","0","1","","","","","","","","",""
"51062","45653","1","2025","Normal","Education","Educational","Science","Color Sensor","X","45653-1","","","","","","","1","","","{Not specified}","{Not specified}","","","","","9.8","10.2","2.4","","","","","5","","8","40","0","0","X","0","","","","01/08/2025 00:00:00","","X","","1","1","0","0","1","","","","","","","","",""
"51061","45654","1","2025","Normal","Education","Educational","Science","Replacement Pack for Elementary School","X","45654-1","","","","","","","350","4","gen091,pln199,pln206,pln208,","{Not specified}","{Not specified}","","","","","20.5","19.1","7.3","","","","","5","","10","27","0","0","X","0","","","","01/08/2025 00:00:00","","X","","1","1","0","0","1","","","","","","","","",""
"51060","45655","1","2025","Normal","Education","Educational","Science","Replacement Pack for Middle School","X","45655-1","","","","","","","381","","","{Not specified}","{Not specified}","","","","","20.5","19.1","9.2","","","","","11","","10","27","0","0","X","0","","","","01/08/2025 00:00:00","","X","","1","1","0","0","1","","","","","","","","",""
"51058","45656","1","2025","Normal","Education","Educational","Science","AC Cable","","","","","","","","","1","","","{Not specified}","{Not specified}","","","","","23","5.5","5","","","","","8","","7","17","0","0","X","0","","","","01/08/2025 00:00:00","","X","","1","1","0","0","1","","","","","","","","",""
"51059","45657","1","2025","Normal","Education","Educational","Science","Connection Cards (8 pack)","X","45657-1","","","","","","","8","","","{Not specified}","{Not specified}","","","","","9","11.2","1","","","","","5","","7","21","0","0","X","0","","","","01/08/2025 00:00:00","","X","","1","1","0","0","1","","","","","","","","",""
"52249","45829","1","2025","Normal","Education","Educational","FIRST LEGO League Challenge","FIRST LEGO League Challenge 2025 - Unearthed","","","","","","","","","","","","{Not specified}","{Not specified}","","","","","","","","","","","","","","6","8","0","0","X","0","","","","","","","","0","0","0","0","0","","","","","","","","",""
"52251","45830","1","2025","Normal","Education","Educational","FIRST LEGO League Challenge","FIRST LEGO League Challenge 2025 - Unearthed Explore Set","","","","","","","","","","","","{Not specified}","{Not specified}","","","","","","","","","","","","","","4","8","0","0","X","0","","","","","","","","0","0","0","0","0","","","","","","","","",""
"52250","45831","1","2025","Normal","Education","Educational","FIRST LEGO League Challenge","FIRST LEGO League Challenge 2025 - Unearthed Discover Set","","","","","","","","","","","","{Not specified}","{Not specified}","","","","","","","","","","","","","","3","7","0","0","X","0","","","","","","","","0","0","0","0","0","","","","","","","","",""
"51075","2000483","1","2025","Normal","Education","Educational","Science","Marketing Kit","","","","","","","","","126","","","{Not specified}","{Not specified}","","","","","20.5","19.1","4.6","","","","","5","","5","16","0","0","X","0","","","","01/08/2025 00:00:00","","X","","1","1","0","0","1","","","","","","","","",""
"50998","77075","1","2025","Normal","Fortnite","Licensed","","Peely & Sparkplug's Camp","X","77075-1","22.99","17.99","24.99","19.99","25/04/2025 00:00:00","04/05/2026 00:00:00","250","3","fort015,fort016,gen047,","Box","Retail","6529130","6529129","5702017824307","673419407441","26.2","19.1","4.6","","10","9","6","7","","1292","421","3","5","X","0","14.5600","8.0000","","01/06/2025 00:00:00","31/12/2026 00:00:00","X","","1","1","0","0","1","","","","","","","","",""
"50999","77076","1","2025","Normal","Fortnite","Licensed","","Durrr Burger Restaurant","X","77076-1","64.99","54.99","79.99","59.99","25/04/2025 00:00:00","04/05/2026 00:00:00","546","4","fort010,fort011,fort012,gen047,","Box","Retail","6529132","6529131","5702017824291","673419407458","26.2","28.2","7.6","","27","18","9","10","","929","478","3","5","X","0","39.3400","28.8100","","01/06/2025 00:00:00","31/12/2026 00:00:00","X","","1","1","0","0","1","","","","","","","","",""
"51000","77077","1","2025","Normal","Fortnite","Licensed","","Klombo","X","77077-1","109.99","89.99","129.99","99.99","25/04/2025 00:00:00","04/05/2026 00:00:00","1084","2","fort013,fort014,","Box","Retail","6529134","6529133","5702017824284","673419407465","45.6","28.2","7.2","","","","","10","","679","576","3","6","X","0","78.7000","","","01/06/2025 00:00:00","31/12/2026 00:00:00","X","","1","1","0","0","1","","","","","","","","",""
"50997","77078","1","2025","Normal","Fortnite","Licensed","","Mecha Team Leader","X","77078-1","249.99","209.99","299.99","229.99","25/04/2025 00:00:00","04/05/2026 00:00:00","2503","1","fort017,","Box","Retail","6529136","6529135","5702017824277","673419407472","37.8","55.5","11.8","","","","","18","","537","738","7","8","X","5","175.6300","","Erik Jensen,","01/08/2025 00:00:00","31/12/2026 00:00:00","X","","1","1","0","0","1","","","","","","","","",""
"50446","30696","1","2025","Normal","Friends","Modern day","Park","Autumn's Waffle Stand","X","30696-1","","","","","","","37","1","frnd0771,","Paper bag","LEGO exclusive","6527974","6527973","5702017819426","","17","19.5","1.5","0.037","","","","5","","809","256","2","3","X","0","3.8000","2.9400","Theo Bonner,","01/01/2025 00:00:00","31/12/2025 00:00:00","X","","1","1","0","0","1","","","","","","","","",""
"50447","30697","1","2025","Normal","Friends","Modern day","Pets","Nova's Doghouse Build","X","30697-1","","3.49","","3.99","","","50","1","frnd0772,","Paper bag","LEGO exclusive","6527976","6527975","5702017819471","673419406932","17","18","3","0.053","","","","5","","610","169","2","4","X","0","3.3700","","Theo Bonner,","01/01/2025 00:00:00","31/12/2025 00:00:00","X","","1","1","0","0","1","","","","","","","","",""
"50871","42640","1","2025","Normal","Friends","Modern day","Pets","Guinea Pig Playground","X","42640-1","9.99","8.99","12.99","9.99","11/12/2024 00:00:00","25/03/2026 00:00:00","86","2","frnd0773,frnd0774,","Box","Retail","6518554","6518553","5702017783703","673419402071","14.1","12.2","6.1","0.148","12","8","9","5","","725","140","2","10","X","4","9.2700","","","01/01/2025 00:00:00","31/12/2025 00:00:00","X","","1","1","0","0","1","","","","","","","","",""
"50870","42641","1","2025","Normal","Friends","Modern day","Beach","Surfing Dogs and Scooter Adventure","X","42641-1","14.99","12.99","17.99","14.99","11/12/2024 00:00:00","13/12/2025 00:00:00","113","2","frnd0783,frnd0784,","Box","Retail","6518556","6518555","5702017783710","673419402088","19.1","14.1","4.6","0.144","11","10","4","6","","677","204","2","9","X","0","11.1200","9.0000","Theo Bonner,","01/01/2025 00:00:00","31/12/2025 00:00:00","X","","1","1","0","0","1","","","","","","","","",""
"51373","42642","1","2025","Normal","Friends","Modern day","General","Friendship Movie Night","X","42642-1","14.99","12.99","17.99","14.99","07/05/2025 00:00:00","04/05/2026 00:00:00","154","2","frnd0773,frnd0817,","Box","Retail","6526839","6526838","5702017814834","673419404327","19.1","14.1","4.6","0.205","11","9","9","6","","531","174","4","9","X","5","11.8600","","Tom Gerardin,","01/06/2025 00:00:00","31/07/2026 00:00:00","X","","1","1","0","0","1","","","","","","","","",""
"50872","42643","1","2025","Normal","Friends","Modern day","General","Cotton Candy Stand and Scooter","X","42643-1","9.99","8.99","12.99","9.99","11/12/2024 00:00:00","12/03/2026 00:00:00","110","2","frnd0717,frnd0816,","Box","Retail","6518558","6518557","5702017783727","673419402095","14.1","12.2","6.1","0.15","8","8","5","6","","758","184","2","9","X","0","10.7800","","","01/01/2025 00:00:00","31/12/2025 00:00:00","X","","1","1","0","0","1","","","","","","","","",""
"50873","42644","1","2025","Normal","Friends","Modern day","Traffic","Heartlake City Ice Cream Truck","X","42644-1","19.99","17.99","24.99","19.99","11/12/2024 00:00:00","04/05/2026 00:00:00","92","2","frnd0819,frnd0820,","Box","Retail","6518560","6518559","5702017783734","673419402101","26.2","19.1","4.6","","13","8","7","4","","142","139","4","8","X","0","13.4400","","","01/01/2025 00:00:00","31/12/2026 00:00:00","X","","1","1","0","0","1","","","","","","","","",""
"50909","42645","1","2025","Normal","Friends","Modern day","General","Aliya's Baby Sister's Playroom","X","42645-1","17.99","14.99","22.99","17.99","11/12/2024 00:00:00","23/11/2025 00:00:00","125","3","frnd0773,frnd0775,frnd0776,","Box","Retail","6526841","6526840","5702017814841","673419404334","19.1","14.1","4.6","","13","5","7","","","349","168","2","10","X","4","20.1700","","Jules Leduc,","01/01/2025 00:00:00","31/12/2025 00:00:00","X","","1","1","0","0","1","","","","","","","","",""
"50874","42646","1","2025","Normal","Friends","Modern day","Bedrooms","Autumn's Room","X","42646-1","19.99","17.99","24.99","19.99","11/12/2024 00:00:00","30/11/2025 00:00:00","222","2","frnd0777,frnd0778,","Box","Retail","6526843","6526842","5702017814858","673419404341","20.5","19.1","6.1","0.326","13","11","7","6","","409","230","2","8","X","0","18.6400","15.0000","Bas Brederode,","01/01/2025 00:00:00","31/12/2025 00:00:00","X","","1","1","0","0","1","","","","","","","","",""
"50875","42647","1","2025","Normal","Friends","Modern day","Bedrooms","Paisley's Room","X","42647-1","19.99","17.99","24.99","19.99","11/12/2024 00:00:00","04/05/2026 00:00:00","199","2","frnd0808,frnd0809,","Box","Retail","6526845","6526844","5702017814865","673419404457","20.5","19.1","4.6","0.276","14","7","9","6","","501","243","2","10","X","4","17.6100","","Bas Brederode,","01/01/2025 00:00:00","31/07/2026 00:00:00","X","","1","1","0","0","1","","","","","","","","",""
"51374","42648","1","2025","Normal","Friends","Modern day","Vet","Panda Sanctuary","X","42648-1","29.99","24.99","39.99","29.99","07/05/2025 00:00:00","04/05/2026 00:00:00","243","2","frnd0853,frnd0854,","Box","Retail","6526847","6526846","5702017815176","673419404464","26.2","22.2","6.2","0.457","15","17","16","7","","390","158","4","10","X","0","35.0000","","","01/06/2025 00:00:00","31/12/2026 00:00:00","X","","1","1","0","0","1","","","","","","","","",""
"50876","42649","1","2025","Normal","Friends","Modern day","Heartlake City","Heartlake City Candy Store","X","42649-1","29.99","24.99","39.99","29.99","11/12/2024 00:00:00","04/05/2026 00:00:00","376","3","frnd0699,frnd0778,frnd0810,","Box","Retail","6526849","6526848","5702017815183","673419404471","26.2","22.2","6.2","","11","16","16","","","467","224","6","9","X","0","","","Theo Bonner,","01/01/2025 00:00:00","31/12/2026 00:00:00","X","","1","1","0","0","1","","","","","","","","",""
"50877","42650","1","2025","Normal","Friends","Modern day","Heartlake City","Pet Accessories Shop","X","42650-1","39.99","34.99","49.99","39.99","11/12/2024 00:00:00","04/05/2026 00:00:00","375","3","frnd0774,frnd0790,frnd0806,","Box","Retail","6518562","6518561","5702017783741","673419402118","28.2","26.2","5.9","","14","20","12","","","199","151","2","11","X","0","22.9900","","Tom Gerardin,","01/01/2025 00:00:00","31/12/2026 00:00:00","X","","1","1","0","0","1","","","","","","","","",""
"50671","42651","1","2025","Normal","Friends","Modern day","Vet","Horse and Pet Vet Clinic","X","42651-1","49.99","44.99","64.99","49.99","11/12/2024 00:00:00","03/11/2025 00:00:00","428","3","frnd0779,frnd0780,frnd0781,","Box","Retail","6526851","6526850","5702017815190","673419404488","28.2","26.2","7.6","0.705","15","20","9","7","","153","160","2","10","X","0","37.8500","","","01/01/2025 00:00:00","31/12/2025 00:00:00","X","","1","1","0","0","1","","","","","","","","",""
"50878","42652","1","2025","Normal","Friends","Modern day","Tree Houses","Friendship Tree House Hangout","X","42652-1","69.99","59.99","89.99","69.99","11/12/2024 00:00:00","04/05/2026 00:00:00","701","4","frnd0789,frnd0790,frnd0791,frnd0792,","Box","Retail","6526853","6526852","5702017815206","673419404495","37.8","35.4","7.1","","31","28","15","8","","242","229","2","12","X","0","50.2200","","Jules Leduc,","01/01/2025 00:00:00","31/12/2028 00:00:00","X","","1","1","0","0","1","","","","","","","","",""
"51375","42653","1","2025","Normal","Friends","Modern day","Heartlake City","Music Shop & Apartment","X","42653-1","49.99","44.99","64.99","49.99","07/05/2025 00:00:00","04/05/2026 00:00:00","483","3","frnd0817,frnd0847,frnd0848,","Box","Retail","6526855","6526854","5702017815213","673419404501","","","","","18","18","10","7","","153","236","4","10","X","0","","","Jules Leduc,","01/06/2025 00:00:00","31/07/2026 00:00:00","X","","1","1","0","0","1","","","","","","","","",""
"51376","42654","1","2025","Normal","Friends","Modern day","Vet","Pony Ranch & Stable","X","42654-1","69.99","59.99","89.99","69.99","07/05/2025 00:00:00","04/05/2026 00:00:00","727","4","frnd0799,frnd0843,frnd0844,frnd0845,","Box","Retail","6526857","6526856","5702017815220","673419404518","","","","","17","33","14","7","","133","155","4","11","X","0","","","Wes Talbott,","01/06/2025 00:00:00","31/07/2026 00:00:00","X","","1","1","0","0","1","","","","","","","","",""
"50879","42655","1","2025","Normal","Friends","Modern day","Heartlake City","Restaurant and Cooking School","X","42655-1","79.99","69.99","99.99","79.99","11/12/2024 00:00:00","24/11/2025 00:00:00","896","4","frnd0811,frnd0812,frnd0813,frnd0814,","Box","Retail","6526859","6526858","5702017815237","673419404525","37.8","35.4","7.1","","20","19","14","8","","265","373","2","12","X","0","68.3800","57.0000","","01/01/2025 00:00:00","31/12/2025 00:00:00","X","","1","1","0","0","1","","","","","","","","",""
"50899","42656","1","2025","Normal","Friends","Modern day","Airport","Heartlake City Airport and Airplane","X","42656-1","99.99","89.99","129.99","99.99","04/12/2024 00:00:00","28/11/2025 00:00:00","958","8","frnd0785,frnd0792,frnd0793,frnd0794,frnd0795,frnd0796,frnd0797,frnd0798,","Box","Retail","6526861","6526860","5702017815244","673419404532","48","37.8","7.1","","13","31","25","8","","177","296","6","11","X","0","147.7800","","Matthias Richter,","01/01/2025 00:00:00","31/12/2025 00:00:00","X","","1","1","0","0","1","","","","","","","","",""
"51377","42658","1","2025","Normal","Friends","Modern day","Summer","Unicorn & Flamingo Pool Party","X","42658-1","9.99","8.99","12.99","9.99","07/05/2025 00:00:00","04/05/2026 00:00:00","99","2","frnd0829,frnd0836,","Box","Retail","6526863","6526862","5702017815251","673419404549","19.1","14.1","4.6","0.155","5","8","7","5","","468","135","4","9","X","0","9.5000","9.0000","","01/06/2025 00:00:00","31/07/2026 00:00:00","X","","1","1","0","0","1","","","","","","","","",""
"51378","42659","1","2025","Normal","Friends","Modern day","Great Outdoors","Friendship Road-Trip Travel Car","X","42659-1","19.99","17.99","24.99","19.99","07/05/2025 00:00:00","04/05/2026 00:00:00","220","2","frnd0776,frnd0842,","Box","Retail","6526865","6526864","5702017815268","673419404556","26.2","14.1","6.1","0.326","19","8","6","6","","310","166","2","10","X","0","14.4400","9.0000","","01/06/2025 00:00:00","31/12/2026 00:00:00","X","","1","1","0","0","1","","","","","","","","",""
"51379","42661","1","2025","Normal","Friends","Modern day","General","Costume Party","X","42661-1","39.99","34.99","49.99","39.99","07/05/2025 00:00:00","04/05/2026 00:00:00","261","4","frnd0849,frnd0850,frnd0851,frnd0852,","Box","Retail","6526867","6526866","5702017815275","673419404563","26.2","22.2","6.2","0.34","25","8","5","6","","234","192","4","10","X","0","","","","01/06/2025 00:00:00","31/12/2026 00:00:00","X","","1","1","0","0","1","","","","","","","","",""
"50672","42662","1","2025","Normal","Friends","Modern day","Heartlake City","Hair Salon and Accessories Store","X","42662-1","44.99","39.99","59.99","44.99","11/12/2024 00:00:00","22/11/2025 00:00:00","347","3","frnd0773,frnd0787,frnd0788,","Box","Retail","6526869","6526868","5702017815282","673419404570","28.2","26.2","5.9","","15","19","8","7","","200","161","6","12","X","0","38.6000","29.0000","","01/01/2025 00:00:00","31/12/2025 00:00:00","X","","1","1","0","0","1","","","","","","","","",""
"50880","42663","1","2025","Normal","Friends","Modern day","Great Outdoors","Friendship Camper Van Adventure","X","42663-1","59.99","54.99","79.99","59.99","11/12/2024 00:00:00","04/05/2026 00:00:00","778","3","frnd0777,frnd0781,frnd0789,","Box","Retail","6526871","6526870","5702017815299","673419404587","45.6","28.2","6.1","","15","23","8","7","","359","353","2","11","X","0","43.8900","","Tom Gerardin,","01/01/2025 00:00:00","31/12/2026 00:00:00","X","","1","1","0","0","1","","","","","","","","",""
"51380","42664","1","2025","Normal","Friends","Modern day","Summer","Travel Boat Adventure","X","42664-1","74.99","69.99","99.99","74.99","07/05/2025 00:00:00","04/05/2026 00:00:00","685","4","frnd0822,frnd0823,frnd0824,frnd0825,","Box","Retail","6526873","6526872","5702017815305","673419404594","37.8","35.4","7.1","","26","32","19","8","","99","139","8","11","X","0","67.3000","","Theo Bonner,","01/06/2025 00:00:00","31/12/2026 00:00:00","X","","1","1","0","0","1","","","","","","","","",""
"51381","42665","1","2025","Normal","Friends","Modern day","Pets","Puppy Playground","X","42665-1","9.99","8.99","12.99","9.99","07/05/2025 00:00:00","04/05/2026 00:00:00","66","2","frnd0773,frnd0841,","Box","Retail","6526875","6526874","5702017815312","673419404600","19.1","14.1","4.6","0.163","14","9","6","4","","227","88","4","8","X","0","7.8300","","","01/06/2025 00:00:00","31/12/2026 00:00:00","X","","1","1","0","0","1","","","","","","","","",""
"51382","42666","1","2025","Normal","Friends","Modern day","Pets","Cat Birthday Party","X","42666-1","29.99","24.99","39.99","29.99","07/05/2025 00:00:00","04/05/2026 00:00:00","321","2","frnd0819,frnd0846,","Box","Retail","6518564","6518563","5702017783758","673419402125","19.1","26.2","6.1","0.434","18","16","10","6","","350","169","4","9","X","0","29.8800","15.0000","Wes Talbott,","01/06/2025 00:00:00","31/12/2026 00:00:00","X","","1","1","0","0","1","","","","","","","","",""
"51352","42668","1","2025","Normal","Friends","Modern day","Seasonal","LEGO Friends Advent Calendar 2025","X","42668-1","34.99","19.99","39.99","26.99","30/07/2025 00:00:00","26/02/2026 00:00:00","237","5","frnd0855,frnd0856,frnd0857,frnd0858,frnd0859,","Box","Retail","6526877","6526876","5702017814827","673419404389","38","26","6.8","0.375","","","","6","","489","93","1","10","X","0","35.0000","","","01/09/2025 00:00:00","31/12/2025 00:00:00","X","","1","1","0","0","1","","","","","","","","",""
"50881","42669","1","2025","Normal","Friends","Modern day","Great Outdoors","Beekeepers' House and Flower Garden","X","42669-1","89.99","89.99","119.99","99.99","11/12/2024 00:00:00","28/11/2025 00:00:00","1161","4","frnd0812,frnd0815,frnd0817,frnd0818,","Box","Retail","6526879","6526878","5702017815329","673419404617","45.6","28.2","7.2","","18","36","19","12","","618","440","6","11","X","5","70.4700","62.7500","Wes Talbott,","01/01/2025 00:00:00","31/12/2025 00:00:00","X","","1","1","0","0","1","","","","","","","","",""
"50882","42670","1","2025","Normal","Friends","Modern day","Heartlake City","Heartlake City Apartments and Stores","X","42670-1","169.99","149.99","219.99","169.99","11/12/2024 00:00:00","04/05/2026 00:00:00","2040","9","frnd0786,frnd0792,frnd0799,frnd0800,frnd0801,frnd0802,frnd0803,frnd0804,frnd0805,","Box","Retail","6526881","6526880","5702017815336","673419404624","55.5","37.8","8.7","","31","39","14","12","","283","575","4","10","X","2","169.6300","","","01/01/2025 00:00:00","31/07/2026 00:00:00","X","","1","1","0","0","1","","","","","","","","",""
"51383","42671","1","2025","Normal","Friends","Modern day","Heartlake City","Plant Café & Flower Shop","X","42671-1","99.99","79.99","119.99","89.99","07/05/2025 00:00:00","04/05/2026 00:00:00","1138","4","frnd0832,frnd0833,frnd0834,frnd0835,","Box","Retail","6526883","6526882","5702017815343","673419404631","45.6","28.2","7.2","","15","32","13","9","","314","482","4","10","X","0","73.6400","","Jules Leduc,","01/06/2025 00:00:00","31/12/2026 00:00:00","X","","1","1","0","0","1","","","","","","","","",""
"50673","42672","1","2025","Normal","Friends","Modern day","Miscellaneous","Creative Beach and Travel Suitcase","X","42672-1","29.99","24.99","39.99","29.99","11/12/2024 00:00:00","11/11/2025 00:00:00","188","2","frnd0782,frnd0807,","Plastic box","Retail","6526885","6526884","5702017815350","673419404648","28.2","26.2","6.4","","11","11","3","5","","205","114","6","8","X","0","","","Bas Brederode,Tom Gerardin,","01/01/2025 00:00:00","31/12/2025 00:00:00","X","","1","1","0","0","1","","","","","","","","",""
"51384","42673","1","2025","Normal","Friends","Modern day","Summer","Family Vacation Beach Resort","X","42673-1","129.99","119.99","169.99","129.99","07/05/2025 00:00:00","04/05/2026 00:00:00","1140","6","frnd0826,frnd0827,frnd0828,frnd0829,frnd0830,frnd0831,","Box","Retail","6526887","6526886","5702017815367","673419404655","48","37.8","9.4","","18","45","24","8","","112","239","12","11","X","0","117.3100","","","01/06/2025 00:00:00","31/12/2026 00:00:00","X","","1","1","0","0","1","","","","","","","","",""
"51385","42674","1","2025","Normal","Friends","Modern day","Heartlake City","Comic Book and Game Store","X","42674-1","99.99","79.99","119.99","89.99","31/05/2025 00:00:00","04/05/2026 00:00:00","1005","4","frnd0837,frnd0838,frnd0839,frnd0840,","Box","LEGO exclusive","6532582","6532581","5702017836003","673419409438","54","28.2","7.9","","18","30","17","9","","227","534","6","11","X","5","123.2900","","Tom Gerardin,","01/06/2025 00:00:00","31/12/2026 00:00:00","X","","1","1","0","0","1","","","","","","","","",""
"51614","66806","1","2025","Collection","Friends","Modern day","Product Collection","Explore Outdoors Gift Set","X","66806-1","24.99","","","","","","521","","","Box","Retail - limited","6578575","","","","50.1","22.6","7.5","","","","","7","","64","23","0","0","X","0","","","","01/08/2025 00:00:00","31/12/2025 00:00:00","X","","1","1","0","0","1","","","","","","","","",""
"52281","562412","1","2025","Other","Friends","Modern day","Magazine gift","Honey Bee Farm","X","562412-1","","","","","","","26","","","Paper bag","Magazine gift","","","","","","","","","","","","6","","30","38","0","0","X","0","5.3500","","","","","","","0","0","0","0","0","","","","","","","","",""
"51243","562501","1","2025","Other","Friends","Modern day","Magazine gift","Aira at Veterinary Station","X","562501-1","","","","","","","21","","","Paper bag","Magazine gift","","","","","","","","","","","","","","33","54","0","0","X","0","2.5500","","","","","X","","1","1","0","0","1","","","","","","","","",""
"51321","562502","1","2025","Other","Friends","Modern day","Magazine Gift","Paisley and Melody with Seesaw","X","562502-1","","","","","","","12","1","frnd0800,","Paper bag","Magazine gift","","","","","","","","","","","","6","","24","43","0","0","X","0","3.3300","","","","","X","","1","1","0","0","1","","","","","","","","",""
"51499","562503","1","2025","Other","Friends","Modern day","Magazine gift","Ice Cream Shop","X","562503-1","","","","","","","29","","","Paper bag","Magazine gift","","","","","","","","","","","","6","","35","50","0","0","X","0","2.6500","","","","","X","","1","1","0","0","1","","","","","","","","",""
"51606","562504","1","2025","Other","Friends","Modern day","Magazine gift","Cat Tree with Kitten","X","562504-1","","","","","","","21","","","Paper bag","Magazine gift","","","","","","","","","","","","6","","25","45","0","0","X","0","2.5700","","","","","X","","1","1","0","0","1","","","","","","","","",""
"52039","562505","1","2025","Other","Friends","Modern day","Magazine gift","Puppy's Stage","X","562505-1","","","","","","","28","","","Paper bag","Magazine gift","","","","","","","","","","","","6","","25","36","0","1","X","0","2.7500","","","","","X","","1","1","0","0","1","","","","","","","","",""
"51150","PETSHOP","1","2025","Other","Friends","Modern day","Promotional","Pet Shop","X","PETSHOP-1","","","","","","","29","","","None (loose parts)","{Not specified}","","","","","","","","","","","","","","7","38","0","2","X","0","","","","","","X","","1","1","0","0","1","","","","","","","","",""
"51429","11204","1","2025","Normal","Gabby's Dollhouse","Licensed","The Movie","Mermaid Gabby's Aquarium Adventure","X","11204-1","22.99","17.99","24.99","19.99","24/05/2025 00:00:00","04/05/2026 00:00:00","103","3","gdh004,gdh016,gdh017,","Box","Retail","6526215","6526214","5702017813455","673419404082","26.2","14.1","6.1","","15","23","7","4","","158","91","4","11","X","0","19.9900","","","01/08/2025 00:00:00","31/07/2026 00:00:00","X","","1","1","0","0","1","","","","","","","","",""
"51428","11205","1","2025","Normal","Gabby's Dollhouse","Licensed","The Movie","Sweet Treat Mountain & Kitty Garden","X","11205-1","54.99","44.99","64.99","49.99","24/05/2025 00:00:00","04/05/2026 00:00:00","263","6","gdh003,gdh005,gdh007,gdh013,gdh014,gdh015,","Box","Retail","6526217","6526216","5702017813462","673419404099","","","","","17","19","9","4","","101","87","10","9","X","0","29.9900","","","01/08/2025 00:00:00","31/07/2026 00:00:00","X","","1","1","0","0","1","","","","","","","","",""
"51196","109865","1","2025","Gear","Gear","Miscellaneous","Housewares","LEGO Flower Vase","X","109865-1","","","","","","","","","","Box","LEGO exclusive","","","5060373578112","","","","","","","","","8","","133","454","0","3","X","0","","","","","","X","","1","1","0","0","1","","","","","","","","",""
"50946","854302","1","2025","Gear","Gear","Miscellaneous","Key Chains/Sonic the Hedgehog","Shadow the Hedgehog Key Chain","X","854302-1","5.99","4.99","7.99","5.99","02/01/2025 00:00:00","04/05/2026 00:00:00","","","","Tag","LEGO exclusive","6537479","6537479","","673419410304","","","","","","","","","","189","70","0","2","X","0","","","","","","X","","1","1","0","0","1","","","","","","","","",""
"50961","854303","1","2025","Gear","Gear","Miscellaneous","Key Chains/Brick","Bright Bluish Green 2x4 Stud Key Chain","X","854303-1","5.99","4.99","7.99","5.99","03/01/2025 00:00:00","04/05/2026 00:00:00","","","","Tag","LEGO exclusive","6537480","6537480","","673419410311","","","","","","","","","","104","52","0","2","X","0","","","","","","X","","1","1","0","0","1","","","","","","","","",""
"50957","854304","1","2025","Gear","Gear","Miscellaneous","Key Chains/Brick","Medium Lavender 2x4 Stud Key Chain","X","854304-1","5.99","4.99","7.99","5.99","03/01/2025 00:00:00","04/05/2026 00:00:00","","","","Tag","LEGO exclusive","6537481","6537481","","673419410328","","","","","","","","","","93","53","0","2","X","0","","","","","","X","","1","1","0","0","1","","","","","","","","",""
"50958","854305","1","2025","Gear","Gear","Miscellaneous","Key Chains/Minifigures","Silver Minifigure Key Chain","X","854305-1","5.99","4.99","7.99","5.99","03/01/2025 00:00:00","04/05/2026 00:00:00","","","","Tag","LEGO exclusive","6537482","6537482","","673419410335","","","","0.012","","","","6","","410","140","0","2","X","0","","","","","","X","","1","1","0","0","1","","","","","","","","",""
"50956","854306","1","2025","Gear","Gear","Miscellaneous","Key Chains/Minifigures","Mushroom Girl Key Chain","X","854306-1","5.99","4.99","7.99","5.99","03/01/2025 00:00:00","04/05/2026 00:00:00","","","","Tag","LEGO exclusive","6537483","6537483","","673419410342","","","","","","","","","","133","55","0","2","X","0","","","","","","X","","1","1","0","0","1","","","","","","","","",""
"50965","854307","1","2025","Gear","Gear","Miscellaneous","Role-play toys","Mateo's Z-Blob Sword","X","854307-1","9.99","8.49","12.99","9.99","03/01/2025 00:00:00","04/05/2026 00:00:00","","","","{Not specified}","{Not specified}","6537574","6537574","","673419410625","","","","","","","","","","31","14","0","2","X","0","","","","","","X","","1","1","0","0","1","","","","","","","","",""
"50962","854308","1","2025","Gear","Gear","Miscellaneous","Role-play toys","Izzie's Sword","X","854308-1","9.99","8.49","12.99","9.99","03/01/2025 00:00:00","04/05/2026 00:00:00","","","","{Not specified}","{Not specified}","6537575","6537575","","673419410632","","","","","","","","","","29","16","0","2","X","0","","","","","","X","","1","1","0","0","1","","","","","","","","",""
"50963","854309","1","2025","Gear","Gear","Miscellaneous","Role-play toys","Dragonian Warrior Axe","X","854309-1","9.99","8.49","12.99","9.99","03/01/2025 00:00:00","04/05/2026 00:00:00","","","","{Not specified}","{Not specified}","6537576","6537576","","673419410649","","","","","","","","","","30","23","0","2","X","0","","","","","","X","","1","1","0","0","1","","","","","","","","",""
"50960","854310","1","2025","Gear","Gear","Miscellaneous","Role-play toys","Ninja Double Katanas","X","854310-1","24.99","21.99","32.99","24.99","03/01/2025 00:00:00","04/05/2026 00:00:00","","","","{Not specified}","{Not specified}","6537577","6537577","","673419410656","","","","","","","","","","22","19","0","2","X","0","","","","","","X","","1","1","0","0","1","","","","","","","","",""
"50959","854311","1","2025","Gear","Gear","Miscellaneous","Role-play toys","Lloyd's Sword with Sheath","X","854311-1","19.99","16.99","24.99","19.99","03/01/2025 00:00:00","04/05/2026 00:00:00","","","","{Not specified}","{Not specified}","6537581","6537581","","673419410663","","","","","","","","","","20","19","0","2","X","0","","","","","","X","","1","1","0","0","1","","","","","","","","",""
"51322","854312","1","2025","Gear","Gear","Miscellaneous","Key Chains/Star Wars","R2-D2 Key Chain","X","854312-1","5.99","4.99","7.99","5.99","19/04/2025 00:00:00","04/05/2026 00:00:00","","","","Tag","LEGO exclusive","6537485","6537485","","673419410465","","","","","","","","6","","218","54","0","2","X","0","","","","","","X","","1","1","0","0","1","","","","","","","","",""
"51323","854313","1","2025","Gear","Gear","Miscellaneous","Key Chains/Star Wars","C-3PO Key Chain","X","854313-1","5.99","4.99","7.99","5.99","19/04/2025 00:00:00","04/05/2026 00:00:00","","","","Tag","LEGO exclusive","6537486","6537486","","673419410472","","","","","","","","6","","376","69","0","2","X","0","","","","","","X","","1","1","0","0","1","","","","","","","","",""
"50964","854316","1","2025","Gear","Gear","Miscellaneous","Key Chains/Jurassic World","Baby Ankylosaurus Key Chain","X","854316-1","5.99","4.99","7.99","5.99","03/01/2025 00:00:00","04/05/2026 00:00:00","","","","Tag","LEGO exclusive","6537484","6537484","","673419410458","","","","","","","","","","217","78","0","2","X","0","","","","","","X","","1","1","0","0","1","","","","","","","","",""
"51396","854317","1","2025","Gear","Gear","Miscellaneous","Key Chains/Minifigures","T. rex Suit Guy Key Chain","X","854317-1","5.99","4.99","7.99","5.99","03/05/2025 00:00:00","04/05/2026 00:00:00","","","","Tag","LEGO exclusive","6550969","6550969","","673419414135","","","","","","","","6","","132","56","0","2","X","0","","","","","","X","","1","1","0","0","1","","","","","","","","",""
"51395","854319","1","2025","Gear","Gear","Miscellaneous","Key Chains/Disney","Stitch Key Chain","X","854319-1","5.99","4.99","7.99","5.99","03/05/2025 00:00:00","04/05/2026 00:00:00","","","","Tag","LEGO exclusive","6551003","6551003","","673419414258","","","","","","","","6","","247","69","0","2","X","0","","","","","","X","","1","1","0","0","1","","","","","","","","",""
"51542","854320","1","2025","Gear","Gear","Miscellaneous","Key Chains/DC Comics Super Heroes","Batgirl Key Chain","X","854320-1","5.99","4.99","7.99","5.99","03/07/2025 00:00:00","04/05/2026 00:00:00","","","","Tag","LEGO exclusive","6551004","6551004","","673419414265","","","","","","","","6","","86","28","0","2","X","0","","","","","","X","","1","1","0","0","1","","","","","","","","",""
"51543","854321","1","2025","Gear","Gear","Miscellaneous","Key Chains/Marvel Super Heroes","The Hulk Key Chain","X","854321-1","5.99","4.99","7.99","5.99","03/07/2025 00:00:00","04/05/2026 00:00:00","","","","Tag","LEGO exclusive","6551006","6551006","","673419414272","","","","","","","","6","","75","37","0","2","X","0","","","","","","X","","1","1","0","0","1","","","","","","","","",""
"51449","5006952","1","2025","Gear","Gear","Miscellaneous","Storage","Classic Box – White","X","5006952-1","6.99","","7.99","","01/06/2025 00:00:00","30/11/2025 00:00:00","","","","{Not specified}","{Not specified}","6393058","","5706773402359","","","","","","","","","","","10","18","0","1","X","0","","","","","","X","","1","1","0","0","1","","","","","","","","",""
"51265","5006954","1","2025","Gear","Gear","Miscellaneous","Storage","Classic Box – Pink","","","9.99","","10.99","","22/03/2025 00:00:00","28/06/2025 00:00:00","","","","{Not specified}","{Not specified}","6393061","","","848442025485","","","","","","","","6","","7","11","0","0","X","0","","","","","","X","","1","1","0","0","1","","","","","","","","",""
"51549","5007200","1","2025","Gear","Gear","Miscellaneous","Stationery","Pen Pal Gel Pen with Minifigure – Black","X","5007200-1","9.99","","","","05/07/2025 00:00:00","02/10/2025 00:00:00","","","","{Not specified}","{Not specified}","6410225","","4895028526016","","","","","","","","","","","23","12","0","3","X","0","","","","","","X","","1","1","0","0","1","","","","","","","","",""
"51550","5007201","1","2025","Gear","Gear","Miscellaneous","Stationery","Pen Pal Gel Pen with Minifigure – Blue","X","5007201-1","9.99","","","","05/07/2025 00:00:00","12/12/2025 00:00:00","","","","{Not specified}","{Not specified}","6411663","","4895028526009","","","","","","","","","","","31","15","0","2","X","0","","","","","","X","","1","1","0","0","1","","","","","","","","",""
"51551","5007209","1","2025","Gear","Gear","Miscellaneous","Stationery","Pen Pal Gel Pen with Minifigure – Red","X","5007209-1","9.99","","","","05/07/2025 00:00:00","20/10/2025 00:00:00","","","","{Not specified}","{Not specified}","6411664","","4895028526023","","","","","","","","","","","14","14","0","3","X","0","","","","","","X","","1","1","0","0","1","","","","","","","","",""
"51397","5007807","1","2025","Gear","Gear","Miscellaneous","Lights","R2 D2 Key Light","X","5007807-1","16.99","13.99","","15.99","04/05/2025 00:00:00","04/05/2026 00:00:00","","","","Tag","{Not specified}","6464698","6464698","4895028521103","","","","","","","","","6","","30","45","0","3","X","0","","","","","","X","","1","1","0","0","1","","","","","","","","",""
"51469","5007811","1","2025","Gear","Gear","Miscellaneous","Key Chains/Lights","Chocolate Bunny Key Light","X","5007811-1","16.99","","","","03/06/2025 00:00:00","17/04/2026 00:00:00","","","","Tag","LEGO exclusive","6464985","","4895028530280","","","","","","","","","6","","23","21","0","6","X","0","","","","","","X","","1","1","0","0","1","","","","","","","","",""
"52099","5007812","1","2025","Gear","Gear","Miscellaneous","Key Chains/Lights","Bunny Suit Guy Key Light","X","5007812-1","16.99","","","","03/10/2025 00:00:00","04/05/2026 00:00:00","","","","{Not specified}","{Not specified}","6464986","","4895028531560","","","","","","","","","","","17","15","0","6","X","0","","","","","","X","","1","1","0","0","1","","","","","","","","",""
"51607","5007977","1","2025","Gear","Gear","Miscellaneous","Clothing","LEGO Shoe Charms Pack","X","5007977-1","","","","","","","","","","{Not specified}","LEGO exclusive","","","","","","","","","","","","","","36","15","0","0","X","0","","","","","","X","","1","1","0","0","1","","","","","","","","",""
"51494","5007996","1","2025","Gear","Gear","Miscellaneous","Key Chains/Lights","Boba Fett Key Light","X","5007996-1","16.99","13.99","","15.99","21/06/2025 00:00:00","04/05/2026 00:00:00","","","","Tag","LEGO exclusive","6480151","6480151","4895028531157","","","","","","","","","6","","32","36","0","6","X","0","","","","","","X","","1","1","0","0","1","","","","","","","","",""
"52258","5008021","1","2025","Gear","Gear","Miscellaneous","Storage","Minifigure Display Case 8 – Sand Green","","","19.99","","","","31/10/2025 00:00:00","29/04/2026 00:00:00","","","","{Not specified}","{Not specified}","6482599","","5711938247928","","","","","","","","","","","5","14","0","0","X","0","","","","","","X","","1","1","0","0","1","","","","","","","","",""
"51486","5008302","1","2025","Gear","Gear","Miscellaneous","Stationery","Lightsaber Gel Pens – 10 Pack","X","5008302-1","","26.99","","29.99","","","","","","{Not specified}","{Not specified}","","6508908","4895028531164","","","","","","","","","","","36","53","0","4","X","0","","","","","","X","","1","1","0","0","1","","","","","","","","",""
"51432","5008652","1","2025","Gear","Gear","Miscellaneous","Patches","Cap Patches","X","5008652-1","","","","","","","","","","Other","Insiders Reward","","","","","","","","","","","","8","","158","44","0","7","X","0","","","","","","X","","1","1","0","0","1","","","","","","","","",""
"51588","5008692","1","2025","Gear","Gear","Miscellaneous","Bags","Minifigure Patch Backpack – New York","X","5008692-1","40","","","","25/07/2025 00:00:00","04/05/2026 00:00:00","","","","{Not specified}","LEGO exclusive","6515398","","","757894514792","","","","","","","","3","","4","13","0","5","X","0","","","","","","X","","1","1","0","0","1","","","","","","","","",""
"50966","5008702","1","2025","Gear","Gear","Miscellaneous","Bags","Brick Pouch – Flame Orange","X","5008702-1","22","","29.99","","03/01/2025 00:00:00","04/05/2026 00:00:00","","","","{Not specified}","{Not specified}","6515408","","","757894516116","","","","","","","","","","8","31","0","4","X","0","","","","","","X","","1","1","0","0","1","","","","","","","","",""
"51261","5008715","1","2025","Gear","Gear","Miscellaneous","Bags","Brick Lunch Bag – Light Pink","X","5008715-1","28","","","","19/03/2025 00:00:00","31/03/2026 00:00:00","","","","{Not specified}","LEGO exclusive","6515421","","","757894515041","","","","","","","","","","5","15","0","4","X","0","","","","","","X","","1","1","0","0","1","","","","","","","","",""
"51262","5008717","1","2025","Gear","Gear","Miscellaneous","Bags","Brick Lunch Bag – Gray","X","5008717-1","28","","","","19/03/2025 00:00:00","04/05/2026 00:00:00","","","","{Not specified}","LEGO exclusive","6515423","","","757894515010","","","","","","","","","","5","13","0","5","X","0","","","","","","X","","1","1","0","0","1","","","","","","","","",""
"52271","5008814","1","2025","Gear","Gear","Miscellaneous","Pens","Lightsaber Gel Pens – 4 Pack","X","5008814-1","","12.67","","15.99","","","","","","Box","LEGO exclusive","","6523682","4895028534240","","","","","","","","","6","","17","17","0","2","X","0","","","","10/11/2025 00:00:00","","X","","1","1","0","0","1","","","","","","","","",""
"51468","5008869","1","2025","Gear","Gear","Miscellaneous","Key Chains/Lights","Panda Guy Key Light","X","5008869-1","16.99","","","","02/06/2025 00:00:00","04/03/2026 00:00:00","","","","Tag","LEGO exclusive","6528922","","4895028531744","","","","","","","","","6","","20","35","0","9","X","0","","","","","","X","","1","1","0","0","1","","","","","","","","",""
"51276","5008990","1","2025","Gear","Gear","Miscellaneous","Lights","Video Game Guy Key Light","X","5008990-1","16.99","13.99","","15.99","03/04/2025 00:00:00","04/05/2026 00:00:00","","","","Tag","LEGO exclusive","6541904","6541904","4895028534868","","","","","","","","","6","","11","24","0","8","X","0","","","","","","X","","1","1","0","0","1","","","","","","","","",""
"51284","5009006","1","2025","Gear","Gear","Miscellaneous","Stationery","Darth Vader Notebook & Lightsaber Pen","X","5009006-1","24.99","","31.99","","04/04/2025 00:00:00","24/10/2025 00:00:00","","","","{Not specified}","{Not specified}","6546001","","4895028534929","","","","","","","","","6","","24","38","0","0","X","0","","","","","","X","","1","1","0","0","1","","","","","","","","",""
"51510","5009062","1","2025","Gear","Gear","Miscellaneous","Stationery","Locking Notebook with Gel Pen – Blue","X","5009062-1","32.99","22.99","39.99","26.99","02/07/2025 00:00:00","23/01/2026 00:00:00","","","","{Not specified}","{Not specified}","6553067","6553067","4895028535629","","","","","","","","","","","4","11","0","8","X","0","","","","","","X","","1","1","0","0","1","","","","","","","","",""
"51507","5009063","1","2025","Gear","Gear","Miscellaneous","Stationery","Locking Notebook with Gel Pen – Violet","X","5009063-1","32.99","22.99","39.99","26.99","02/07/2025 00:00:00","15/08/2025 00:00:00","","","","{Not specified}","{Not specified}","6553068","6553068","4895028535636","","","","","","","","","","","4","12","0","4","X","0","","","","","","X","","1","1","0","0","1","","","","","","","","",""
"51511","5009064","1","2025","Gear","Gear","Miscellaneous","Stationery","Locking Notebook with Gel Pen – Red","X","5009064-1","32.99","22.99","39.99","26.99","02/07/2025 00:00:00","04/05/2026 00:00:00","","","","{Not specified}","{Not specified}","6553069","6553069","4895028535643","","","","","","","","","","","9","10","0","4","X","0","","","","","","X","","1","1","0","0","1","","","","","","","","",""
"51509","5009065","1","2025","Gear","Gear","Miscellaneous","Stationery","Locking Notebook with Gel Pen – Yellow","X","5009065-1","32.99","22.99","39.99","26.99","02/07/2025 00:00:00","04/05/2026 00:00:00","","","","{Not specified}","{Not specified}","6553070","6553070","4895028535650","","","","","","","","","","","4","9","0","3","X","0","","","","","","X","","1","1","0","0","1","","","","","","","","",""
"51508","5009066","1","2025","Gear","Gear","Miscellaneous","Stationery","Locking Notebook with Gel Pen – Green","X","5009066-1","32.99","22.99","39.99","26.99","02/07/2025 00:00:00","04/05/2026 00:00:00","","","","{Not specified}","{Not specified}","6553071","6553071","4895028535667","","","","","","","","","","","3","11","0","4","X","0","","","","","","X","","1","1","0","0","1","","","","","","","","",""
"51506","5009067","1","2025","Gear","Gear","Miscellaneous","Stationery","Locking Notebook with Gel Pen – Black","X","5009067-1","","22.99","","26.99","","","","","","{Not specified}","{Not specified}","","6553072","4895028535674","","","","","","","","","","","6","11","0","4","X","0","","","","","","X","","1","1","0","0","1","","","","","","","","",""
"51473","5009150","1","2025","Gear","Gear","Miscellaneous","Key Chains/Lights","Piggy Guy Key Light","X","5009150-1","16.99","","","","05/06/2025 00:00:00","14/02/2026 00:00:00","","","","Tag","LEGO exclusive","6563335","","4895028534448","","","","","","","","","6","","20","24","0","8","X","0","","","","","","X","","1","1","0","0","1","","","","","","","","",""
"51474","5009151","1","2025","Gear","Gear","Miscellaneous","Key Chains/Lights","Pug Costume Guy Key Light","X","5009151-1","16.99","","","","05/06/2025 00:00:00","16/04/2026 00:00:00","","","","Tag","LEGO exclusive","6563336","","4895028534455","","","","","","","","","","","16","17","0","0","X","0","","","","","","X","","1","1","0","0","1","","","","","","","","",""
"51255","5009187","1","2025","Gear","Gear","Miscellaneous","Bags","Easter Tote Bag","X","5009187-1","","","","","","","","","","{Not specified}","LEGO exclusive","","","","","","","","","","","","","","124","30","0","0","X","0","","","","","","X","","1","1","0","0","1","","","","","","","","",""
"52091","5009236","1","2025","Gear","Gear","Miscellaneous","Plush","Churro Cat Plush","X","5009236-1","","19.99","","22.99","","","","","","{Not specified}","{Not specified}","","6573128","11964520565","","","","","","","","","","","21","36","0","3","X","0","","","","","","X","","1","1","0","0","1","","","","","","","","",""
"52095","5009237","1","2025","Gear","Gear","Miscellaneous","Plush","Shadow Cat Plush","X","5009237-1","","14.99","","17.99","","","","","","{Not specified}","{Not specified}","","6573129","11964520527","","","","","","","","","","","19","24","0","2","X","0","","","","","","X","","1","1","0","0","1","","","","","","","","",""
"51512","5009271","1","2025","Gear","Gear","Miscellaneous","Bags","Herschel Heritage Crossbody – Abstract Bricks","X","5009271-1","49.99","46.99","54.99","54.99","02/07/2025 00:00:00","04/05/2026 00:00:00","","","","{Not specified}","{Not specified}","6575921","6575921","","828432717668","","","","","","","","","","12","24","0","3","X","0","","","","","","X","","1","1","0","0","1","","","","","","","","",""
"51520","5009272","1","2025","Gear","Gear","Miscellaneous","Bags","Herschel Classic XL Backpack – Abstract Bricks","X","5009272-1","74.99","69.99","84.99","79.99","02/07/2025 00:00:00","04/05/2026 00:00:00","","","","{Not specified}","{Not specified}","6575922","6575922","","828432717699","","","","","","","","","","15","16","0","11","X","0","","","","","","X","","1","1","0","0","1","","","","","","","","",""
"51521","5009273","1","2025","Gear","Gear","Miscellaneous","Bags","Herschel Classic XL Backpack – Garden Floral","X","5009273-1","74.99","69.99","84.99","79.99","02/07/2025 00:00:00","01/03/2026 00:00:00","","","","{Not specified}","{Not specified}","6575923","6575923","","828432717705","","","","","","","","","","15","25","0","9","X","0","","","","","","X","","1","1","0","0","1","","","","","","","","",""
"51523","5009274","1","2025","Gear","Gear","Miscellaneous","Bags","Herschel Heritage Backpack – Abstract Bricks","X","5009274-1","89.99","79.99","119.99","89.99","02/07/2025 00:00:00","04/05/2026 00:00:00","","","","{Not specified}","{Not specified}","6575924","6575924","","828432717712","","","","","","","","","","14","20","0","10","X","0","","","","","","X","","1","1","0","0","1","","","","","","","","",""
"51519","5009275","1","2025","Gear","Gear","Miscellaneous","Bags","Herschel Heritage Tote – Abstract Bricks","X","5009275-1","109.99","84.99","","99.99","02/07/2025 00:00:00","03/07/2025 00:00:00","","","","{Not specified}","{Not specified}","6575925","6575925","","828432717729","","","","","","","","","","10","10","0","6","X","0","","","","","","X","","1","1","0","0","1","","","","","","","","",""
"51526","5009276","1","2025","Gear","Gear","Miscellaneous","Bags","Herschel Heritage Duffle – Abstract Bricks","X","5009276-1","109.99","94.99","129.99","109.99","02/07/2025 00:00:00","18/07/2025 00:00:00","","","","{Not specified}","{Not specified}","6575926","6575926","","828432717736","","","","","","","","","","14","16","0","6","X","0","","","","","","X","","1","1","0","0","1","","","","","","","","",""
"51513","5009277","1","2025","Gear","Gear","Miscellaneous","Bags","Herschel Little America Backpack – Abstract Bricks","X","5009277-1","139.99","129.99","","149.99","02/07/2025 00:00:00","08/07/2025 00:00:00","","","","{Not specified}","{Not specified}","6575927","6575927","","828432717743","","","","","","","","","","17","22","0","6","X","0","","","","","","X","","1","1","0","0","1","","","","","","","","",""
"51514","5009278","1","2025","Gear","Gear","Miscellaneous","Bags","Herschel Classic Hip Pack – Abstract Bricks","X","5009278-1","44.99","42.99","49.99","49.99","02/07/2025 00:00:00","04/05/2026 00:00:00","","","","{Not specified}","{Not specified}","6575928","6575928","","828432717767","","","","","","","","","","7","8","0","4","X","0","","","","","","X","","1","1","0","0","1","","","","","","","","",""
"51528","5009279","1","2025","Gear","Gear","Miscellaneous","Bags","Herschel Classic Hip Pack – Garden Floral","X","5009279-1","44.99","42.99","49.99","49.99","02/07/2025 00:00:00","18/07/2025 00:00:00","","","","{Not specified}","{Not specified}","6575929","6575929","","828432717774","","","","","","","","","","6","11","0","3","X","0","","","","","","X","","1","1","0","0","1","","","","","","","","",""
"51522","5009280","1","2025","Gear","Gear","Miscellaneous","Bags","Herschel Retreat Small Backpack – Garden Floral","X","5009280-1","89.99","79.99","99.99","89.99","02/07/2025 00:00:00","26/02/2026 00:00:00","","","","{Not specified}","{Not specified}","6575930","6575930","","828432717781","","","","","","","","","","10","21","0","9","X","0","","","","","","X","","1","1","0","0","1","","","","","","","","",""
"51524","5009281","1","2025","Gear","Gear","Miscellaneous","Bags","Herschel Retreat Tote – Garden Floral","X","5009281-1","84.99","69.99","99.99","79.99","02/07/2025 00:00:00","08/12/2025 00:00:00","","","","{Not specified}","{Not specified}","6575931","6575931","","828432717798","","","","","","","","","","12","20","0","5","X","0","","","","","","X","","1","1","0","0","1","","","","","","","","",""
"51525","5009282","1","2025","Gear","Gear","Miscellaneous","Bags","Herschel Heritage Hip Pack Little Herschel – Scavenger Hunt Bricks","X","5009282-1","34.99","39.99","39.99","39.99","02/07/2025 00:00:00","04/05/2026 00:00:00","","","","{Not specified}","{Not specified}","6575932","6575932","","828432717842","","","","","","","","","","5","11","0","3","X","0","","","","","","X","","1","1","0","0","1","","","","","","","","",""
"51515","5009283","1","2025","Gear","Gear","Miscellaneous","Bags","Herschel Heritage Hip Pack Little Herschel – Scavenger Hunt Meadow","X","5009283-1","34.99","39.99","39.99","39.99","02/07/2025 00:00:00","11/12/2025 00:00:00","","","","{Not specified}","{Not specified}","6575933","6575933","","828432717866","","","","","","","","","","6","12","0","3","X","0","","","","","","X","","1","1","0","0","1","","","","","","","","",""
"51527","5009284","1","2025","Gear","Gear","Miscellaneous","Bags","Herschel Heritage Youth Backpack – Scavenger Hunt Bricks","X","5009284-1","64.99","54.99","74.99","64.99","02/07/2025 00:00:00","04/05/2026 00:00:00","","","","{Not specified}","{Not specified}","6575934","6575934","","828432717927","","","","","","","","","","7","8","0","9","X","0","","","","","","X","","1","1","0","0","1","","","","","","","","",""
"51533","5009285","1","2025","Gear","Gear","Miscellaneous","Bags","Herschel Heritage Youth Backpack – Scavenger Hunt Meadow","X","5009285-1","64.99","54.99","74.99","64.99","02/07/2025 00:00:00","26/02/2026 00:00:00","","","","{Not specified}","{Not specified}","6575935","6575935","","828432717941","","","","","","","","","","8","19","0","10","X","0","","","","","","X","","1","1","0","0","1","","","","","","","","",""
"51529","5009286","1","2025","Gear","Gear","Miscellaneous","Bags","Herschel Pop Quiz Lunch Box – Abstract Bricks","X","5009286-1","44.99","42.99","49.99","49.99","02/07/2025 00:00:00","04/05/2026 00:00:00","","","","{Not specified}","{Not specified}","6575936","6575936","","828432719136","","","","","","","","","","8","8","0","5","X","0","","","","","","X","","1","1","0","0","1","","","","","","","","",""
"51530","5009287","1","2025","Gear","Gear","Miscellaneous","Bags","Herschel Pop Quiz Lunch Box – Garden Floral","X","5009287-1","44.99","42.99","49.99","49.99","02/07/2025 00:00:00","06/01/2026 00:00:00","","","","{Not specified}","{Not specified}","6575937","6575937","","828432719143","","","","","","","","","","7","21","0","4","X","0","","","","","","X","","1","1","0","0","1","","","","","","","","",""
"51534","5009288","1","2025","Gear","Gear","Miscellaneous","Bags","Herschel Pop Quiz Lunch Box  – Scavenger Hunt Bricks","X","5009288-1","44.99","42.99","49.99","49.99","02/07/2025 00:00:00","04/05/2026 00:00:00","","","","{Not specified}","{Not specified}","6575938","6575938","","828432719150","","","","","","","","","","6","10","0","4","X","0","","","","","","X","","1","1","0","0","1","","","","","","","","",""
"51516","5009289","1","2025","Gear","Gear","Miscellaneous","Bags","Herschel Pop Quiz Lunch Box – Scavenger Hunt Meadow","X","5009289-1","44.99","42.99","49.99","49.99","02/07/2025 00:00:00","16/01/2026 00:00:00","","","","{Not specified}","{Not specified}","6575939","6575939","","828432719174","","","","","","","","","","8","23","0","6","X","0","","","","","","X","","1","1","0","0","1","","","","","","","","",""
"51531","5009290","1","2025","Gear","Gear","Miscellaneous","Stationery","Herschel Settlement Pencil Case – Scavenger Hunt Bricks","X","5009290-1","27.99","29.99","33.99","34.99","02/07/2025 00:00:00","27/02/2026 00:00:00","","","","{Not specified}","{Not specified}","6575940","6575940","","828432719198","","","","","","","","","","8","10","0","4","X","0","","","","","","X","","1","1","0","0","1","","","","","","","","",""
"51517","5009291","1","2025","Gear","Gear","Miscellaneous","Stationery","Herschel Settlement Pencil Case – Scavenger Hunt Meadow","X","5009291-1","27.99","29.99","33.99","34.99","02/07/2025 00:00:00","15/04/2026 00:00:00","","","","{Not specified}","{Not specified}","6575941","6575941","","828432719211","","","","","","","","","","9","23","0","4","X","0","","","","","","X","","1","1","0","0","1","","","","","","","","",""
"51518","5009292","1","2025","Gear","Gear","Miscellaneous","Stationery","Settlement Pencil Case – Abstract Bricks","X","5009292-1","29.99","24.99","34.99","29.99","02/07/2025 00:00:00","03/12/2025 00:00:00","","","","{Not specified}","{Not specified}","6575942","6575942","","828432719235","","","","","","","","","","7","11","0","3","X","0","","","","","","X","","1","1","0","0","1","","","","","","","","",""
"51532","5009293","1","2025","Gear","Gear","Miscellaneous","Stationery","Settlement Pencil Case – Garden Floral","X","5009293-1","29.99","24.99","34.99","29.99","02/07/2025 00:00:00","12/11/2025 00:00:00","","","","{Not specified}","{Not specified}","6575943","6575943","","828432719242","","","","","","","","","","9","18","0","3","X","0","","","","","","X","","1","1","0","0","1","","","","","","","","",""
"51280","5009302","1","2025","Gear","Gear","Miscellaneous","Puzzles","Butterflies Blooms 1 000 Piece Puzzle","X","5009302-1","18.95","14.99","24.99","19.99","04/04/2025 00:00:00","08/03/2026 00:00:00","","","","{Not specified}","{Not specified}","6576804","6576804","9781797233437","","","","","","","","","","","90","82","0","2","X","0","","","","","","X","","1","1","0","0","1","","","","","","","","",""
"51621","5009303","1","2025","Gear","Gear","Miscellaneous","Calendars","2026 Wall Calendar","X","5009303-1","15.99","13.99","19.99","16.99","02/08/2025 00:00:00","10/03/2026 00:00:00","","","","Shrink-wrapped","Retail","6576805","6576805","9781797233390","","30.7","30.1","1","0.266","","","","","","57","22","0","8","X","0","","","","22/07/2025 00:00:00","","X","","1","1","0","0","1","","","","","","","","",""
"51203","5009339","1","2025","Gear","Gear","Miscellaneous","Storage","Purple Clear Brick Shaped Storage Box","X","5009339-1","24.99","21.99","32.99","24.99","14/02/2025 00:00:00","05/12/2025 00:00:00","","","","{Not specified}","{Not specified}","6580088","6580088","5711938249397","","","","","","","","","","","29","49","0","3","X","0","","","","","","X","","1","1","0","0","1","","","","","","","","",""
"51204","5009340","1","2025","Gear","Gear","Miscellaneous","Storage","Light Blue Clear Brick Shaped Storage Box","X","5009340-1","24.99","21.99","32.99","24.99","14/02/2025 00:00:00","10/12/2025 00:00:00","","","","{Not specified}","{Not specified}","6580089","6580089","5711938249922","","","","","","","","","","","19","51","0","3","X","0","","","","","","X","","1","1","0","0","1","","","","","","","","",""
"51206","5009341","1","2025","Gear","Gear","Miscellaneous","Storage","White Clear Brick Shaped Storage Box","X","5009341-1","24.99","21.99","32.99","24.99","14/02/2025 00:00:00","25/04/2026 00:00:00","","","","{Not specified}","{Not specified}","6580090","6580090","5711938249939","","","","","","","","","","","17","47","0","3","X","0","","","","","","X","","1","1","0","0","1","","","","","","","","",""
"51205","5009342","1","2025","Gear","Gear","Miscellaneous","Storage","Pink Clear Brick Shaped Storage Box","X","5009342-1","24.99","21.99","32.99","24.99","14/02/2025 00:00:00","04/05/2026 00:00:00","","","","{Not specified}","{Not specified}","6580091","6580091","5711938249410","","","","","","","","","","","24","40","0","3","X","0","","","","","","X","","1","1","0","0","1","","","","","","","","",""
"51210","5009343","1","2025","Gear","Gear","Miscellaneous","Storage","Red Compartment Storage Box","X","5009343-1","34.99","26.99","39.99","29.99","22/03/2025 00:00:00","29/04/2026 00:00:00","","","","{Not specified}","{Not specified}","6580092","6580092","5711938247553","","36","15","29","","","","","3","","23","65","0","2","X","0","","","","","","X","","1","1","0","0","1","","","","","","","","",""
"51489","5009344","1","2025","Gear","Gear","Miscellaneous","Housewares","NINJAGO Lunch Set – Green","X","5009344-1","14.99","12.99","19.99","14.99","04/09/2025 00:00:00","04/05/2026 00:00:00","","","","Box","LEGO exclusive","6580093","6580093","5711938249854","","","","","","","","","3","","8","8","0","6","X","0","","","","","","X","","1","1","0","0","1","","","","","","","","",""
"51487","5009345","1","2025","Gear","Gear","Miscellaneous","Housewares","Firework Guy Lunch Set","X","5009345-1","","12.99","","14.99","","","","","","{Not specified}","{Not specified}","","6580094","5711938113940","","","","","","","","","","","6","8","0","3","X","0","","","","","","X","","1","1","0","0","1","","","","","","","","",""
"51488","5009346","1","2025","Gear","Gear","Miscellaneous","Housewares","Brick Pattern Lunch Set","X","5009346-1","","12.99","","14.99","","","","","","{Not specified}","{Not specified}","","6580095","5711938035358","","","","","","","","","","","8","17","0","3","X","0","","","","","","X","","1","1","0","0","1","","","","","","","","",""
"51490","5009347","1","2025","Gear","Gear","Miscellaneous","Housewares","Bee Girl Lunch Set","X","5009347-1","","12.99","","14.99","","","","","","{Not specified}","{Not specified}","","6580096","5711938035365","","","","","","","","","","","5","8","0","1","X","0","","","","","","X","","1","1","0","0","1","","","","","","","","",""
"51612","5009371","1","2025","Gear","Gear","Miscellaneous","Games","Brick Like This!","","","","","","","","","","","","{Not specified}","{Not specified}","","","5704339006331","","","","","","","","","","","5","9","0","0","X","0","","","","","","X","","1","1","0","0","1","","","","","","","","",""
"51610","5009372","1","2025","Gear","Gear","Miscellaneous","Games","Brick Like This!","X","5009372-1","19.99","22.99","","26.99","02/08/2025 00:00:00","08/02/2026 00:00:00","","","","{Not specified}","{Not specified}","6581314","6581314","5704339006294","","","","","","","","","","","116","23","0","7","X","5","","","","","","X","","1","1","0","0","1","","","","","","","","",""
"51611","5009373","1","2025","Gear","Gear","Miscellaneous","Games","Brick Like This!","","","","","","","","","","","","{Not specified}","{Not specified}","","","5704339006287","","","","","","","","","","","6","10","0","0","X","0","","","","","","X","","1","1","0","0","1","","","","","","","","",""
"51609","5009374","1","2025","Gear","Gear","Miscellaneous","Games","Brick Like This!","","","","","","26.99","","","","","","{Not specified}","{Not specified}","","","5704339006393","","","","","","","","","","","5","10","0","0","X","0","","","","","","X","","1","1","0","0","1","","","","","","","","",""
"51355","5009393","1","2025","Gear","Gear","Miscellaneous","Stationery","LEGO Star Wars Pencil Box","X","5009393-1","","","","","","","","","","Metal canister","LEGO exclusive","","","","","","","","","","","","6","","159","34","0","1","X","0","","","","","","X","","1","1","0","0","1","","","","","","","","",""
"51313","5009394","1","2025","Gear","Gear","Miscellaneous","Key Chains/Star Wars","Jango Fett's Starship Key Chain","X","5009394-1","","","","","","","","","","Box","LEGO exclusive","","","","","","","","","","","","6","","1254","84","0","3","X","0","","","","","","X","","1","1","0","0","1","","","","","","","","",""
"51491","5009413","1","2025","Gear","Gear","Miscellaneous","Key Chains/Lights","E Sports Gamer Girl Key Light","X","5009413-1","16.99","13.99","","15.99","02/10/2025 00:00:00","04/05/2026 00:00:00","","","","{Not specified}","{Not specified}","6588301","6588301","4895028535612","","","","","","","","","","","10","15","0","7","X","0","","","","","","X","","1","1","0","0","1","","","","","","","","",""
"51398","5009414","1","2025","Gear","Gear","Miscellaneous","Lights","Chewbacca Key Light","X","5009414-1","16.99","12.99","24.99","14.99","04/05/2025 00:00:00","27/03/2026 00:00:00","","","","Tag","{Not specified}","6588302","6588302","4895028513399","","","","","","","","","6","","51","32","0","3","X","0","","","","","","X","","1","1","0","0","1","","","","","","","","",""
"51492","5009415","1","2025","Gear","Gear","Miscellaneous","Key Chains/Lights","Pirate Princess Key Light","X","5009415-1","","13.99","","15.99","","","","","","{Not specified}","{Not specified}","","6588303","4895028531720","","","","","","","","","","","20","27","0","6","X","0","","","","","","X","","1","1","0","0","1","","","","","","","","",""
"52022","5009438","1","2025","Gear","Gear","Miscellaneous","Stationery","LEGO Logo Journal","X","5009438-1","","17.99","","19.99","","","","","","{Not specified}","LEGO exclusive","","6591169","4895028535742","","14","21","","","","","","6","","14","34","0","2","X","0","","","","","","X","","1","1","0","0","1","","","","","","","","",""
"51405","5009461","1","2025","Gear","Gear","Miscellaneous","Stationery","Note Brick","X","5009461-1","","12.99","","14.99","","","","","","{Not specified}","{Not specified}","","6592405","9781797235202","","","","","","","","","","","20","28","0","2","X","0","","","","","","X","","1","1","0","0","1","","","","","","","","",""
"52087","5009469","1","2025","Gear","Gear","Miscellaneous","Hallmark Keepsake","Gingerbread Man Keepsake Ornament","X","5009469-1","","12.99","","15.99","","","","","","Box","Retail - limited","","6593860","8714304972766","","","","","","","","","12","","114","75","0","0","X","0","","","","01/10/2025 00:00:00","","X","","1","1","0","0","1","","","","","","","","",""
"52085","5009470","1","2025","Gear","Gear","Miscellaneous","Hallmark Keepsake","Santa Claus Keepsake Ornament","X","5009470-1","","12.99","","15.99","","","","","","Box","Retail - limited","","6593861","8714304972797","","","","","","","","","12","","110","76","0","0","X","0","","","","01/10/2025 00:00:00","","X","","1","1","0","0","1","","","","","","","","",""
"52086","5009471","1","2025","Gear","Gear","Miscellaneous","Hallmark Keepsake","Astronaut Keepsake Ornament","X","5009471-1","","12.99","","15.99","","","","","","Box","Retail - limited","","6593862","8714304972827","","","","","","","","","12","","163","88","0","0","X","0","","","","01/10/2025 00:00:00","","X","","1","1","0","0","1","","","","","","","","",""
"52260","5009472","1","2025","Gear","Gear","Miscellaneous","Hallmark Keepsake","Brick Suit Girl Keepsake Ornament","X","5009472-1","","12.99","","15.99","","","","","","Box","Retail - limited","","6593863","8714304972704","","","","","","","","","12","","100","36","0","0","X","0","","","","04/11/2025 00:00:00","","X","","1","1","0","0","1","","","","","","","","",""
"52261","5009473","1","2025","Gear","Gear","Miscellaneous","Hallmark Keepsake","Brick Suit Guy Keepsake Ornament","X","5009473-1","","12.99","","15.99","","","","","","Box","Retail - limited","","6593864","8714304972735","","","","","","","","","12","","86","44","0","0","X","0","","","","04/11/2025 00:00:00","","X","","1","1","0","0","1","","","","","","","","",""
"52089","5009480","1","2025","Gear","Gear","Miscellaneous","Key Chains/Lights","T rex Costume Fan Key Light","X","5009480-1","16.99","13.99","","15.99","02/10/2025 00:00:00","04/05/2026 00:00:00","","","","{Not specified}","{Not specified}","6594185","6594185","4895028536350","","","","","","","","","","","17","15","0","8","X","0","","","","","","X","","1","1","0","0","1","","","","","","","","",""
"52088","5009481","1","2025","Gear","Gear","Miscellaneous","Key Chains/Lights","Triceratops Costume Fan Key Light","X","5009481-1","16.99","13.99","","15.99","02/10/2025 00:00:00","04/05/2026 00:00:00","","","","{Not specified}","{Not specified}","6594186","6594186","4895028536367","","","","","","","","","","","17","15","0","8","X","0","","","","","","X","","1","1","0","0","1","","","","","","","","",""
"52283","5009483","1","2025","Gear","Gear","Miscellaneous","Key Chains/Lights","Mushroom Sprite Key Light","X","5009483-1","16.99","13.99","22.99","15.99","19/11/2025 00:00:00","04/05/2026 00:00:00","","","","{Not specified}","{Not specified}","6594188","6594188","4895028536381","","","","","","","","","","","13","16","0","8","X","0","","","","","","X","","1","1","0","0","1","","","","","","","","",""
"52096","5009485","1","2025","Gear","Gear","Miscellaneous","Key Chains/Lights","Corn Cob Guy Key Light","X","5009485-1","16.99","13.99","","15.99","02/10/2025 00:00:00","15/03/2026 00:00:00","","","","{Not specified}","{Not specified}","6594190","6594190","4895028536404","","","","","","","","","","","18","12","0","8","X","0","","","","","","X","","1","1","0","0","1","","","","","","","","",""
"52090","5009498","1","2025","Gear","Gear","Miscellaneous","Bag Tags","Skeleton Head Glow In The Dark Bag Tag","X","5009498-1","9.99","8.99","12.99","9.99","02/10/2025 00:00:00","04/05/2026 00:00:00","","","","Tag","LEGO exclusive","6594203","6594203","4895028536480","","","","","","","","","6","","29","19","0","7","X","0","","","","01/10/2025 00:00:00","","X","","1","1","0","0","1","","","","","","","","",""
"52075","5009499","1","2025","Gear","Gear","Miscellaneous","Bag Tags","Space Baby Bag Tag – Pink","X","5009499-1","9.99","8.99","12.99","9.99","27/09/2025 00:00:00","04/05/2026 00:00:00","","","","Tag","LEGO exclusive","6594204","6594204","4895028536497","","","","","","","","","6","","23","27","0","5","X","0","","","","","","X","","1","1","0","0","1","","","","","","","","",""
"52076","5009500","1","2025","Gear","Gear","Miscellaneous","Bag Tags","Space Baby Bag Tag – Blue","X","5009500-1","9.99","8.99","12.99","9.99","27/09/2025 00:00:00","04/05/2026 00:00:00","","","","Tag","LEGO exclusive","6594205","6594205","4895028536503","","","","","","","","","6","","27","21","0","0","X","0","","","","","","X","","1","1","0","0","1","","","","","","","","",""
"52098","5009501","1","2025","Gear","Gear","Miscellaneous","Bag Tags","Ghost Glow In The Dark Bag Tag","X","5009501-1","9.99","8.99","12.99","9.99","02/10/2025 00:00:00","04/05/2026 00:00:00","","","","Tag","LEGO exclusive","6594206","6594206","4895028536534","","","","","","","","","6","","23","29","0","6","X","0","","","","01/10/2025 00:00:00","","X","","1","1","0","0","1","","","","","","","","",""
"52077","5009504","1","2025","Gear","Gear","Miscellaneous","Bag Tags","3x3 Heart Bag Tag – Red","X","5009504-1","9.99","8.99","12.99","9.99","27/09/2025 00:00:00","04/05/2026 00:00:00","","","","{Not specified}","LEGO exclusive","6594209","6594209","4895028536589","","","","","","","","","6","","15","15","0","1","X","0","","","","","","X","","1","1","0","0","1","","","","","","","","",""
"51345","5009512","1","2025","Gear","Gear","Miscellaneous","Posters","'Flying with the Fetts' Poster","X","5009512-1","","","","","","","","","","{Not specified}","LEGO exclusive","","","","","30","40","","","","","","8","","232","35","0","0","X","0","","","","","","X","","1","1","0","0","1","","","","","","","","",""
"51622","5009521","1","2025","Gear","Gear","Miscellaneous","Puzzles","Tiny Garden 1000-Piece Puzzle","X","5009521-1","19.99","14.99","","19.99","03/08/2025 00:00:00","04/05/2026 00:00:00","","","","{Not specified}","{Not specified}","6596827","6596827","9781797234687","","","","","","","","","","","49","51","0","6","X","0","","","","","","X","","1","1","0","0","1","","","","","","","","",""
"52107","5009522","1","2025","Gear","Gear","Miscellaneous","Puzzles","Mystery Minifigure Mini Puzzle – Christmas Edition 2","X","5009522-1","8.95","7.99","","8.99","04/10/2025 00:00:00","04/05/2026 00:00:00","","","","{Not specified}","{Not specified}","6596828","6596828","9781797240824","","","","","","","","","","","41","27","0","4","X","0","","","","","","X","","1","1","0","0","1","","","","","","","","",""
"52050","5009523","1","2025","Gear","Gear","Miscellaneous","Bag Tags","Orchid Bag Tag","X","5009523-1","9.99","8.99","","9.99","25/09/2025 00:00:00","04/05/2026 00:00:00","","","","{Not specified}","LEGO exclusive","6596829","6596829","4895028536602","","","","","","","","","","","14","14","0","0","X","0","","","","","","X","","1","1","0","0","1","","","","","","","","",""
"52049","5009524","1","2025","Gear","Gear","Miscellaneous","Bag Tags","Rose Bag Tag","X","5009524-1","9.99","8.99","","9.99","25/09/2025 00:00:00","04/05/2026 00:00:00","","","","{Not specified}","LEGO exclusive","6596830","6596830","4895028536619","","","","","","","","","","","12","9","0","0","X","0","","","","","","X","","1","1","0","0","1","","","","","","","","",""
"52097","5009525","1","2025","Gear","Gear","Miscellaneous","Stationery","Reclaim and Recycle Notebook with Gel Pen – Thoughts","X","5009525-1","24.99","21.99","32.99","24.99","02/10/2025 00:00:00","12/12/2025 00:00:00","","","","{Not specified}","{Not specified}","6596831","6596831","4895028535018","","","","","","","","","","","7","14","0","7","X","0","","","","","","X","","1","1","0","0","1","","","","","","","","",""
"52093","5009526","1","2025","Gear","Gear","Miscellaneous","Stationery","Notebook with Gel Pen","X","5009526-1","24.99","21.99","32.99","24.99","02/10/2025 00:00:00","23/11/2025 00:00:00","","","","{Not specified}","{Not specified}","6597077","6597077","4895028535025","","","","","","","","","","","7","15","0","7","X","0","","","","","","X","","1","1","0","0","1","","","","","","","","",""
"52092","5009527","1","2025","Gear","Gear","Miscellaneous","Stationery","Tab Notebook","X","5009527-1","15.99","12.99","19.99","15.99","02/10/2025 00:00:00","13/12/2025 00:00:00","","","","{Not specified}","{Not specified}","6597078","6597078","4895028536237","","","","","","","","","","","7","8","0","0","X","0","","","","","","X","","1","1","0","0","1","","","","","","","","",""
"52094","5009528","1","2025","Gear","Gear","Miscellaneous","Stationery","Friends Notebook","X","5009528-1","15.99","12.99","19.99","15.99","02/10/2025 00:00:00","24/11/2025 00:00:00","","","","{Not specified}","{Not specified}","6597079","6597079","4895028536213","","","","","","","","","","","9","7","0","0","X","0","","","","","","X","","1","1","0","0","1","","","","","","","","",""
"51417","5009538","1","2025","Gear","Gear","Miscellaneous","Bags","Space Traveller Backpack","X","5009538-1","47.99","39.99","65.6","47.99","13/05/2025 00:00:00","04/05/2026 00:00:00","","","","{Not specified}","{Not specified}","6598104","6598104","","757894517106","","","","","","","","","","9","15","0","4","X","0","","","","","","X","","1","1","0","0","1","","","","","","","","",""
"51410","5009539","1","2025","Gear","Gear","Miscellaneous","Bags","Heritage Backpack – Checkered Brick","X","5009539-1","49.99","","64.99","","13/05/2025 00:00:00","04/05/2026 00:00:00","","","","{Not specified}","{Not specified}","6598105","","","757894517069","","","","","","","","","","6","11","0","2","X","0","","","","","","X","","1","1","0","0","1","","","","","","","","",""
"51409","5009540","1","2025","Gear","Gear","Miscellaneous","Bags","Botanicals Backpack – Purple Bouquet","X","5009540-1","47.99","","65.6","","13/05/2025 00:00:00","04/05/2026 00:00:00","","","","{Not specified}","{Not specified}","6598106","","","757894517137","","","","","","","","","","9","18","0","4","X","0","","","","","","X","","1","1","0","0","1","","","","","","","","",""
"51416","5009541","1","2025","Gear","Gear","Miscellaneous","Bags","Purple Bouquet Lunch Bag","X","5009541-1","21.99","18.99","30","21.99","13/05/2025 00:00:00","04/05/2026 00:00:00","","","","{Not specified}","{Not specified}","6598107","6598107","","757894517519","","","","","","","","","","8","16","0","4","X","0","","","","","","X","","1","1","0","0","1","","","","","","","","",""
"51414","5009542","1","2025","Gear","Gear","Miscellaneous","Bags","Hot Dog Guy Tote","X","5009542-1","5.99","4.99","7.99","5.99","13/05/2025 00:00:00","13/08/2025 00:00:00","","","","{Not specified}","{Not specified}","6598108","6598108","","757894515799","","","","","","","","","","25","20","0","2","X","0","","","","","","X","","1","1","0","0","1","","","","","","","","",""
"51412","5009543","1","2025","Gear","Gear","Miscellaneous","Bags","Butterfly Girl Tote","X","5009543-1","5.99","4.99","8.05","5.99","13/05/2025 00:00:00","17/01/2026 00:00:00","","","","{Not specified}","{Not specified}","6598109","6598109","","757894515737","","","","","","","","","","17","11","0","2","X","0","","","","","","X","","1","1","0","0","1","","","","","","","","",""
"51407","5009544","1","2025","Gear","Gear","Miscellaneous","Lanyards","Hot Dog Guy Lanyard","","","7.99","5.99","9.99","7.99","13/05/2025 00:00:00","18/12/2025 00:00:00","","","","{Not specified}","{Not specified}","6598110","6598110","","757894514136","","","","","","","","","","15","8","0","0","X","0","","","","","","X","","1","1","0","0","1","","","","","","","","",""
"51415","5009545","1","2025","Gear","Gear","Miscellaneous","Lanyards","Butterfly Girl Lanyard","","","7.99","5.99","9.99","7.99","13/05/2025 00:00:00","14/12/2025 00:00:00","","","","{Not specified}","{Not specified}","6598111","6598111","","757894514112","","","","","","","","","","11","7","0","0","X","0","","","","","","X","","1","1","0","0","1","","","","","","","","",""
"51411","5009546","1","2025","Gear","Gear","Miscellaneous","Bags","NINJAGO Stronger Together Backpack","X","5009546-1","47.99","39.99","64.99","47.99","13/05/2025 00:00:00","26/05/2025 00:00:00","","","","{Not specified}","{Not specified}","6598112","6598112","","757894517182","","","","","","","","","","6","9","0","4","X","0","","","","","","X","","1","1","0","0","1","","","","","","","","",""
"51408","5009547","1","2025","Gear","Gear","Miscellaneous","Bags","NINJAGO Stronger Together Lunch Bag","X","5009547-1","22.99","","29.99","","13/05/2025 00:00:00","01/08/2025 00:00:00","","","","{Not specified}","{Not specified}","6598113","","","757894517571","","","","","","","","","","6","9","0","4","X","0","","","","","","X","","1","1","0","0","1","","","","","","","","",""
"51413","5009548","1","2025","Gear","Gear","Miscellaneous","Bags","NINJAGO Stronger Together Wallet","X","5009548-1","9.99","8.99","12.99","9.99","13/05/2025 00:00:00","01/06/2025 00:00:00","","","","{Not specified}","{Not specified}","6598114","6598114","","757894516758","","","","","","","","","","9","12","0","3","X","3","","","","","","X","","1","1","0","0","1","","","","","","","","",""
"51406","5009549","1","2025","Gear","Gear","Miscellaneous","Bags","Adult Tech Backpack – Brick Outline","X","5009549-1","69.99","59.99","94.99","69.99","13/05/2025 00:00:00","21/05/2025 00:00:00","","","","{Not specified}","{Not specified}","6598115","6598115","","757894517151","","","","","","","","","","15","44","0","4","X","0","","","","","","X","","1","1","0","0","1","","","","","","","","",""
"51356","5009550","1","2025","Gear","Gear","Miscellaneous","Collectable Coin","Lenticular Coin","X","5009550-1","","","","","","","","","","Box","LEGO exclusive","","","","","","","","","","","","4","","610","62","0","3","X","0","","","","","","X","","1","1","0","0","1","","","","","","","","",""
"51555","5009555","1","2025","Gear","Gear","Miscellaneous","Housewares","Ice Pop Tray","X","5009555-1","","","","","","","","","","Box","LEGO exclusive","","","","","","","","","","","","4","","270","33","0","2","X","0","","","","08/07/2025 00:00:00","17/07/2025 00:00:00","X","","1","1","0","0","1","","","","","","","","",""
"52109","5009556","1","2025","Gear","Gear","Miscellaneous","Stationery","Tab Notebook","X","5009556-1","","14.99","","15.99","","","","","","{Not specified}","LEGO exclusive","","6599581","4895028535957","","","","","","","","","6","","10","17","0","0","X","0","","","","","","X","","1","1","0","0","1","","","","","","","","",""
"51430","5009576","1","2025","Gear","Gear","Miscellaneous","Bags","Backpack – Hippo","X","5009576-1","39.99","34.99","54.99","39.99","24/05/2025 00:00:00","04/05/2026 00:00:00","","","","{Not specified}","LEGO exclusive","6600992","6600992","","757894517168","","","","","","","","4","","7","7","0","3","X","0","","","","","","X","","1","1","0","0","1","","","","","","","","",""
"51619","5009593","1","2025","Gear","Gear","Miscellaneous","Posters","Harry Potter Prints 5-8","X","HPPRINTS-1","","","","","","","","","","{Not specified}","LEGO exclusive","","","5060373579539","","","","","","","","","","","136","37","0","5","X","0","","","","","","X","","1","1","0","0","1","","","","","","","","",""
"51493","5009631","1","2025","Gear","Gear","Miscellaneous","Key Chains/Lights","Race Car Driver Key Light","X","5009631-1","16.99","13.99","22.99","15.99","18/06/2025 00:00:00","04/05/2026 00:00:00","","","","{Not specified}","{Not specified}","6606091","6606091","4895028536800","","","","","","","","","","","21","34","0","4","X","0","","","","","","X","","1","1","0","0","1","","","","","","","","",""
"52012","5009861","1","2025","Gear","Gear","Miscellaneous","Bag Charms","Game Controller Bag Charm","X","GCBC-1","","","","","","","","","","{Not specified}","LEGO exclusive","","","","","8.2","10.8","1.5","0.026","","","","4","","103","16","0","0","X","0","","","","","","X","","1","1","0","0","1","","","","","","","","",""
"52009","5009862","1","2025","Gear","Gear","Miscellaneous","Storage","Zombie Storage Head – Small","X","5009862-1","17.99","17.99","19.99","19.99","05/09/2025 00:00:00","04/05/2026 00:00:00","","","","Box","LEGO exclusive","6611963","6611963","5711938249472","","","","","","","","","","","65","43","0","1","X","0","","","","","","X","","1","1","0","0","1","","","","","","","","",""
"52083","5009863","1","2025","Gear","Gear","Miscellaneous","Storage","Snowman Storage Head - Small","X","5009863-1","16.99","17.99","19.99","19.99","02/10/2025 00:00:00","22/10/2025 00:00:00","","","","Box","LEGO exclusive","6611964","6611964","5711938249489","","","","","","","","","4","","80","54","0","2","X","0","","","","01/10/2025 00:00:00","","X","","1","1","0","0","1","","","","","","","","",""
"52010","5009864","1","2025","Gear","Gear","Miscellaneous","Storage","Zombie Storage Head – Large","X","5009864-1","34.99","24.99","39.99","29.99","05/09/2025 00:00:00","04/05/2026 00:00:00","","","","Box","LEGO exclusive","6611965","6611965","5711938249458","","","","","","","","","","","47","44","0","2","X","0","","","","","","X","","1","1","0","0","1","","","","","","","","",""
"52084","5009865","1","2025","Gear","Gear","Miscellaneous","Storage","Snowman Storage Head - Large","X","5009865-1","29.99","24.99","39.99","29.99","02/10/2025 00:00:00","17/10/2025 00:00:00","","","","Box","LEGO exclusive","6611966","6611966","5711938249465","","","","","","","","","4","","37","55","0","2","X","0","","","","01/10/2025 00:00:00","","X","","1","1","0","0","1","","","","","","","","",""
"51646","5009867","1","2025","Gear","Gear","Miscellaneous","Metal Ornaments","Hogsmeade Sign","X","5009867-1","","","","","","","","","","Box","LEGO exclusive","","","5060093910650","","10","14.5","2","0.194","","","","6","","546","66","0","3","X","0","","","","","","X","","1","1","0","0","1","","","","","","","","",""
"51602","5009868","1","2025","Gear","Gear","Miscellaneous","Clothing / Nike","Nike x LEGO Collection T-Shirt","X","5009868-1","35","24.99","40","29.99","30/07/2025 00:00:00","13/03/2026 00:00:00","","","","{Not specified}","LEGO exclusive","6612572","6612572","","198485550209","","","","","","","","","","11","22","0","8","X","0","","","","","","X","","1","1","0","0","1","","","","","","","","",""
"51603","5009869","1","2025","Gear","Gear","Miscellaneous","Clothing / Nike","Nike Air Max Dn x LEGO Collection","X","5009869-1","155","109.99","180","144.99","30/07/2025 00:00:00","27/02/2026 00:00:00","","","","Box","LEGO exclusive","6612583","6612583","","198485801448","","","","","","","","","","11","40","0","12","X","0","","","","","","X","","1","1","0","0","1","","","","","","","","",""
"51604","5009870","1","2025","Gear","Gear","Miscellaneous","Sports","Nike x LEGO Collection Basketball","X","5009870-1","40","39.99","","44.99","31/07/2025 00:00:00","01/08/2025 00:00:00","","","","{Not specified}","LEGO exclusive","6612614","6612614","","887791813725","","","","","","","","18","","20","27","0","2","X","0","","","","","","X","","1","1","0","0","1","","","","","","","","",""
"51997","5009871","1","2025","Gear","Gear","Miscellaneous","Sports","Nike x LEGO Collection Basketball","X","5009871-1","","39.99","","44.99","","","","","","{Not specified}","{Not specified}","","6613396","","887791813763","","","","","","","","","","14","28","0","2","X","0","","","","","","X","","1","1","0","0","1","","","","","","","","",""
"51640","5009872","1","2025","Gear","Gear","Miscellaneous","Stationery","Italian Riviera Notebook","X","NOTEBOOK-1","","","","","","","","","","Other","LEGO exclusive","","","","","15","21","0.5","","","","","6","","50","22","0","2","X","0","","","","","","X","","1","1","0","0","1","","","","","","","","",""
"52284","5009893","1","2025","Gear","Gear","Miscellaneous","Key Chains/Star Wars","Luke Skywalker Pilot Key Light","X","5009893-1","16.99","13.99","","15.99","21/11/2025 00:00:00","04/05/2026 00:00:00","","","","{Not specified}","LEGO exclusive","6614103","6614103","4895028536817","","","","","","","","","6","","22","24","0","0","X","0","","","","","","X","","1","1","0","0","1","","","","","","","","",""
"52014","5009894","1","2025","Gear","Gear","Miscellaneous","Puzzles","Countdown to Christmas Puzzles 12 Days of Minifigure Advent Puzzles","X","5009894-1","24.99","21.99","","24.99","06/09/2025 00:00:00","04/05/2026 00:00:00","","","","{Not specified}","{Not specified}","6614104","6614104","9781797233420","","","","","","","","","","","68","35","0","2","X","0","","","","","","X","","1","1","0","0","1","","","","","","","","",""
"52121","5009897","1","2025","Gear","Gear","Miscellaneous","Stationery","Minifigure Notecards 12 Shaped Notecards with Envelopes","X","5009897-1","","12.99","","14.99","","","","","","Box","LEGO exclusive","","6614109","9781797234700","","","","","","","","","6","","8","13","0","3","X","0","","","","","","X","","1","1","0","0","1","","","","","","","","",""
"52314","5009898","1","2025","Gear","Gear","Miscellaneous","Housewares","Minifigure Shaped Cushion","X","5009898-1","15","11.99","","13.99","07/12/2025 00:00:00","04/05/2026 00:00:00","","","","{Not specified}","{Not specified}","6614105","6614105","5056197194898","","","","","","","","","","","21","19","0","1","X","0","","","","","","X","","1","1","0","0","1","","","","","","","","",""
"52313","5009899","1","2025","Gear","Gear","Miscellaneous","Bedding","Masterbrand Sherpa Backed Throw","X","5009899-1","20","15.99","","17.99","07/12/2025 00:00:00","04/05/2026 00:00:00","","","","{Not specified}","{Not specified}","6614106","6614106","5056197193792","","","","","","","","","","","40","26","0","3","X","0","","","","","","X","","1","1","0","0","1","","","","","","","","",""
"51992","5009903","1","2025","Gear","Gear","Miscellaneous","Housewares","Zombie Mug - Small","X","5009903-1","15.99","14.99","","17.99","24/09/2025 00:00:00","04/05/2026 00:00:00","","","","Tag","LEGO exclusive","6614374","6614374","5711938035433","","","","","","","","","5","","16","22","0","1","X","0","","","","","","X","","1","1","0","0","1","","","","","","","","",""
"52082","5009904","1","2025","Gear","Gear","Miscellaneous","Housewares","Snowman Mug - Small","X","5009904-1","15.99","14.99","","17.99","02/10/2025 00:00:00","04/05/2026 00:00:00","","","","Tag","LEGO exclusive","6614375","6614375","5711938035440","","","","","","","","","5","","25","19","0","2","X","0","","","","01/10/2025 00:00:00","","X","","1","1","0","0","1","","","","","","","","",""
"51639","5009905","1","2025","Gear","Gear","Miscellaneous","Housewares","Zombie Mug – Large","X","5009905-1","24.99","21.99","","24.99","07/08/2025 00:00:00","04/05/2026 00:00:00","","","","{Not specified}","LEGO exclusive","6614376","6614376","5711938035471","","","","","","","","","5","","25","34","0","1","X","0","","","","","","X","","1","1","0","0","1","","","","","","","","",""
"52081","5009906","1","2025","Gear","Gear","Miscellaneous","Housewares","Snowman Mug - Large","X","5009906-1","24.99","21.99","","24.99","02/10/2025 00:00:00","04/05/2026 00:00:00","","","","Tag","LEGO exclusive","6614377","6614377","5711938035488","","","","","","","","","5","","30","30","0","2","X","0","","","","01/10/2025 00:00:00","","X","","1","1","0","0","1","","","","","","","","",""
"51600","5009940","1","2025","Gear","Gear","Miscellaneous","Posters","Brickbeard Poster","X","5009940-1","","","","","","","","","","{Not specified}","LEGO exclusive","","","5060093911046","","30","40","","","","","","6","","70","24","0","1","X","0","","","","26/07/2025 00:00:00","","X","","1","1","0","0","1","","","","","","","","",""
"52004","5009945","1","2025","Gear","Gear","Miscellaneous","Bags","Nike x LEGO Collection Heritage Backpack","X","5009945-1","47","39.99","55","42.99","02/09/2025 00:00:00","18/01/2026 00:00:00","","","","{Not specified}","LEGO exclusive","6616970","6616970","","198481672578","","","","","","","","","","7","12","0","3","X","0","","","","","","X","","1","1","0","0","1","","","","","","","","",""
"52003","5009946","1","2025","Gear","Gear","Miscellaneous","Clothing / Nike","Nike x LEGO Collection Apex Bucket Hat","X","5009946-1","35","24.99","40","29.99","02/09/2025 00:00:00","08/03/2026 00:00:00","","","","{Not specified}","LEGO exclusive","6616971","6616971","","198485408449","","","","","","","","","","8","11","0","5","X","0","","","","","","X","","1","1","0","0","1","","","","","","","","",""
"52005","5009947","1","2025","Gear","Gear","Miscellaneous","Clothing / Nike","Nike x LEGO Collection Everyday Essentials Crew Socks (3 Pairs)","X","5009947-1","24","17.99","40","19.99","02/09/2025 00:00:00","10/09/2025 00:00:00","","","","{Not specified}","LEGO exclusive","6616973","6616973","","198484316776","","","","","","","","","","11","12","0","3","X","0","","","","","","X","","1","1","0","0","1","","","","","","","","",""
"51998","5009948","1","2025","Gear","Gear","Miscellaneous","Clothing / Nike","Nike x LEGO Collection Cropped T Shirt","X","5009948-1","35","19.99","40","24.99","02/09/2025 00:00:00","04/05/2026 00:00:00","","","","{Not specified}","LEGO exclusive","6616976","6616976","","198481983728","","","","","","","","","","8","8","0","3","X","0","","","","","","X","","1","1","0","0","1","","","","","","","","",""
"52001","5009949","1","2025","Gear","Gear","Miscellaneous","Clothing / Nike","Nike x LEGO Collection Jacket","X","5009949-1","120","89.99","140","109.99","02/09/2025 00:00:00","04/05/2026 00:00:00","","","","{Not specified}","LEGO exclusive","6616982","6616982","","198484327802","","","","","","","","","","7","12","0","6","X","0","","","","","","X","","1","1","0","0","1","","","","","","","","",""
"52000","5009950","1","2025","Gear","Gear","Miscellaneous","Clothing / Nike","Nike Dunk Low x LEGO Collection – Big Kids Shoes","X","5009950-1","120","79.99","140","104.99","02/09/2025 00:00:00","08/03/2026 00:00:00","","","","Box","LEGO exclusive","6616986","6616986","","198486165969","","","","","","","","","","6","17","0","8","X","0","","","","","","X","","1","1","0","0","1","","","","","","","","",""
"51999","5009951","1","2025","Gear","Gear","Miscellaneous","Clothing / Nike","Nike Dunk Low x LEGO Collection – Little Kids Shoes","X","5009951-1","105","59.99","125","79.99","02/09/2025 00:00:00","29/01/2026 00:00:00","","","","Box","LEGO exclusive","6617093","6617093","","198483525384","","","","","","","","","","4","6","0","9","X","0","","","","","","X","","1","1","0","0","1","","","","","","","","",""
"52002","5009953","1","2025","Gear","Gear","Miscellaneous","Clothing / Nike","Nike x LEGO Collection Gathered Hair Ties (2 Pack)","X","5009953-1","18","17.99","","19.99","02/09/2025 00:00:00","14/01/2026 00:00:00","","","","{Not specified}","LEGO exclusive","6617120","6617120","","887791813770","","","","","","","","","","7","12","0","1","X","0","","","","","","X","","1","1","0","0","1","","","","","","","","",""
"52106","5009954","1","2025","Gear","Gear","Miscellaneous","Clothing","Kids Christmas Long Sleeve T Shirt Dark Green","","","","21.99","","25","","","","","","{Not specified}","{Not specified}","","6617008","5700068523552","","","","","","","","","","","3","5","0","4","X","0","","","","","","X","","1","1","0","0","1","","","","","","","","",""
"52127","5009955","1","2025","Gear","Gear","Miscellaneous","Clothing","Kids Christmas Long Sleeve T Shirt Dark Green","","","29.99","","","","11/10/2025 00:00:00","19/02/2026 00:00:00","","","","{Not specified}","{Not specified}","6617015","","5700068523620","","","","","","","","","","","3","4","0","0","X","0","","","","","","X","","1","1","0","0","1","","","","","","","","",""
"52103","5009956","1","2025","Gear","Gear","Miscellaneous","Clothing","Kids Christmas Pajamas – Off White","X","5009956-1","","29.99","","35","","","","","","{Not specified}","{Not specified}","","6617018","5701586372196","","","","","","","","","","","4","6","0","4","X","0","","","","","","X","","1","1","0","0","1","","","","","","","","",""
"52130","5009957","1","2025","Gear","Gear","Miscellaneous","Clothing","Kids Christmas Pajamas – Off White","X","5009957-1","37.99","","","","11/10/2025 00:00:00","04/05/2026 00:00:00","","","","{Not specified}","{Not specified}","6617026","","5700068527093","","","","","","","","","","","3","6","0","0","X","0","","","","","","X","","1","1","0","0","1","","","","","","","","",""
"52102","5009958","1","2025","Gear","Gear","Miscellaneous","Clothing","Adults Christmas Pajamas – Off White","X","5009958-1","","42.99","","50","","","","","","{Not specified}","{Not specified}","","6617028","5700068527642","","","","","","","","","","","8","7","0","4","X","0","","","","","","X","","1","1","0","0","1","","","","","","","","",""
"52129","5009959","1","2025","Gear","Gear","Miscellaneous","Clothing","Adults Christmas Pajamas – Off White","X","5009959-1","54.99","","","","11/10/2025 00:00:00","04/05/2026 00:00:00","","","","{Not specified}","{Not specified}","6617036","","5700068527758","","","","","","","","","","","8","6","0","0","X","0","","","","","","X","","1","1","0","0","1","","","","","","","","",""
"52104","5009960","1","2025","Gear","Gear","Miscellaneous","Clothing","Adults Christmas Sweatshirt Dark Blue","X","5009960-1","","42.99","","50","","","","","","{Not specified}","{Not specified}","","6617041","5700068525556","","","","","","","","","","","26","25","0","2","X","0","","","","","","X","","1","1","0","0","1","","","","","","","","",""
"52131","5009961","1","2025","Gear","Gear","Miscellaneous","Clothing","Adults Christmas Sweatshirt Dark Blue","","","54.99","","","","11/10/2025 00:00:00","24/02/2026 00:00:00","","","","{Not specified}","{Not specified}","6617049","","5700068525693","","","","","","","","","","","7","6","0","0","X","0","","","","","","X","","1","1","0","0","1","","","","","","","","",""
"52105","5009962","1","2025","Gear","Gear","Miscellaneous","Clothing","Adults Christmas Sweatshirt Red","X","5009962-1","","34.99","","40","","","","","","{Not specified}","{Not specified}","","6617053","5700068525341","","","","","","","","","","","20","8","0","2","X","0","","","","","","X","","1","1","0","0","1","","","","","","","","",""
"52128","5009963","1","2025","Gear","Gear","Miscellaneous","Clothing","Adults Christmas Sweatshirt Red","X","5009963-1","44.99","","","","11/10/2025 00:00:00","20/04/2026 00:00:00","","","","{Not specified}","{Not specified}","6617061","","5700068525419","","","","","","","","","","","8","9","0","0","X","0","","","","","","X","","1","1","0","0","1","","","","","","","","",""
"52332","5009964","1","2025","Gear","Gear","Miscellaneous","Stationery","Creativity Set – Botanicals","X","5009964-1","","26.99","","29.99","","","","","","{Not specified}","{Not specified}","","6617983","4895028538705","","","","","","","","","","","6","13","0","8","X","0","","","","","","","","0","0","0","0","0","","","","","","","","",""
"52023","5010010","1","2025","Gear","Gear","Miscellaneous","Posters","LEGO Batman Rogues Gallery Posters","X","5010010-1","","","","","","","","","","{Not specified}","LEGO exclusive","","","5060093911091","","31","40.5","0.2","","","","","6","","81","31","0","0","X","0","","","","09/09/2025 00:00:00","","X","","1","1","0","0","1","","","","","","","","",""
"52138","5010015","1","2025","Gear","Gear","Miscellaneous","Sports","Nike x LEGO Collection Basketball","X","5010015-1","50","49.99","","54.99","12/10/2025 00:00:00","17/04/2026 00:00:00","","","","{Not specified}","{Not specified}","6624347","6624347","","887791813817","","","","","","","","","","14","22","0","2","X","0","","","","","","X","","1","1","0","0","1","","","","","","","","",""
"52144","5010016","1","2025","Gear","Gear","Miscellaneous","Clothing / Nike","Nike x LEGO® Collection Gathered Hair Ties (2 Pack)","X","5010016-1","18","17.99","","19.99","12/10/2025 00:00:00","23/11/2025 00:00:00","","","","{Not specified}","{Not specified}","6624351","6624351","","887791813787","","","","","","","","","","6","7","0","2","X","0","","","","","","X","","1","1","0","0","1","","","","","","","","",""
"52291","5010018","1","2025","Gear","Gear","Miscellaneous","Games","Card Game Set","X","5010018-1","","","","","","","","","","Box","LEGO exclusive","","","","","","","","","","","","6","","188","28","0","2","X","0","","","","","","X","","1","1","0","0","1","","","","","","","","",""
"52015","5010030","1","2025","Gear","Gear","Miscellaneous","Posters","UCS Death Star Poster","X","5010030-1","","","","","","","","","","Other","LEGO exclusive","","","","","","","","","59","80","","14","","170","39","0","2","X","0","","","","01/10/2025 00:00:00","","X","","1","1","0","0","1","","","","","","","","",""
"52140","5010034","1","2025","Gear","Gear","Miscellaneous","Clothing / Nike","Nike x LEGO® Collection Everyday Essentials Crew Socks","X","5010034-1","24","17.99","28","19.99","12/10/2025 00:00:00","26/02/2026 00:00:00","","","","{Not specified}","{Not specified}","6629859","6629860","","198481882069","","","","","","","","","","8","9","0","3","X","0","","","","","","X","","1","1","0","0","1","","","","","","","","",""
"52143","5010035","1","2025","Gear","Gear","Miscellaneous","Bags","Nike x LEGO® Collection Heritage Backpack","X","5010035-1","47","39.99","55","42.99","12/10/2025 00:00:00","16/03/2026 00:00:00","","","","{Not specified}","{Not specified}","6629861","6629861","","198481882953","","","","","","","","","","6","8","0","5","X","0","","","","","","X","","1","1","0","0","1","","","","","","","","",""
"52137","5010036","1","2025","Gear","Gear","Miscellaneous","Clothing / Nike","Nike x LEGO® Collection Peak Beanie","X","5010036-1","35","22.99","40","27.99","12/10/2025 00:00:00","11/11/2025 00:00:00","","","","{Not specified}","{Not specified}","6629862","6629862","","198486707916","","","","","","","","","","6","14","0","3","X","0","","","","","","X","","1","1","0","0","1","","","","","","","","",""
"52139","5010037","1","2025","Gear","Gear","Miscellaneous","Clothing / Nike","NIKE x LEGO® Collection T Shirt","X","5010037-1","32","24.99","38","29.99","12/10/2025 00:00:00","26/04/2026 00:00:00","","","","{Not specified}","{Not specified}","6629865","6629865","","198486860833","","","","","","","","","","6","7","0","6","X","0","","","","","","X","","1","1","0","0","1","","","","","","","","",""
"52136","5010038","1","2025","Gear","Gear","Miscellaneous","Clothing / Nike","Nike x LEGO® Collection Pullover Hoodie","X","5010038-1","60","49.99","70","59.99","12/10/2025 00:00:00","28/03/2026 00:00:00","","","","{Not specified}","{Not specified}","6629869","6629869","","198484316899","","","","","","","","","","7","7","0","6","X","0","","","","","","X","","1","1","0","0","1","","","","","","","","",""
"52141","5010039","1","2025","Gear","Gear","Miscellaneous","Clothing / Nike","Nike x LEGO® Collection Cropped T Shirt","X","5010039-1","35","19.99","40","24.99","12/10/2025 00:00:00","04/05/2026 00:00:00","","","","{Not specified}","{Not specified}","6629873","6629873","","198482194307","","","","","","","","","","3","7","0","4","X","0","","","","","","X","","1","1","0","0","1","","","","","","","","",""
"52134","5010040","1","2025","Gear","Gear","Miscellaneous","Clothing / Nike","Nike x LEGO® Collection Logo T Shirt","X","5010040-1","35","24.99","40","29.99","12/10/2025 00:00:00","04/05/2026 00:00:00","","","","{Not specified}","{Not specified}","6629879","6629879","","198486136167","","","","","","","","","","5","7","0","6","X","0","","","","","","X","","1","1","0","0","1","","","","","","","","",""
"52142","5010041","1","2025","Gear","Gear","Miscellaneous","Clothing / Nike","Nike x LEGO® Dri FIT Jersey","X","5010041-1","55","44.99","65","54.99","12/10/2025 00:00:00","04/05/2026 00:00:00","","","","{Not specified}","{Not specified}","6629883","6629883","","198484315700","","","","","","","","","","5","9","0","6","X","0","","","","","","X","","1","1","0","0","1","","","","","","","","",""
"52133","5010042","1","2025","Gear","Gear","Miscellaneous","Clothing / Nike","Nike x LEGO® Collection Cargo Pants","X","5010042-1","60","49.99","70","59.99","12/10/2025 00:00:00","04/05/2026 00:00:00","","","","{Not specified}","{Not specified}","6629888","6629888","","198484320186","","","","","","","","","","4","8","0","6","X","0","","","","","","X","","1","1","0","0","1","","","","","","","","",""
"52135","5010043","1","2025","Gear","Gear","Miscellaneous","Clothing / Nike","Nike x LEGO® Collection Dri FIT Crossover Shorts","X","5010043-1","48","29.99","55","34.99","12/10/2025 00:00:00","04/05/2026 00:00:00","","","","{Not specified}","{Not specified}","6629895","6629895","","198484316202","","","","","","","","","","4","9","0","6","X","0","","","","","","X","","1","1","0","0","1","","","","","","","","",""
"52146","5010044","1","2025","Gear","Gear","Miscellaneous","Clothing / Nike","Nike G T Cut 3 x LEGO® Collection – Little Kids Shoes","X","5010044-1","97","","110","","12/10/2025 00:00:00","22/03/2026 00:00:00","","","","{Not specified}","{Not specified}","6629898","","","198487259032","","","","","","","","","","3","7","0","8","X","0","","","","","","X","","1","1","0","0","1","","","","","","","","",""
"52145","5010045","1","2025","Gear","Gear","Miscellaneous","Clothing / Nike","Nike G T Cut 3 x LEGO® Collection – Big Kids Shoes","X","5010045-1","117","","135","","12/10/2025 00:00:00","18/03/2026 00:00:00","","","","{Not specified}","{Not specified}","6629908","","","198487260250","","","","","","","","","","4","8","0","7","X","0","","","","","","X","","1","1","0","0","1","","","","","","","","",""
"52175","5010046","1","2025","Gear","Gear","Miscellaneous","Clothing","Nike Dunk Low x LEGO Collection – Little Kids Shoes","X","5010046-1","107","59.99","125","79.99","26/10/2025 00:00:00","12/02/2026 00:00:00","","","","Box","LEGO exclusive","6629921","6629921","","198487261615","","","","","","","","","","5","8","0","9","X","0","","","","","","X","","1","1","0","0","1","","","","","","","","",""
"52176","5010047","1","2025","Gear","Gear","Miscellaneous","Clothing","Nike Dunk Low x LEGO Collection – Big Kids Shoes","X","5010047-1","127","79.99","145","104.99","26/10/2025 00:00:00","20/04/2026 00:00:00","","","","Box","LEGO exclusive","6629932","6629932","","198487261790","","","","","","","","","","5","9","0","11","X","0","","","","","","X","","1","1","0","0","1","","","","","","","","",""
"52276","5010048","1","2025","Gear","Gear","Miscellaneous","Clothing / Nike","Nike Hustle D 12 x LEGO Collection – Little Kids Shoes","X","5010048-1","82","54.99","90","69.99","17/11/2025 00:00:00","04/05/2026 00:00:00","","","","{Not specified}","{Not specified}","6629941","6629941","","198486343879","","","","","","","","","","3","5","0","0","X","0","","","","","","X","","1","1","0","0","1","","","","","","","","",""
"52277","5010049","1","2025","Gear","Gear","Miscellaneous","Clothing / Nike","Nike Hustle D 12 x LEGO Collection – Big Kids Shoes","X","5010049-1","87","54.99","100","74.99","17/11/2025 00:00:00","15/03/2026 00:00:00","","","","{Not specified}","{Not specified}","6629952","6629952","","198486340113","","","","","","","","","","4","6","0","0","X","0","","","","","","X","","1","1","0","0","1","","","","","","","","",""
"52302","5010050","1","2025","Gear","Gear","Miscellaneous","Clothing","Nike Dunk Low x LEGO Collection – Little Kids Shoes","X","5010050-1","107","59.99","125","79.99","29/11/2025 00:00:00","20/04/2026 00:00:00","","","","{Not specified}","{Not specified}","6629961","6629961","","198487641752","","","","","","","","","","3","7","0","10","X","0","","","","","","X","","1","1","0","0","1","","","","","","","","",""
"52301","5010051","1","2025","Gear","Gear","Miscellaneous","Clothing","Nike Dunk Low x LEGO Collection – Big Kids Shoes","X","5010051-1","122","79.99","140","104.99","29/11/2025 00:00:00","28/03/2026 00:00:00","","","","{Not specified}","{Not specified}","6629972","6629972","","198486173346","","","","","","","","","","3","8","0","11","X","0","","","","","","X","","1","1","0","0","1","","","","","","","","",""
"52328","5010106","1","2025","Gear","Gear","Miscellaneous","Housewares","Shelf Red","X","5010106-1","34.99","29.99","44.99","34.99","30/12/2025 00:00:00","04/05/2026 00:00:00","","","","Box","{Not specified}","6639385","6639385","5711938246693","","38.5","15","2.2","","","","","5","","8","35","0","6","X","0","","","","30/12/2025 00:00:00","","X","","1","1","0","0","1","","","","","","","","",""
"52327","5010107","1","2025","Gear","Gear","Miscellaneous","Housewares","Shelf Blue","X","5010107-1","34.99","29.99","44.99","34.99","30/12/2025 00:00:00","04/05/2026 00:00:00","","","","Box","{Not specified}","6639386","6639386","5711938246686","","38.5","15","2.2","","","","","5","","7","36","0","6","X","0","","","","30/12/2025 00:00:00","","X","","1","1","0","0","1","","","","","","","","",""
"52462","5010355","1","2025","Gear","Gear","Miscellaneous","Games","Recreate Activity Cards: Space","X","5010355-1","9.99","8.99","","9.99","25/04/2026 00:00:00","04/05/2026 00:00:00","","","","Box","Retail - limited","6651344","6651344","9788325348656","","9","21","2.2","0.125","","","","6","","16","13","0","6","X","0","","","","","","","","0","0","0","0","0","","","","","","","","",""
"52458","5010356","1","2025","Gear","Gear","Miscellaneous","Games","Recreate Activity Cards Animals","X","5010356-1","9.99","8.99","","9.99","","","","","","Box","Retail - limited","","6651345","9788325348724","","9","21","2.2","0.136","","","","6","","19","10","0","6","X","0","","","","","","","","0","0","0","0","0","","","","","","","","",""
"52456","5010357","1","2025","Gear","Gear","Miscellaneous","Games","Recreate Activity Cards: Magic","X","5010357-1","9.99","8.99","","9.99","25/04/2026 00:00:00","04/05/2026 00:00:00","","","","Box","Retail - limited","6651346","6651346","9788325348663","","9","21","2.2","0.14","","","","6","","10","15","0","6","X","0","","","","","","","","0","0","0","0","0","","","","","","","","",""
"52459","5010358","1","2025","Gear","Gear","Miscellaneous","Games","Recreate Activity Cards: Castle","X","5010358-1","9.99","8.99","","9.99","25/04/2026 00:00:00","04/05/2026 00:00:00","","","","Box","Retail - limited","6651347","6651347","9788325348687","","9","21","2.2","0.135","","","","6","","10","18","0","6","X","0","","","","","","","","0","0","0","0","0","","","","","","","","",""
"52457","5010359","1","2025","Gear","Gear","Miscellaneous","Games","Recreate Activity Cards: Tech","X","5010359-1","9.99","8.99","","9.99","25/04/2026 00:00:00","04/05/2026 00:00:00","","","","Box","Retail - limited","6651348","6651348","9788325348694","","9","21","2.2","0.14","","","","6","","12","16","0","6","X","0","","","","","","","","0","0","0","0","0","","","","","","","","",""
"52460","5010360","1","2025","Gear","Gear","Miscellaneous","Games","Recreate Activity Cards: Pets","X","5010360-1","9.99","8.99","","9.99","25/04/2026 00:00:00","04/05/2026 00:00:00","","","","Box","Retail - limited","6651349","6651349","9788325348717","","9","21","2.2","0.159","","","","6","","13","13","0","1","X","0","","","","","","","","0","0","0","0","0","","","","","","","","",""
"52461","5010361","1","2025","Gear","Gear","Miscellaneous","Games","Recreate Activity Cards: Ninja Adventures","X","5010361-1","9.99","8.99","","9.99","25/04/2026 00:00:00","04/05/2026 00:00:00","","","","Box","Retail - limited","6651350","6651350","9788325348700","","9","21","2.2","0.14","","","","6","","16","21","0","1","X","0","","","","","","","","0","0","0","0","0","","","","","","","","",""
"51277","6594064","1","2025","Gear","Gear","Miscellaneous","Posters","The Lord of the Rings: Trio Art Print","X","LOTR-ARTPRINT-1","","","","","","","","","","{Not specified}","Promotional","","6594064","","","","","","","","","","","","227","108","0","0","X","0","","","","","","X","","1","1","0","0","1","","","","","","","","",""
"52270","6594065","1","2025","Gear","Gear","Miscellaneous","Miscellaneous","Grogu Paper Headband","X","6594065-1","","","","","","","","","","{Not specified}","{Not specified}","","","","","","","","","","","","","","31","10","0","0","X","0","","","","","","X","","1","1","0","0","1","","","","","","","","",""
"51394","6594066","1","2025","Gear","Gear","Miscellaneous","Miscellaneous","Greetings From Kamino Postcard","X","6594066-1","","","","","","","","","","{Not specified}","Promotional","","","","","20.5","15.5","","","","","","","","182","49","0","1","X","0","","","","","","X","","1","1","0","0","1","","","","","","","","",""
"52153","CHILD","1","2025","Gear","Gear","Miscellaneous","Key Chains","LEGO Child Gold Keychain","X","CHILD-1","","","","","","","","","","Box","Promotional","","","","","7.58","14.1","2","0.08","","","","4","","4","26","0","1","X","0","","","","18/10/2025 00:00:00","31/10/2025 00:00:00","X","","1","1","0","0","1","","","","","","","","",""
"52152","DAD","1","2025","Gear","Gear","Miscellaneous","Key Chains","LEGO Dad Gold Keychain","X","DAD-1","","","","","","","","","","Box","Promotional","","","","","7.58","14.1","2","0.08","","","","4","","6","22","0","2","X","0","","","","12/09/2025 00:00:00","03/10/2025 00:00:00","X","","1","1","0","0","1","","","","","","","","",""
"52154","DADCHILD","1","2025","Gear","Gear","Miscellaneous","Key Chains","LEGO Dad & Child Gold Keychain","X","DADCHILD-1","","","","","","","","","","Box","Promotional","","","5060093910179","","","","","","","","","4","","13","31","0","4","X","0","","","","","","X","","1","1","0","0","1","","","","","","","","",""
"51250","FABULANDART","1","2025","Gear","Gear","Miscellaneous","Posters","Fabuland Tribute Art Print","X","FABULANDART-1","","","","","","","","","","{Not specified}","Promotional","","","","","","","","","","","","","","37","44","0","0","X","0","","","","","","X","","1","1","0","0","1","","","","","","","","",""
"51995","HPCALENDAR","1","2025","Gear","Gear","Miscellaneous","Calendars","Harry Potter Family Calendar","X","HPCALENDAR-1","","","","","","","","","","{Not specified}","LEGO exclusive","","","","","50","40","","","","","","","","27","23","0","0","X","0","","","","","","X","","1","1","0","0","1","","","","","","","","",""
"52331","LLOYDKO","1","2025","Gear","Gear","Miscellaneous","Hallmark Keepsake","Lloyd Keepsake Ornament","X","LLOYDKO-1","","","","","","","","","","{Not specified}","{Not specified}","","","","","","","","","","","","","","6","8","0","0","X","0","","","","","","","","0","0","0","0","0","","","","","","","","",""
"52151","MUM","1","2025","Gear","Gear","Miscellaneous","Key Chains","LEGO Mum Gold Keychain","X","MUM-1","","","","","","","","","","Box","Promotional","","","","","7.58","14.1","2","0.08","","","","4","","3","26","0","3","X","0","","","","04/10/2025 00:00:00","17/10/2025 00:00:00","X","","1","1","0","0","1","","","","","","","","",""
"51400","SWC2025ART","1","2025","Gear","Gear","Miscellaneous","Posters","Star Wars Celebration Japan 2025 Art Prints","X","SWC2025ART-1","","","","","","","","","","{Not specified}","Promotional","","","","","","","","","","","","","","34","68","0","0","X","0","","","","","","X","","1","1","0","0","1","","","","","","","","",""
"50455","30706","1","2025","Normal","Harry Potter","Licensed","Philosopher's Stone","Quidditch Lesson","X","30706-1","","","","3.99","","","27","2","hp538,hp539,","Paper bag","Retail","6527995","6527994","5702017820217","673419406734","17","18","3","","","","","6","","3912","747","2","4","X","4","4.0300","4.6900","","01/02/2025 00:00:00","31/12/2025 00:00:00","X","","1","1","0","0","1","","","","","","","","",""
"51641","40770","1","2025","Normal","Harry Potter","Licensed","Promotional","Hogwarts Castle: Room of Requirement","X","40770-1","","","","","","","202","1","hp566,","Box","LEGO exclusive","","","","","","","","","24","8","7","8","","2364","767","2","7","X","0","31.4500","","","01/09/2025 00:00:00","31/10/2025 00:00:00","X","","1","1","0","0","1","","","","","","","","",""
"50674","76441","1","2025","Normal","Harry Potter","Licensed","Chamber of Secrets","Hogwarts Castle: Dueling Club","X","76441-1","24.99","19.99","29.99","24.99","03/12/2024 00:00:00","08/10/2025 00:00:00","158","4","hp254,hp314,hp493,hp535,","Box","Retail","6526339","6526338","5702017812793","673419403641","26.2","14.1","4.8","","16","2","4","8","","3484","1111","2","9","X","5","24.3800","16.2800","","01/01/2025 00:00:00","31/12/2025 00:00:00","X","","1","1","0","0","1","","","","","","","","",""
"50675","76442","1","2025","Normal","Harry Potter","Licensed","Philosopher's Stone","Hogwarts Castle: Charms Class","X","76442-1","19.99","17.99","24.99","19.99","03/12/2024 00:00:00","04/05/2026 00:00:00","204","3","hp283,hp468,hp536,","Box","Retail","6526341","6526340","5702017812809","673419403757","26.2","14.1","7.2","","24","8","7","8","","3113","1162","2","11","X","5","14.1600","12.6500","Zio Chao,","01/01/2025 00:00:00","31/12/2027 00:00:00","X","","1","1","0","0","1","","","","","","","","",""
"50831","76443","1","2025","Normal","Harry Potter","Licensed","Deathly Hallows","Hagrid & Harry's Motorcycle Ride","X","76443-1","49.99","44.99","59.99","49.99","03/12/2024 00:00:00","04/05/2026 00:00:00","617","","","Box","Retail","6526343","6526342","5702017812816","673419403764","28.2","26.2","7.6","","16","16","12","9","","1251","644","2","8","X","0","33.4400","20.0000","Atticus,","01/01/2025 00:00:00","31/07/2026 00:00:00","X","","1","1","0","0","1","","","","","","","","",""
"50842","76444","1","2025","Normal","Harry Potter","Licensed","Miscellaneous","Diagon Alley Wizarding Shops","X","76444-1","199.99","169.99","259.99","199.99","03/12/2024 00:00:00","04/05/2026 00:00:00","2750","12","90398pb053,90398pb054,90398pb055,90398pb056,90398pb057,90398pb058,90398pb059,90398pb060,90398pb061,90398pb062,90398pb063,90398pb064,","Box","Retail","6526345","6526344","5702017812823","673419403771","48","37.8","11.2","","14","88","8","18","","2077","1837","35","15","X","0","147.0200","126.2800","","01/01/2025 00:00:00","31/12/2027 00:00:00","X","","1","1","0","0","1","","","","","","","","",""
"51003","76445","1","2025","Normal","Harry Potter","Licensed","Chamber of Secrets","Hogwarts Castle: Herbology Class","X","76445-1","49.99","44.99","59.99","49.99","03/05/2025 00:00:00","04/05/2026 00:00:00","390","3","hp569,hp570,hp571,","Box","Retail","6526347","6526346","5702017812830","673419403788","26.2","22.2","6.2","","12","13","13","8","","2369","1566","2","10","X","0","39.7800","40.0000","","01/06/2025 00:00:00","31/12/2026 00:00:00","X","","1","1","0","0","1","","","","","","","","",""
"50883","76446","1","2025","Normal","Harry Potter","Licensed","Prisoner of Azkaban","Knight Bus Adventure","X","76446-1","49.99","44.99","59.99","49.99","03/12/2024 00:00:00","04/05/2026 00:00:00","499","4","hp544,hp545,hp546,hp547,","Box","Retail","6526349","6526348","5702017812847","673419403795","28.2","26.2","7.6","","15","17","6","8","","2331","1484","2","9","X","0","35.1500","31.0000","George Gilliatt,","01/03/2025 00:00:00","31/07/2027 00:00:00","X","","1","1","0","0","1","","","","","","","","",""
"50884","76447","1","2025","Normal","Harry Potter","Licensed","Philosopher's Stone","Hogwarts Castle: Flying Lessons","X","76447-1","79.99","69.99","99.99","79.99","03/12/2024 00:00:00","04/05/2026 00:00:00","651","7","hp254,hp281,hp539,hp540,hp541,hp542,hp543,","Box","Retail","6526351","6526350","5702017812854","673419403801","38.2","26.2","7.1","","26","32","15","9","","1753","1865","2","10","X","5","103.7600","71.8100","","01/01/2025 00:00:00","31/12/2026 00:00:00","X","","1","1","0","0","1","","","","","","","","",""
"51004","76448","1","2025","Normal","Harry Potter","Licensed","Chamber of Secrets","Fawkes: Dumbledore's Phoenix","X","76448-1","22.99","17.99","24.99","19.99","03/05/2025 00:00:00","04/05/2026 00:00:00","299","","","Box","Retail","6526353","6526352","5702017812861","673419403818","14.1","26.2","6.1","","","","","8","","1333","545","2","9","X","0","14.0600","","Atticus,","01/06/2025 00:00:00","31/07/2026 00:00:00","X","","1","1","0","0","1","","","","","","","","",""
"51005","76449","1","2025","Normal","Harry Potter","Licensed","Prisoner of Azkaban","Chomping Monster Book of Monsters","X","76449-1","59.99","54.99","79.99","59.99","03/05/2025 00:00:00","04/05/2026 00:00:00","518","1","hp549,","Box","Retail","6526355","6526354","5702017812878","673419403825","28.2","26.2","7.6","","16","15","6","9","","1606","1100","2","9","X","0","54.8100","37.1500","","01/06/2025 00:00:00","31/12/2026 00:00:00","X","","1","1","0","0","1","","","","","","","","",""
"51006","76450","1","2025","Normal","Harry Potter","Licensed","Miscellaneous","Book Nook: Hogwarts Express","X","76450-1","99.99","89.99","129.99","99.99","03/05/2025 00:00:00","04/05/2026 00:00:00","832","2","hp316,hp550,","Box","Retail","6526357","6526356","5702017812885","673419403832","45.6","28.2","8.8","","17","38","7","10","","1516","1519","4","11","X","0","82.3800","","","01/06/2025 00:00:00","31/12/2026 00:00:00","X","","1","1","0","0","1","","","","","","","","",""
"51007","76451","1","2025","Normal","Harry Potter","Licensed","Prisoner of Azkaban","Privet Drive: Aunt Marge's Visit","X","76451-1","89.99","79.99","119.99","89.99","03/05/2025 00:00:00","04/05/2026 00:00:00","639","6","hp544,hp563,hp564,hp565,hp567,hp568,","Box","Retail","6526359","6526358","5702017812892","673419403849","38.2","26.2","7.1","","16","31","12","8","","1835","1735","4","10","X","0","56.0000","77.7900","George Gilliatt,","01/06/2025 00:00:00","31/12/2026 00:00:00","X","","1","1","0","0","1","","","","","","","","",""
"51008","76452","1","2025","Normal","Harry Potter","Licensed","Chamber of Secrets","Quality Quidditch Supplies & Ice Cream Parlour","X","76452-1","99.99","89.99","129.99","99.99","03/05/2025 00:00:00","04/05/2026 00:00:00","795","7","hp572,hp573,hp574,hp575,hp576,hp577,hp578,","Box","Retail","6526361","6526360","5702017812908","673419403856","38.2","26.2","7.1","","20","13","10","8","","1271","1358","4","9","X","0","99.0100","80.0000","","01/06/2025 00:00:00","31/12/2026 00:00:00","X","","1","1","0","0","1","","","","","","","","",""
"50676","76453","1","2025","Normal","Harry Potter","Licensed","Deathly Hallows","Malfoy Manor","X","76453-1","149.99","129.99","199.99","149.99","03/12/2024 00:00:00","04/05/2026 00:00:00","1601","9","hp526,hp527,hp528,hp529,hp530,hp531,hp532,hp533,hp534,","Box","Retail","6526363","6526362","5702017812915","673419403863","48","37.8","9.4","","31","30","17","10","","1989","1894","3","10","X","0","114.7500","118.0000","","01/01/2025 00:00:00","31/07/2026 00:00:00","X","","1","1","0","0","1","","","","","","","","",""
"51009","76454","1","2025","Normal","Harry Potter","Licensed","Philosopher's Stone","Hogwarts Castle: The Main Tower","X","76454-1","259.99","229.99","329.99","249.99","03/05/2025 00:00:00","04/05/2026 00:00:00","2135","12","hp551,hp552,hp553,hp554,hp555,hp556,hp557,hp558,hp559,hp560,hp561,hp562,","Box","Retail","6526365","6526364","5702017812922","673419403870","37.8","55.5","11.8","","67","36","14","10","","1663","1879","14","14","X","0","209.1600","190.4000","","01/06/2025 00:00:00","31/07/2027 00:00:00","X","","1","1","0","0","1","","","","","","","","",""
"51010","76456","1","2025","Normal","Harry Potter","Licensed","Seasonal","LEGO Harry Potter Advent Calendar 2025","X","76456-1","44.99","29.99","59.99","34.99","02/05/2025 00:00:00","22/02/2026 00:00:00","278","8","hp589,hp590,hp591,hp592,hp593,hp594,hp595,hp596,","Box","Retail","6526367","6526366","5702017812397","673419403429","","","","","","","","7","","2284","570","1","5","X","0","26.2400","","George Gilliatt,","01/09/2025 00:00:00","31/12/2025 00:00:00","X","","1","1","0","0","1","","","","","","","","",""
"51340","76457","1","2025","Normal","Harry Potter","Licensed","General","Hogsmeade Village - Collectors' Edition","X","76457-1","399.99","349.99","489.99","379.99","13/08/2025 00:00:00","04/05/2026 00:00:00","3228","12","hp532,hp540,hp579,hp580,hp581,hp582,hp583,hp584,hp585,hp586,hp587,hp588,","Box","Retail","6529128","6529127","5702017824314","673419407434","55.5","37.8","15.7","","33","76","14","18","","1526","1833","6","15","X","0","369.1200","296.9900","George Gilliatt,","01/09/2025 00:00:00","31/12/2027 00:00:00","X","","1","1","0","0","1","","","","","","","","",""
"51341","76458","1","2025","Normal","Harry Potter","Licensed","Characters","Thestral Family","X","76458-1","69.99","59.99","89.99","69.99","03/05/2025 00:00:00","04/05/2026 00:00:00","548","","","Box","Retail","6529433","6529432","5702017824819","673419407601","38.2","26.2","5.7","","","","","10","","579","810","4","8","X","0","67.7700","34.0000","Atticus,","01/06/2025 00:00:00","31/12/2026 00:00:00","X","","1","1","0","0","1","","","","","","","","",""
"51977","6565158","1","2025","Extended","Harry Potter","Licensed","Promotional","Butterbeer Truck","X","BUTTERBEER-1","","","","","","","61","","","None (loose parts)","Promotional","","6565149","5702017971353","","","","","","","","","6","","247","312","0","2","X","0","26.9400","18.3400","","","","X","","1","1","0","0","1","","","","","","","","",""
"50646","77037","1","2025","Normal","Horizon","Licensed","LEGO Horizon Adventures","Aloy & Varl vs. Shell-Walker & Sawtooth","X","77037-1","44.99","39.99","59.99","44.99","19/11/2024 00:00:00","04/05/2026 00:00:00","768","2","hrz001,hrz002,","Box","Retail","6471338","6471337","5702017591759","673419391597","38.2","26.2","5.7","","18","12","8","9","","1986","877","4","5","X","4","36.2700","30.0000","Joe Kyde,","01/03/2025 00:00:00","31/12/2026 00:00:00","X","","1","1","0","0","1","","","","","","","","",""
"50436","10350","1","2025","Normal","Icons","Model making","Modular Buildings Collection","Tudor Corner","X","10350-1","229.99","199.99","299.99","229.99","04/12/2024 00:00:00","04/05/2026 00:00:00","3266","8","twn510,twn511,twn512,twn513,twn514,twn515,twn516,twn517,","Box","LEGO exclusive","6526667","6526662","5702017813219","673419403900","55.5","37.8","13.2","3.554","31","26","25","18","","8842","4342","7","15","X","13","199.3800","191.2000","","01/01/2025 00:00:00","31/12/2028 00:00:00","X","","1","1","0","0","1","","","","","","","","",""
"51111","10351","1","2025","Normal","Icons","Model making","Miscellaneous","Sherlock Holmes: Book Nook","X","10351-1","129.99","109.99","149.99","119.99","30/04/2025 00:00:00","04/05/2026 00:00:00","1359","5","twn521,twn522,twn523,twn524,twn525,","Box","Retail - limited","6529391","6529390","5702017824475","673419407489","38.2","26.2","11.8","","21","37","6","18","","2559","2619","7","17","X","5","133.7600","95.8700","Antica Bracanov,","01/06/2025 00:00:00","31/12/2026 00:00:00","X","","1","1","0","0","1","","","","","","","","",""
"50988","10352","1","2025","Normal","Icons","Model making","The Simpsons","The Simpsons: Krusty Burger","X","10352-1","209.99","179.99","259.99","199.99","14/05/2025 00:00:00","04/05/2026 00:00:00","1635","7","sim026,sim043,sim044,sim045,sim046,sim047,sim048,","Box","Retail","6530072","6530071","5702017829128","673419408196","48","37.8","9.4","","23","24","20","18","","2824","2079","7","16","X","0","184.2700","179.9900","Ann Healy,","01/06/2025 00:00:00","31/12/2028 00:00:00","X","","1","1","0","0","1","","","","","","","","",""
"50680","10353","1","2025","Normal","Icons","Model making","Formula 1","Williams Racing FW14B & Nigel Mansell","X","10353-1","79.99","69.99","99.99","79.99","22/11/2024 00:00:00","04/05/2026 00:00:00","799","1","twn519,","Box","Retail","6526757","6526756","5702017815862","673419404921","38.2","26.2","7.1","","31","15","7","18","","3694","1393","7","7","X","0","63.3800","45.9000","","01/03/2025 00:00:00","31/07/2027 00:00:00","X","","1","1","0","0","1","","","","","","","","",""
"50968","10354","1","2025","Normal","Icons","Model making","The Lord of the Rings","The Lord of the Rings: The Shire","X","10354-1","269.99","229.99","349.99","269.99","26/03/2025 00:00:00","04/05/2026 00:00:00","2017","9","lor142,lor143,lor144,lor145,lor146,lor147,lor148,lor149,lor150,","Box","LEGO exclusive","6530074","6530073","5702017829135","673419408202","48","37.8","11.2","","20","45","27","18","","5395","2893","21","11","X","3","217.0500","227.4900","Kenyon Brady,","02/04/2025 00:00:00","31/12/2028 00:00:00","X","","1","1","0","0","1","","","","","","","","",""
"50919","10355","1","2025","Normal","Icons","Model making","Space System","Blacktron Renegade","X","10355-1","99.99","89.99","129.99","99.99","19/12/2024 00:00:00","17/01/2026 00:00:00","1151","4","sp134,sp147,","Box","LEGO exclusive","6530076","6530075","5702017829142","673419408219","38.2","26.2","9.4","1.344","47","30","9","18","","5243","1583","15","13","X","19","93.6900","90.2500","","01/01/2025 00:00:00","31/12/2025 00:00:00","X","","1","1","0","0","1","","","","","","","","",""
"51025","10356","1","2025","Normal","Icons","Model making","Star Trek","Star Trek: U.S.S. Enterprise NCC-1701-D","X","10356-1","399.99","349.99","489.99","379.99","07/11/2025 00:00:00","04/05/2026 00:00:00","3600","9","trek001,trek002,trek003,trek004,trek005,trek006,trek007,trek008,trek009,","Box","LEGO exclusive","6530078","6530077","5702017829159","673419408226","52.3","48","18","","48","27","60","18","","3353","1588","16","24","X","5","399.2400","364.4000","Hans Burkhard Schlömer,","28/11/2025 00:00:00","31/12/2028 00:00:00","X","","1","1","0","0","1","","","","","","","","",""
"51109","10357","1","2025","Normal","Icons","Model making","Vehicles","Shelby Cobra 427 S/C","X","10357-1","159.99","139.99","199.99","149.99","13/06/2025 00:00:00","04/05/2026 00:00:00","1241","","","Box","LEGO exclusive","6530080","6530079","5702017829166","673419408233","45.6","28.2","8.8","","30","14","9","18","","1867","2051","7","14","X","0","155.6700","150.8800","Leon Pijnenburg,","01/07/2025 00:00:00","31/12/2028 00:00:00","X","","1","1","0","0","1","","","","","","","","",""
"51110","10358","1","2025","Normal","Icons","Model making","Transformers","Transformers: Soundwave","X","10358-1","189.99","159.99","229.99","179.99","11/07/2025 00:00:00","04/05/2026 00:00:00","1505","","","Box","LEGO exclusive","6530082","6530081","5702017829173","673419408240","28.2","45.6","8.8","","","","","18","","2632","1884","7","14","X","10","141.0500","117.0600","Aron Gerencser,Joe Kyde,","01/08/2025 00:00:00","31/12/2028 00:00:00","X","","1","1","0","0","1","","","","","","","","",""
"49041","10359","1","2025","Normal","Icons","Model making","Gardens of the World","Fountain Garden","X","10359-1","99.99","89.99","129.99","99.99","20/11/2024 00:00:00","04/05/2026 00:00:00","1302","","","Box","Retail","6526759","6526758","5702017815879","673419404938","38.2","26.2","11.8","1.387","15","29","19","18","","2303","1472","7","11","X","0","67.4200","40.0000","Henrik Rubin Saaby,","01/01/2025 00:00:00","31/07/2026 00:00:00","X","","1","1","0","0","1","","","","","","","","",""
"51271","10360","1","2025","Normal","Icons","Model making","Space","Shuttle Carrier Aircraft","X","10360-1","229.99","199.99","299.99","229.99","07/05/2025 00:00:00","04/05/2026 00:00:00","2417","","","Box","Retail","6530084","6530083","5702017829180","673419408257","55.5","37.8","10.3","","53","27","63","18","","1994","1697","14","14","X","3","193.8400","100.0000","","15/05/2025 00:00:00","31/12/2028 00:00:00","X","","1","1","0","0","1","","","","","","","","",""
"51632","10361","1","2025","Normal","Icons","Model making","Winter Village Collection","Holiday Express Train","X","10361-1","129.99","109.99","149.99","119.99","10/09/2025 00:00:00","04/05/2026 00:00:00","956","4","hol377,hol378,hol379,hol380,","Box","LEGO exclusive","6530086","6530085","5702017829197","673419408264","45.6","28.2","8.8","1.368","13","49","7","18","","3170","1495","18","16","X","0","134.5100","","","01/10/2025 00:00:00","31/12/2028 00:00:00","X","","1","1","0","0","1","","","","","","","","",""
"50681","10362","1","2025","Normal","Icons","Model making","Restaurants of the World","French Café","X","10362-1","79.99","69.99","99.99","79.99","26/01/2025 00:00:00","04/05/2026 00:00:00","1101","","","Box","Retail","6526761","6526760","5702017815886","673419404969","38.2","26.2","9.4","","16","30","6","18","","1730","1201","7","9","X","0","60.0000","55.4400","","01/03/2025 00:00:00","31/07/2026 00:00:00","X","","1","1","0","0","1","","","","","","","","",""
"50682","10363","1","2025","Normal","Icons","Model making","Miscellaneous","Leonardo da Vinci's Flying Machine","X","10363-1","49.99","54.99","64.99","59.99","27/11/2024 00:00:00","04/05/2026 00:00:00","493","1","twn518,","Box","Retail","6526763","6526762","5702017815893","673419404976","28.2","26.2","5.9","","25","29","35","18","","4289","2068","7","12","X","5","45.6200","28.8100","Antica Bracanov,","01/01/2025 00:00:00","31/12/2026 00:00:00","X","","1","1","0","0","1","","","","","","","","",""
"51633","10365","1","2025","Normal","Icons","Model making","Pirates of the Caribbean","Captain Jack Sparrow's Pirate Ship","X","10365-1","379.99","299.99","449.99","349.99","27/08/2025 00:00:00","04/05/2026 00:00:00","2862","9","poc044,poc045,poc046,poc047,poc048,poc049,poc050,poc051,poc052,","Box","LEGO exclusive","6530088","6530087","5702017829203","673419408271","37.5","55.5","15.7","","64","64","23","18","","2874","3395","7","20","X","0","360.3500","330.0000","","12/09/2025 00:00:00","31/12/2028 00:00:00","X","","1","1","0","0","1","","","","","","","","",""
"51593","10366","1","2025","Normal","Icons","Model making","Miscellaneous","Tropical Aquarium","X","10366-1","479.99","399.99","599.99","449.99","15/10/2025 00:00:00","04/05/2026 00:00:00","4154","","","Box","LEGO exclusive","6530090","6530089","5702017829210","673419408288","52.3","48","21.8","","52","36","28","18","","385","915","7","17","X","5","465.8600","","","13/11/2025 00:00:00","31/12/2028 00:00:00","X","","1","1","0","0","1","","","","","","","","",""
"50969","10367","1","2025","Normal","Icons","Model making","The Lord of the Rings","The Lord of the Rings: Balrog Book Nook","X","10367-1","129.99","109.99","149.99","119.99","29/05/2025 00:00:00","04/05/2026 00:00:00","1201","1","lor153,","Box","Retail","6526765","6526764","5702017815909","673419405003","38.2","26.2","9.4","","22","44","17","18","","2941","1962","7","12","X","0","95.9700","75.0000","","01/06/2025 00:00:00","31/12/2028 00:00:00","X","","1","1","0","0","1","","","","","","","","",""
"51132","10375","1","2025","Normal","Icons","Model making","How to Train Your Dragon","How to Train Your Dragon: Toothless","X","10375-1","69.99","59.99","89.99","69.99","03/06/2025 00:00:00","04/05/2026 00:00:00","784","","","Box","LEGO exclusive","6549095","6549094","5702017910062","673419413657","26.2","28.2","9.6","","","","","18","","1201","1244","7","11","X","0","73.1600","52.8000","","01/07/2025 00:00:00","31/12/2028 00:00:00","X","","1","1","0","0","1","","","","","","","","",""
"50460","40757","1","2025","Normal","Icons","Model making","Promotional","Corner Kiosk","X","40757-1","","","","","","","205","2","gen190,gen191,","Box","LEGO exclusive","6530171","6530170","5702017830179","","26.2","14.1","4.8","0.249","8","8","7","18","","4566","1553","2","3","X","0","40.1100","43.5800","","01/01/2025 00:00:00","31/12/2025 00:00:00","X","","1","1","0","0","1","","","","","","","","",""
"51249","40761","1","2025","Normal","Icons","Model making","The Lord of the Rings","The Lord of the Rings: Sméagol & Déagol","X","40761-1","","","","","","","181","2","lor151,lor152,","Box","LEGO exclusive","6530179","6530178","","","26.2","19.1","4.6","","15","14","6","18","","4338","1174","2","3","X","0","71.0300","66.8800","","02/04/2025 00:00:00","31/12/2025 00:00:00","X","","1","1","0","0","1","","","","","","","","",""
"51631","40768","1","2025","Normal","Icons","Model making","Star Trek","Star Trek: Type-15 Shuttlepod","X","40768-1","","","","","","","261","1","trek010,","Box","LEGO exclusive","6530293","6530292","5702017829784","673419408127","20.5","19.1","4.6","0.293","8","6","12","18","","3064","724","2","5","X","5","107.4300","75.3700","Jackson Hughes,","28/11/2025 00:00:00","31/12/2025 00:00:00","X","","1","1","0","0","1","","","","","","","","",""
"51072","21354","1","2025","Normal","Ideas","Miscellaneous","Licensed","Twilight The Cullen House","X","21354-1","219.99","189.99","279.99","219.99","17/01/2025 00:00:00","04/05/2026 00:00:00","2001","7","idea216,idea217,idea218,idea219,idea220,idea221,idea222,","Box","LEGO exclusive","6530092","6530091","5702017829227","673419408295","55.5","37.8","10.3","","21","37","18","18","","1220","1267","7","15","X","5","267.0900","189.6400","Adam Grabowski,","01/02/2025 00:00:00","31/07/2027 00:00:00","X","","1","1","0","0","1","","","","","","","","",""
"51178","21355","1","2025","Normal","Ideas","Miscellaneous","","The Evolution of STEM","X","21355-1","79.99","69.99","99.99","79.99","02/02/2025 00:00:00","04/05/2026 00:00:00","879","3","idea223,idea224,idea225,","Box","Retail","6529403","6529402","5702017824871","673419407663","26.2","38.2","7.1","","27","23","19","18","","1822","1367","7","12","X","0","52.5000","49.3700","Ollie Gregory,","01/03/2025 00:00:00","31/12/2026 00:00:00","X","","1","1","0","0","1","","","","","","","","",""
"51233","21356","1","2025","Normal","Ideas","Miscellaneous","","River Steamboat","X","21356-1","329.99","289.99","429.99","329.99","02/03/2025 00:00:00","04/05/2026 00:00:00","4090","","","Box","LEGO exclusive","6530094","6530093","5702017829234","673419408301","52.3","48","18","","40","69","15","18","","1740","1718","7","15","X","0","312.9800","252.2100","Marina Stampoli,","07/04/2025 00:00:00","31/12/2026 00:00:00","X","","1","1","0","0","1","","","","","","","","",""
"51329","21357","1","2025","Normal","Ideas","Miscellaneous","Licensed","Disney Pixar Luxo Jr.","X","21357-1","69.99","59.99","89.99","69.99","09/05/2025 00:00:00","04/05/2026 00:00:00","613","","","Box","Retail","6530096","6530095","5702017829241","673419408318","22.2","26.2","9.5","0.639","29","14","11","18","","4212","1872","7","11","X","9","54.1800","28.0000","Tom Gerardin,","01/06/2025 00:00:00","31/12/2027 00:00:00","X","","1","1","0","0","1","","","","","","","","",""
"51328","21358","1","2025","Normal","Ideas","Miscellaneous","","Minifigure Vending Machine","X","21358-1","179.99","149.99","219.99","169.99","23/05/2025 00:00:00","04/05/2026 00:00:00","1343","16","idea226,idea227,idea228,idea229,idea230,idea231,idea232,idea233,idea234,idea235,idea236,idea237,idea238,idea239,","Box","LEGO exclusive","6530098","6530097","5702017828367","673419408325","28.2","45.6","13.6","","28","17","21","18","","3745","2643","11","12","X","10","180.1800","129.7700","","01/06/2025 00:00:00","31/12/2027 00:00:00","X","","1","1","0","0","1","","","","","","","","",""
"51331","21359","1","2025","Normal","Ideas","Miscellaneous","","Italian Riviera","X","21359-1","299.99","249.99","349.99","279.99","18/07/2025 00:00:00","04/05/2026 00:00:00","3251","10","cty1654,idea240,idea241,idea242,idea243,idea244,idea245,idea246,idea247,idea248,","Box","LEGO exclusive","6530100","6530099","5702017829272","673419408332","55.5","37.8","13.2","3.903","23","34","31","18","","1935","2358","9","15","X","0","270.2400","260.4700","","07/08/2025 00:00:00","31/12/2027 00:00:00","X","","1","1","0","0","1","","","","","","","","",""
"51332","21360","1","2025","Normal","Ideas","Miscellaneous","Licensed","Willy Wonka & the Chocolate Factory","X","21360-1","219.99","199.99","279.99","219.99","22/08/2025 00:00:00","04/05/2026 00:00:00","2025","9","idea249,idea250,idea251,idea252,idea253,idea254,idea255,idea256,idea257,","Box","LEGO exclusive","6532578","6532577","5702017836409","673419409445","48","37.8","11.2","","19","52","26","18","","1569","1352","7","18","X","0","193.1800","158.9900","Markus Rollbühler,","15/09/2025 00:00:00","31/12/2026 00:00:00","X","","1","1","0","0","1","","","","","","","","",""
"51333","21361","1","2025","Normal","Ideas","Miscellaneous","Licensed","Gremlins: Gizmo","X","21361-1","109.99","89.99","129.99","99.99","30/08/2025 00:00:00","04/05/2026 00:00:00","1125","","","Box","Retail","6530102","6530101","5702017829289","673419408349","","","","","27","20","8","18","","1574","1221","8","14","X","0","97.5800","","","01/10/2025 00:00:00","31/12/2027 00:00:00","X","","1","1","0","0","1","","","","","","","","",""
"51107","21362","1","2025","Normal","Ideas","Miscellaneous","","Mineral Collection","X","21362-1","59.99","54.99","79.99","59.99","04/09/2025 00:00:00","04/05/2026 00:00:00","880","","","Box","Retail","6530104","6530103","5702017829296","673419408356","38.2","26.2","7.05","","18","28","7","18","","1690","1012","11","15","X","0","52.1800","35.0000","Markus Rollbühler,","01/10/2025 00:00:00","31/12/2027 00:00:00","X","","1","1","0","0","1","","","","","","","","",""
"51334","21363","1","2025","Normal","Ideas","Miscellaneous","Licensed","The Goonies","X","21363-1","329.99","269.99","379.99","299.99","25/10/2025 00:00:00","04/05/2026 00:00:00","2912","13","bdp169,idea258,idea259,idea260,idea261,idea262,idea263,idea264,idea265,idea266,idea267,idea268,idea269,","Box","LEGO exclusive","6529405","6529404","5702017824888","673419407670","55.5","37.8","13.2","","62","36","18","18","","2075","1194","4","16","X","0","260.9300","253.5500","Marina Stampoli,Markus Rollbühler,Tom Gerardin,","01/11/2025 00:00:00","31/12/2027 00:00:00","X","","1","1","0","0","1","","","","","","","","",""
"51629","40773","1","2025","Normal","Ideas","Miscellaneous","Promotional","The Goonies: The Walshes' Attic","X","40773-1","","","","","","","179","2","idea270,idea271,","Box","LEGO exclusive","6530303","","","673419408479","20.5","19.1","4.6","0.247","13","8","9","18","","1857","505","2","6","X","0","58.9200","60.0000","Tom Gerardin,","01/11/2025 00:00:00","31/12/2025 00:00:00","X","","1","1","0","0","1","","","","","","","","",""
"51229","40786","1","2025","Normal","Ideas","Miscellaneous","Promotional","Micro Command Centre","X","40786-1","","","","","","","214","1","sp140,","Box","LEGO exclusive","6530991","6530990","5702017830759","673419408851","26.2","14.1","6.1","","14","16","15","18","","4044","819","7","3","X","0","35.1300","16.0000","Mel Caddick,","01/03/2025 00:00:00","31/12/2025 00:00:00","X","","1","1","0","0","1","","","","","","","","",""
"51436","40788","1","2025","Normal","Ideas","Miscellaneous","Promotional","Friendly Snails","X","40788-1","","","","","","","264","","","Box","LEGO exclusive","6531189","6531188","5702017830841","673419408912","20.5","19.1","7.3","0.361","13","13","7","18","","2659","640","9","3","X","0","31.8600","20.0000","Mina Yoo,","01/07/2025 00:00:00","31/12/2025 00:00:00","X","","1","1","0","0","1","","","","","","","","",""
"51435","40789","1","2025","Normal","Ideas","Miscellaneous","Promotional","Flying Moon Car","X","40789-1","","","","","","","211","2","idea272,idea273,","Box","LEGO exclusive","6530313","6530312","5702017829883","673419408523","26.2","14.1","6.1","0.319","11","17","9","18","","3185","832","7","3","X","0","29.9200","30.1700","Leonard Bahro,","01/07/2025 00:00:00","31/12/2025 00:00:00","X","","1","1","0","0","1","","","","","","","","",""
"50844","76967","1","2025","Normal","Jurassic World","Licensed","Chaos Theory","Little Eatie: T. rex","X","76967-1","24.99","19.99","29.99","24.99","02/12/2024 00:00:00","04/05/2026 00:00:00","317","","","Box","Retail","6526375","6526374","5702017813943","673419404105","26.2","19.1","6.1","","12","19","7","7","","1083","480","2","8","X","0","15.6000","16.0000","","01/01/2025 00:00:00","31/07/2026 00:00:00","X","","1","1","0","0","1","","","","","","","","",""
"51215","76968","1","2025","Normal","Jurassic World","Licensed","Dinosaur Fossils","Dinosaur Fossils: Tyrannosaurus rex","X","76968-1","249.99","219.99","329.99","249.99","26/02/2025 00:00:00","04/05/2026 00:00:00","3145","2","jw128,jw129,","Box","LEGO exclusive","6526377","6526376","5702017812557","673419403603","55.5","37.8","13.2","","","","","18","","2202","2718","11","12","X","9","236.0100","210.0000","Benjamin Liboriussen,","12/03/2025 00:00:00","31/12/2026 00:00:00","X","","1","1","0","0","1","","","","","","","","",""
"50683","76969","1","2025","Normal","Jurassic World","Licensed","Dinosaur Fossils","Dinosaur Fossils: Triceratops Skull","X","76969-1","44.99","39.99","59.99","44.99","02/12/2024 00:00:00","04/05/2026 00:00:00","468","1","jw127,","Box","Retail","6526379","6526378","5702017814193","673419404112","26.2","28.2","5.9","","22","17","17","9","","1933","1234","2","7","X","0","37.1500","25.5400","","01/01/2025 00:00:00","31/12/2026 00:00:00","X","","1","1","0","0","1","","","","","","","","",""
"51126","76970","1","2025","Normal","Jurassic World","Licensed","Rebirth","Baby Dinosaur Dolores: Aquilops","X","76970-1","27.99","19.99","29.99","24.99","07/03/2025 00:00:00","04/05/2026 00:00:00","339","","","Box","Retail","6526381","6526380","5702017812564","673419403610","26.2","19.1","4.6","","11","20","15","7","","881","394","2","10","X","0","14.6400","11.5800","","01/06/2025 00:00:00","31/07/2026 00:00:00","X","","1","1","0","0","1","","","","","","","","",""
"51125","76972","1","2025","Normal","Jurassic World","Licensed","Rebirth","Raptor Off-Road Escape","X","76972-1","39.99","29.99","44.99","34.99","07/03/2025 00:00:00","04/05/2026 00:00:00","285","2","jw138,jw139,","Box","Retail","6526383","6526382","5702017812779","673419403627","26.2","19.1","6.1","","15","7","6","6","","947","658","4","5","X","5","24.1100","18.0000","","01/06/2025 00:00:00","31/12/2026 00:00:00","X","","1","1","0","0","1","","","","","","","","",""
"51124","76973","1","2025","Normal","Jurassic World","Licensed","Rebirth","Raptor & Titanosaurus Tracking Mission","X","76973-1","109.99","89.99","129.99","99.99","07/03/2025 00:00:00","04/05/2026 00:00:00","582","3","jw134,jw135,jw136,","Box","Retail","6526385","6526384","5702017812786","673419403634","45.6","28.2","7.2","","10","21","16","7","","717","786","6","6","X","0","86.3400","46.1300","","01/06/2025 00:00:00","31/07/2026 00:00:00","X","","1","1","0","0","1","","","","","","","","",""
"51248","76974","1","2025","Normal","Jurassic World","Licensed","Rebirth","Brick-Built Mosasaurus Boat Mission","X","76974-1","59.99","54.99","79.99","59.99","07/03/2025 00:00:00","04/05/2026 00:00:00","858","2","jw140,jw141,","Box","Retail","6529435","6529434","5702017824826","673419407618","38.2","26.2","7.1","","42","20","6","9","","606","744","4","5","X","5","57.4300","","","01/06/2025 00:00:00","31/12/2026 00:00:00","X","","1","1","0","0","1","","","","","","","","",""
"51123","76975","1","2025","Normal","Jurassic World","Licensed","Rebirth","T. rex River Escape","X","76975-1","49.99","44.99","64.99","49.99","07/03/2025 00:00:00","04/05/2026 00:00:00","199","2","jw132,jw133,","Box","Retail","6533326","6533325","5702017849966","673419409469","26.2","22.2","6.2","","20","14","8","5","","783","566","6","5","X","0","55.9100","39.9900","","01/06/2025 00:00:00","31/07/2027 00:00:00","X","","1","1","0","0","1","","","","","","","","",""
"51122","76976","1","2025","Normal","Jurassic World","Licensed","Rebirth","Spinosaurus & Quetzalcoatlus Air Mission","X","76976-1","159.99","139.99","199.99","149.99","07/03/2025 00:00:00","04/05/2026 00:00:00","984","4","jw134,jw135,jw136,jw137,","Box","Retail","6533328","6533327","5702017850276","673419409476","48","37.8","7.1","","20","33","12","8","","622","881","6","5","X","5","135.6400","83.8200","Benjamin Liboriussen,","01/06/2025 00:00:00","31/12/2027 00:00:00","X","","1","1","0","0","1","","","","","","","","",""
"50915","122409","1","2025","Other","Jurassic World","Licensed","Magazine Gift","Robert Muldoon and Raptor","X","122409-1","","","","","","","19","1","jw115,","Paper bag","Magazine gift","","","","","12","14","3","0.015","","","","6","","326","198","0","0","X","0","5.3400","","Benjamin Liboriussen,","","","X","","1","1","0","0","1","","","","","","","","",""
"51263","122501","1","2025","Other","Jurassic World","Licensed","Magazine Gift","Ranger and Raptor","X","122501-1","","","","","","","29","1","jw131,","Paper bag","Magazine gift","","","","","12","15","2","0.018","","","","6","","260","117","0","0","X","0","3.8800","","Benjamin Liboriussen,","","","X","","1","1","0","0","1","","","","","","","","",""
"52159","122502","1","2025","Other","Jurassic World","Licensed","Magazine Gift","Owen with Cage and Raptor","X","122502-1","","","","","","","35","","","Paper bag","Magazine gift","","","","","","","","","","","","6","","143","77","0","0","X","0","3.9200","","Benjamin Liboriussen,","","","X","","1","1","0","0","1","","","","","","","","",""
"51420","122503","1","2025","Other","Jurassic World","Licensed","Magazine Gift","Owen with Quad bike","X","122503-1","","","","","","","34","1","jw048,","Paper bag","Magazine gift","","","","","","","","","","","","6","","174","95","0","0","X","0","3.5400","","Benjamin Liboriussen,","","","X","","1","1","0","0","1","","","","","","","","",""
"51598","122504","1","2025","Other","Jurassic World","Licensed","Magazine Gift","Raptor and Trap","X","122504-1","","","","","","","34","","","Paper bag","Magazine gift","","","","","12","15","2","","","","","6","","151","102","0","0","X","0","3.5900","","Benjamin Liboriussen,","","","X","","1","1","0","0","1","","","","","","","","",""
"51942","122505","1","2025","Other","Jurassic World","Licensed","Magazine Gift","Ranger with Helipack and Baby Raptor","X","122505-1","","","","","","","19","1","jw142,","Paper bag","Magazine gift","","","","","","","","","","","","6","","205","87","0","0","X","0","4.1600","","","","","X","","1","1","0","0","1","","","","","","","","",""
"52374","122508","1","2025","Other","Jurassic World","Licensed","Magazine Gift","Alan Grant with Hovercraft","X","122508-1","","","","","","","31","","","Paper bag","Magazine gift","","","","","12","15","2","0.025","","","","6","","111","48","0","0","X","0","4.6100","","Benjamin Liboriussen,","","","","","0","0","0","0","0","","","","","","","","",""
"50684","11198","1","2025","Normal","Marvel Super Heroes","Licensed","Spidey and His Amazing Friends","Spin and Electro Dinosaur Vehicle Chase","X","11198-1","19.99","17.99","24.99","19.99","03/12/2024 00:00:00","04/05/2026 00:00:00","124","2","sh0951,sh1034,","Box","Retail","6526767","6526766","5702017814797","673419404358","26.2","14.1","6.1","","","","","4","","352","319","6","5","X","0","17.3500","","","01/01/2025 00:00:00","31/12/2026 00:00:00","X","","1","1","0","0","1","","","","","","","","",""
"50685","11199","1","2025","Normal","Marvel Super Heroes","Licensed","Spidey and His Amazing Friends","Team Spidey Dino Crawler Rescue","X","11199-1","29.99","24.99","39.99","29.99","03/12/2024 00:00:00","05/11/2025 00:00:00","136","2","sh1033,sh1034,","Box","Retail","6526769","6526768","5702017814803","673419404365","26.2","19.1","6.1","","","","","4","","461","341","6","7","X","0","23.4600","","","01/01/2025 00:00:00","31/12/2025 00:00:00","X","","1","1","0","0","1","","","","","","","","",""
"50686","11200","1","2025","Normal","Marvel Super Heroes","Licensed","Spidey and His Amazing Friends","Spidey and Gobby's Raptor Battle at Tree House HQ","X","11200-1","54.99","49.99","69.99","54.99","03/12/2024 00:00:00","04/05/2026 00:00:00","143","2","sh1024,sh1025,","Box","Retail","6526771","6526770","5702017814810","673419404372","28.2","26.2","5.9","","16","23","15","4","","405","436","8","10","X","0","","","","01/01/2025 00:00:00","31/12/2026 00:00:00","X","","1","1","0","0","1","","","","","","","","",""
"50456","30707","1","2025","Normal","Marvel Super Heroes","Licensed","Spider-Man","Venom's Museum Robbery","X","30707-1","4.99","","","3.99","","","36","2","sh0542,sh0684,","Paper bag","Retail - limited","6527997","6527996","5702017819396","673419406864","17","18","3","","","","","6","","2257","492","2","3","X","0","4.5200","2.5400","Justin Ramsden,","01/02/2025 00:00:00","31/12/2025 00:00:00","X","","1","1","0","0","1","","","","","","","","",""
"50714","76307","1","2025","Normal","Marvel Super Heroes","Licensed","Avengers","Iron Man Mech vs. Ultron","X","76307-1","14.99","12.99","17.99","14.99","03/12/2024 00:00:00","04/05/2026 00:00:00","101","2","sh1008,sh1009,","Box","Retail","6527583","6527582","5702017817804","673419406277","14.1","15.7","4.5","","","","","","","2683","657","2","7","X","5","15.1800","7.5000","","01/01/2025 00:00:00","31/12/2026 00:00:00","X","","1","1","0","0","1","","","","","","","","",""
"50715","76308","1","2025","Normal","Marvel Super Heroes","Licensed","Spider-Man","Spider-Man Mech vs. Anti-Venom","X","76308-1","14.99","12.99","17.99","14.99","03/12/2024 00:00:00","04/05/2026 00:00:00","107","2","sh0684,sh1010,","Box","Retail","6527585","6527584","5702017817811","673419406284","14.1","15.7","4.5","","","","","","","2320","538","2","8","X","0","10.4900","7.3300","","01/01/2025 00:00:00","31/12/2026 00:00:00","X","","1","1","0","0","1","","","","","","","","",""
"50716","76309","1","2025","Normal","Marvel Super Heroes","Licensed","Spider-Man","Spider-Man vs. Venom Muscle Car","X","76309-1","29.99","24.99","39.99","29.99","03/12/2024 00:00:00","04/05/2026 00:00:00","254","3","sh0684,sh1027,sh1028,","Box","Retail","6527587","6527586","5702017817828","673419406291","26.2","19.1","6.1","","20","4","7","7","","1216","811","2","9","X","4","21.6500","14.6300","","01/01/2025 00:00:00","31/12/2026 00:00:00","X","","1","1","0","0","1","","","","","","","","",""
"50888","76310","1","2025","Normal","Marvel Super Heroes","Licensed","Avengers","Iron Man Car & Black Panther vs. Red Hulk","X","76310-1","34.99","24.99","44.99","29.99","03/12/2024 00:00:00","24/12/2025 00:00:00","295","4","sh1008,sh1019,sh1026,sh1036,","Box","Retail","6527589","6527588","5702017817835","673419406307","26.2","19.1","6.1","","15","4","7","7","","866","629","2","9","X","0","20.0000","","Chris Perron,","01/01/2025 00:00:00","31/12/2025 00:00:00","X","","1","1","0","0","1","","","","","","","","",""
"50717","76311","1","2025","Normal","Marvel Super Heroes","Licensed","Spider-Man: Across the Spider-Verse","Miles Morales vs. the Spot","X","76311-1","49.99","44.99","64.99","49.99","03/12/2024 00:00:00","04/05/2026 00:00:00","375","4","sh1029,sh1030,sh1031,sh1032,","Box","Retail","6527591","6527590","5702017817842","673419406314","28.2","26.2","5.9","","11","15","9","9","","2431","1467","4","10","X","4","53.8100","30.9700","Adam Grabowski,","01/01/2025 00:00:00","31/07/2026 00:00:00","X","","1","1","0","0","1","","","","","","","","",""
"50687","76312","1","2025","Normal","Marvel Super Heroes","Licensed","Avengers","The Hulk Truck vs. Thanos","X","76312-1","34.99","24.99","44.99","29.99","02/02/2025 00:00:00","04/05/2026 00:00:00","229","2","sh1043,sh1044,","Box","Retail","6527593","6527592","5702017817859","673419406321","26.2","19.1","6.1","","12","14","9","7","","611","468","2","8","X","0","25.6500","25.0000","Adam Grabowski,","01/04/2025 00:00:00","31/07/2026 00:00:00","X","","1","1","0","0","1","","","","","","","","",""
"50840","76313","1","2025","Normal","Marvel Super Heroes","Licensed","Miscellaneous","MARVEL Logo","X","76313-1","99.99","89.99","129.99","99.99","03/12/2024 00:00:00","04/05/2026 00:00:00","931","5","sh1011,sh1012,sh1013,sh1014,sh1015,","Box","Retail","6527595","6527594","5702017817866","673419406338","38.2","26.2","9.4","","11","28","7","12","","2121","1164","2","9","X","0","66.9900","70.3900","Justin Ramsden,","01/01/2025 00:00:00","31/12/2026 00:00:00","X","","1","1","0","0","1","","","","","","","","",""
"50718","76314","1","2025","Normal","Marvel Super Heroes","Licensed","Captain America: Civil War","Captain America: Civil War Battle","X","76314-1","99.99","89.99","129.99","99.99","03/12/2024 00:00:00","04/05/2026 00:00:00","736","8","sh0736,sh0929,sh1012,sh1016,sh1017,sh1018,sh1019,sh1020,","Box","Retail","6527597","6527596","5702017817873","673419406345","38.2","26.2","7.1","","24","17","24","10","","1257","1332","6","10","X","0","74.4800","46.7500","Justin Ramsden,","01/01/2025 00:00:00","31/07/2026 00:00:00","X","","1","1","0","0","1","","","","","","","","",""
"50688","76315","1","2025","Normal","Marvel Super Heroes","Licensed","Iron Man 3","Iron Man's Laboratory: Hall of Armor","X","76315-1","54.99","49.99","69.99","54.99","02/02/2025 00:00:00","04/05/2026 00:00:00","384","6","sh0974,sh1038,sh1039,sh1040,sh1041,sh1042,","Box","Retail","6527599","6527598","5702017817880","673419406352","26.2","22.2","6.2","","11","9","5","8","","1498","1187","6","11","X","0","41.1300","32.9100","Esa Nousiainen,","01/04/2025 00:00:00","31/12/2026 00:00:00","X","","1","1","0","0","1","","","","","","","","",""
"50689","76316","1","2025","Normal","Marvel Super Heroes","Licensed","The Fantastic Four: First Steps","Fantastic Four vs. Galactus Construction Figure","X","76316-1","59.99","54.99","79.99","59.99","13/05/2025 00:00:00","04/05/2026 00:00:00","427","4","sh1049,sh1050,sh1051,sh1052,","Box","Retail","6527601","6527600","5702017817897","673419406369","22.2","26.2","6.2","","","","","9","","2400","1206","2","10","X","9","63.9100","50.0000","","01/06/2025 00:00:00","31/12/2026 00:00:00","X","","1","1","0","0","1","","","","","","","","",""
"51079","76317","1","2025","Normal","Marvel Super Heroes","Licensed","Spider-Man","Peter Parker's Apartment","X","76317-1","54.99","44.99","64.99","49.99","02/05/2025 00:00:00","04/05/2026 00:00:00","394","4","sh0684,sh1010,sh1061,sh1062,","Box","Retail","6527603","6527602","5702017817903","673419406376","22.2","26.2","7.6","","16","12","8","8","","1377","1399","6","5","X","0","50.2600","45.0000","Bjarke Lykke Madsen,","01/08/2025 00:00:00","31/12/2026 00:00:00","X","","1","1","0","0","1","","","","","","","","",""
"51080","76319","1","2025","Normal","Marvel Super Heroes","Licensed","Avengers","Captain America vs. Thanos","X","76319-1","39.99","29.99","44.99","34.99","02/05/2025 00:00:00","04/05/2026 00:00:00","107","2","sh1093,sh1094,","Box","Retail","6527605","6527604","5702017817910","673419406383","20.5","19.1","4.6","","13","14","4","4","","250","373","4","6","X","0","","","","01/08/2025 00:00:00","31/12/2026 00:00:00","X","","1","1","0","0","1","","","","","","","","",""
"51081","76320","1","2025","Normal","Marvel Super Heroes","Licensed","Iron Man 2","Iron Man & War Machine vs. Hammer Drones","X","76320-1","22.99","17.99","24.99","19.99","02/05/2025 00:00:00","04/05/2026 00:00:00","204","2","sh1015,sh1092,","Box","Retail","6527607","6527606","5702017817927","673419406390","15.7","14.1","4.5","","","","","7","","1113","770","4","9","X","0","16.9300","","Bjarke Lykke Madsen,Blair Archer,","01/08/2025 00:00:00","31/12/2026 00:00:00","X","","1","1","0","0","1","","","","","","","","",""
"51082","76321","1","2025","Normal","Marvel Super Heroes","Licensed","Spider-Man 2","Spider-Man vs. Doc Ock Subway Train Scene","X","76321-1","54.99","44.99","64.99","49.99","02/05/2025 00:00:00","04/05/2026 00:00:00","393","4","sh1057,sh1058,sh1059,sh1060,","Box","Retail","6527609","6527608","5702017817934","673419406406","35.4","19.1","5.9","","23","8","5","9","","2629","2090","2","4","X","0","51.7900","31.5000","Adam Grabowski,","01/08/2025 00:00:00","31/12/2026 00:00:00","X","","1","1","0","0","1","","","","","","","","",""
"51083","76322","1","2025","Normal","Marvel Super Heroes","Licensed","Avengers: Endgame","Avengers: Endgame Thor vs. Chitauri","X","76322-1","54.99","44.99","64.99","49.99","02/05/2025 00:00:00","04/05/2026 00:00:00","373","7","sh0730,sh1067,sh1068,sh1069,","Box","Retail","6527611","6527610","5702017817941","673419406413","26.2","19.1","6.1","","","","","8","","949","970","4","5","X","0","52.3100","","","01/08/2025 00:00:00","31/12/2026 00:00:00","X","","1","1","0","0","1","","","","","","","","",""
"51084","76323","1","2025","Normal","Marvel Super Heroes","Licensed","Avengers: Endgame","Avengers: Endgame Final Battle","X","76323-1","99.99","89.99","129.99","99.99","02/03/2025 00:00:00","04/05/2026 00:00:00","621","10","sh0730,sh0736,sh0802,sh0896,sh0929,sh1018,sh1019,sh1045,sh1046,sh1047,","Box","Retail","6527613","6527612","5702017817958","673419406420","38.2","26.2","7.1","","19","32","20","10","","871","1144","6","8","X","0","87.6800","","","01/05/2025 00:00:00","31/12/2026 00:00:00","X","X","1","1","0","0","1","","","","","","","","",""
"51085","76324","1","2025","Normal","Marvel Super Heroes","Licensed","Spider-Man","Spider-Man vs. Oscorp","X","76324-1","139.99","119.99","169.99","129.99","02/05/2025 00:00:00","04/05/2026 00:00:00","808","8","sh0682,sh0684,sh0943,sh1063,sh1064,sh1065,sh1066,sh1070,","Box","Retail","6527615","6527614","5702017817965","673419406437","35.4","37.8","9.4","","46","38","11","10","","912","1427","10","5","X","0","124.5800","120.0000","","01/08/2025 00:00:00","31/12/2026 00:00:00","X","","1","1","0","0","1","","","","","","","","",""
"51086","76325","1","2025","Normal","Marvel Super Heroes","Licensed","Avengers: Age of Ultron","Avengers: Age of Ultron Quinjet","X","76325-1","129.99","109.99","149.99","119.99","02/05/2025 00:00:00","04/05/2026 00:00:00","1131","5","sh0969,sh0974,sh1012,sh1072,sh1073,","Box","Retail","6527617","6527616","5702017817972","673419406444","45.6","28.2","8.8","","28","30","45","12","","1008","1599","2","7","X","0","136.6800","80.0000","Chris Perron,","01/08/2025 00:00:00","31/12/2026 00:00:00","X","","1","1","0","0","1","","","","","","","","",""
"51087","76326","1","2025","Normal","Marvel Super Heroes","Licensed","Busts","Iron Spider-Man Bust","X","76326-1","59.99","54.99","79.99","59.99","10/04/2025 00:00:00","04/05/2026 00:00:00","379","1","sh1074,","Box","Retail","6527619","6527618","5702017817989","673419406451","22.2","26.2","6.2","","17","20","11","18","","838","762","7","8","X","0","48.5400","","","01/08/2025 00:00:00","31/12/2026 00:00:00","X","","1","1","0","0","1","","","","","","","","",""
"50690","76327","1","2025","Normal","Marvel Super Heroes","Licensed","Busts","Iron Man MK4 Bust","X","76327-1","59.99","54.99","79.99","59.99","10/04/2025 00:00:00","04/05/2026 00:00:00","436","1","sh1048,","Box","Retail","6529126","6529125","5702017824208","673419407410","22.2","26.2","6.2","","17","17","8","18","","1086","777","7","10","X","0","59.0100","29.2100","Mark Stafford,","01/06/2025 00:00:00","31/12/2026 00:00:00","X","","1","1","0","0","1","","","","","","","","",""
"51467","76329","1","2025","Normal","Marvel Super Heroes","Licensed","Spider-Man","Miles Morales' Mask","X","76329-1","69.99","59.99","89.99","69.99","02/06/2025 00:00:00","04/05/2026 00:00:00","487","","","Box","Retail","6529431","6529430","5702017824628","673419407540","19.1","35.4","9.1","","","","","18","","726","685","7","11","X","0","55.6700","","Bjarke Lykke Madsen,","01/07/2025 00:00:00","31/12/2026 00:00:00","X","","1","1","0","0","1","","","","","","","","",""
"51217","242501","1","2025","Other","Marvel Super Heroes","Licensed","Magazine Gift","Iron Legion","X","242501-1","","","","","","","16","1","sh1035,","Paper bag","Magazine gift","","","","","","","","","","","","6","","623","265","0","0","X","0","4.8500","","Justin Ramsden,","","","X","","1","1","0","0","1","","","","","","","","",""
"51309","242502","1","2025","Other","Marvel Super Heroes","Licensed","Magazine Gift","War Machine","X","242502-1","","","","","","","21","","","Paper bag","Magazine gift","","","","","","","","","","","","6","","392","223","0","0","X","0","5.6200","","Justin Ramsden,","","","X","","1","1","0","0","1","","","","","","","","",""
"51497","242503","1","2025","Other","Marvel Super Heroes","Licensed","Magazine Gift","Captain America","X","242503-1","","","","","","","14","1","sh1056,","Paper bag","Magazine gift","","","","","","","","","","","","6","","303","138","0","0","X","0","5.6500","","Justin Ramsden,","","","X","","1","1","0","0","1","","","","","","","","",""
"51913","242504","1","2025","Other","Marvel Super Heroes","Licensed","Magazine Gift","Thor","X","242504-1","","","","","","","","","","Paper bag","Magazine gift","","","","","","","","","","","","","","255","118","0","0","X","0","5.4300","","Justin Ramsden,","","","X","","1","1","0","0","1","","","","","","","","",""
"52158","242505","1","2025","Other","Marvel Super Heroes","Licensed","Magazine Gift","Black Widow","X","242505-1","","","","","","","6","1","sh0922,","Paper bag","Magazine gift","","","","","","","","","","","","6","","196","99","0","0","X","0","5.1000","","Justin Ramsden,","","","X","","1","1","0","0","1","","","","","","","","",""
"52319","242506","1","2025","Other","Marvel Super Heroes","Licensed","Magazine Gift","Captain America","X","242506-1","","","","","","","18","1","sh1096,","Metal canister","Magazine gift","","","","","9","12.5","2","","","","","6","","250","105","0","2","X","0","8.1700","","Justin Ramsden,","","","","","0","0","0","0","0","","","","","","","","",""
"52320","242506","2","2025","Other","Marvel Super Heroes","Licensed","Magazine Gift","Captain America","X","242506-2","","","","","","","18","1","sh1096,","Metal canister","Magazine gift","","","","","12.5","12.5","2.5","","","","","6","","268","77","0","1","X","0","8.0900","","Justin Ramsden,","","","X","","1","1","0","0","1","","","","","","","","",""
"51212","682501","1","2025","Other","Marvel Super Heroes","Licensed","Magazine Gift","Venom","X","682501-1","","","","","","","34","1","sh0542,","Paper bag","Magazine gift","","","","","","","","","","","","","","455","194","0","0","X","0","4.6600","5.8100","Justin Ramsden,","","","X","","1","1","0","0","1","","","","","","","","",""
"51273","682502","1","2025","Other","Marvel Super Heroes","Licensed","Magazine Gift","Venomised Doc Ock","X","682502-1","","","","","","","27","1","sh1037,","Paper bag","Magazine gift","","","","","","","","","","","","6","","497","240","0","0","X","0","6.2400","4.9800","Justin Ramsden,","","","X","","1","1","0","0","1","","","","","","","","",""
"51446","682503","1","2025","Other","Marvel Super Heroes","Licensed","Magazine Gift","Miles Morales with Pizza","X","682503-1","","","","","","","14","1","sh0943,","Paper bag","Magazine gift","","","","","","","","","","","","6","","263","132","0","0","X","0","5.1700","","Justin Ramsden,","","","X","","1","1","0","0","1","","","","","","","","",""
"51569","682504","1","2025","Other","Marvel Super Heroes","Licensed","Magazine Gift","Spider-Man with Street Light","X","682504-1","","","","","","","19","1","sh0684,","Paper bag","Magazine gift","","","","","12","15","3","","","","","6","","295","125","0","0","X","0","5.0900","","","","","X","","1","1","0","0","1","","","","","","","","",""
"52040","682505","1","2025","Other","Marvel Super Heroes","Licensed","Magazine Gift","Green Goblin","X","682505-1","","","","","","","13","","","Paper bag","Magazine gift","","","","","","","","","","","","6","","178","131","0","0","X","0","5.7500","","Justin Ramsden,","","","X","","1","1","0","0","1","","","","","","","","",""
"52280","682506","1","2025","Other","Marvel Super Heroes","Licensed","Magazine Gift","Ghost-Spider","X","682506-1","","","","","","","11","1","sh0682,","Paper bag","Magazine gift","","","","","","","","","","","","6","","144","106","0","0","X","0","5.4400","","Justin Ramsden,","","","","","0","0","0","0","0","","","","","","","","",""
"52388","12001","1","2025","Normal","Minecraft","Licensed","Book Parts","Minecraft Games Book parts","X","12001-1","","","","","","","61","","","Polybag","{Not specified}","6532371","","","673419409360","","","","","","","","6","","12","40","0","0","X","0","","","","","","","","0","0","0","0","0","","","","","","","","",""
"48900","21266","1","2025","Normal","Minecraft","Licensed","Minifig-scale","The Nether Lava Battle","X","21266-1","9.99","8.99","12.99","9.99","11/12/2024 00:00:00","04/05/2026 00:00:00","99","3","min025,min197,min198,","Box","Retail","6526773","6526772","5702017815404","673419404662","14.1","12.2","4.6","","6","6","5","","","1779","321","2","8","X","14","9.0900","6.0000","Joe Kyde,","01/01/2025 00:00:00","31/12/2026 00:00:00","X","","1","1","0","0","1","","","","","","","","",""
"50891","21267","1","2025","Normal","Minecraft","Licensed","Minifig-scale","The Illager Desert Patrol","X","21267-1","14.99","12.99","17.99","14.99","11/12/2024 00:00:00","04/05/2026 00:00:00","105","4","min193,min194,min195,min196,","Box","Retail","6526775","6526774","5702017815411","673419404679","19.1","14.1","4.6","","11","8","6","7","","1357","320","2","8","X","9","10.4900","","","01/01/2025 00:00:00","31/12/2026 00:00:00","X","","1","1","0","0","1","","","","","","","","",""
"50892","21268","1","2025","Normal","Minecraft","Licensed","Minifig-scale","The Baby Pig House","X","21268-1","19.99","17.99","24.99","19.99","11/12/2024 00:00:00","04/05/2026 00:00:00","238","2","min191,min192,","Box","Retail","6526777","6526776","5702017815428","673419404686","26.2","14.1","7.2","","19","16","8","7","","1131","304","2","8","X","0","12.4600","15.9500","","01/01/2025 00:00:00","31/12/2026 00:00:00","X","","1","1","0","0","1","","","","","","","","",""
"50893","21269","1","2025","Normal","Minecraft","Licensed","Minifig-scale","The Armadillo Mine Expedition","X","21269-1","29.99","24.99","39.99","29.99","11/12/2024 00:00:00","04/05/2026 00:00:00","247","1","min202,","Box","Retail","6526779","6526778","5702017815435","673419404693","26.2","19.1","6.1","","15","20","12","8","","874","390","2","9","X","0","16.0900","","Aron Gerencser,","01/01/2025 00:00:00","31/12/2026 00:00:00","X","","1","1","0","0","1","","","","","","","","",""
"50894","21270","1","2025","Normal","Minecraft","Licensed","Minifig-scale","The Mooshroom House","X","21270-1","49.99","44.99","64.99","49.99","11/12/2024 00:00:00","04/05/2026 00:00:00","500","1","min199,","Box","Retail","6526781","6526780","5702017815442","673419404709","28.2","26.2","7.6","","16","19","24","8","","539","404","4","9","X","0","48.2800","","Isaac Snyder,","01/01/2025 00:00:00","31/12/2026 00:00:00","X","","1","1","0","0","1","","","","","","","","",""
"50895","21271","1","2025","Normal","Minecraft","Licensed","Minifig-scale","The Trial Chamber","X","21271-1","39.99","34.99","49.99","39.99","11/12/2024 00:00:00","04/05/2026 00:00:00","322","5","min011,min206,min207,","Box","Retail","6526783","6526782","5702017815459","673419404716","26.2","22.2","6.2","","13","21","15","8","","394","407","2","10","X","0","39.1300","","","01/03/2025 00:00:00","31/07/2026 00:00:00","X","","1","1","0","0","1","","","","","","","","",""
"50691","21272","1","2025","Normal","Minecraft","Licensed","A Minecraft Movie","Woodland Mansion Fighting Ring","X","21272-1","49.99","44.99","64.99","49.99","29/01/2025 00:00:00","04/05/2026 00:00:00","491","5","min208,min215,min216,min217,min218,","Box","Retail","6526785","6526784","5702017815466","673419404723","28.2","26.2","7.6","","17","14","6","10","","752","370","2","8","X","5","39.4400","","","01/03/2025 00:00:00","31/12/2026 00:00:00","X","","1","1","0","0","1","","","","","","","","",""
"50692","21273","1","2025","Normal","Minecraft","Licensed","A Minecraft Movie","The Ghast Balloon Village Attack","X","21273-1","69.99","59.99","89.99","69.99","29/01/2025 00:00:00","04/05/2026 00:00:00","555","7","min208,min209,min210,min211,min212,min213,","Box","Retail","6526787","6526786","5702017815473","673419404730","38.2","26.2","5.7","","","","","10","","486","357","6","12","X","0","49.8200","41.2800","","01/03/2025 00:00:00","31/12/2026 00:00:00","X","","1","1","0","0","1","","","","","","","","",""
"51386","21274","1","2025","Normal","Minecraft","Licensed","Minifig-scale","The Warden Encounter","X","21274-1","19.99","17.99","24.99","19.99","03/05/2025 00:00:00","04/05/2026 00:00:00","238","2","min148,min221,","Box","Retail","6526789","6526788","5702017815480","673419404747","20.5","19.1","7.3","","","","","7","","769","296","4","11","X","4","17.2500","","Aron Gerencser,","01/06/2025 00:00:00","31/12/2026 00:00:00","X","","1","1","0","0","1","","","","","","","","",""
"51387","21275","1","2025","Normal","Minecraft","Licensed","Minifig-scale","The TNT Jungle House","X","21275-1","29.99","24.99","39.99","29.99","03/05/2025 00:00:00","04/05/2026 00:00:00","287","3","min010,min012,min199,","Box","Retail","6526791","6526790","5702017815497","673419404754","35.4","19.1","5.9","","10","24","17","8","","405","245","2","10","X","0","20.4700","","","01/06/2025 00:00:00","31/12/2026 00:00:00","X","","1","1","0","0","1","","","","","","","","",""
"51388","21276","1","2025","Normal","Minecraft","Licensed","Buildable Figures","The Creeper","X","21276-1","39.99","34.99","49.99","39.99","03/05/2025 00:00:00","04/05/2026 00:00:00","665","1","min222,","Box","Retail","6526793","6526792","5702017815503","673419404761","22.2","26.2","7.6","","","","","10","","1406","708","2","10","X","0","28.6000","","Aron Gerencser,","01/06/2025 00:00:00","31/12/2026 00:00:00","X","","1","1","0","0","1","","","","","","","","",""
"51325","21277","1","2025","Normal","Minecraft","Licensed","Minifig-scale","The Pickaxe Mine","X","21277-1","54.99","49.99","69.99","54.99","03/05/2025 00:00:00","04/05/2026 00:00:00","530","3","min017,min219,min220,","Box","Retail","6526795","6526794","5702017815510","673419404778","28.2","26.2","7.6","","22","16","14","8","","338","308","2","9","X","4","39.9500","","","01/06/2025 00:00:00","31/12/2026 00:00:00","X","","1","1","0","0","1","","","","","","","","",""
"51389","21278","1","2025","Normal","Minecraft","Licensed","Minifig-scale","The Pillager Outpost and Ravager","X","21278-1","79.99","74.99","99.99","79.99","03/05/2025 00:00:00","04/05/2026 00:00:00","665","4","min194,min223,min224,min229,","Box","Retail","6526797","6526796","5702017815527","673419404785","45.6","28.2","6.1","","24","16","12","9","","263","401","6","10","X","0","64.3300","","Aron Gerencser,Isaac Snyder,","01/06/2025 00:00:00","31/12/2026 00:00:00","X","","1","1","0","0","1","","","","","","","","",""
"51390","21279","1","2025","Normal","Minecraft","Licensed","Minifig-scale","The Enderman Tower","X","21279-1","99.99","89.99","129.99","99.99","03/05/2025 00:00:00","04/05/2026 00:00:00","867","4","min225,min226,min227,min228,","Box","Retail","6526799","6526798","5702017815534","673419404792","28.2","45.6","8.8","","","","","9","","238","348","2","10","X","0","81.6400","","Aron Gerencser,","01/06/2025 00:00:00","31/12/2026 00:00:00","X","","1","1","0","0","1","","","","","","","","",""
"51351","21280","1","2025","Normal","Minecraft","Licensed","Seasonal","LEGO Minecraft Advent Calendar 2025","X","21280-1","44.99","29.99","59.99","34.99","02/05/2025 00:00:00","12/02/2026 00:00:00","300","12","min012,min088,min220,min233,min234,min235,min236,min237,min238,min239,min240,min241,","Box","Retail","6526801","6526800","5702017815374","673419404396","","","","","","","","7","","996","324","1","6","X","4","40.8800","36.5800","Aron Gerencser,Isaac Snyder,","01/09/2025 00:00:00","31/12/2025 00:00:00","X","","1","1","0","0","1","","","","","","","","",""
"51158","21282","1","2025","Normal","Minecraft","Licensed","Minifig-scale","The Parrot Houses","X","21282-1","69.99","59.99","89.99","69.99","31/01/2025 00:00:00","04/05/2026 00:00:00","535","3","min011,min204,min205,","Box","Retail","6529401","6529400","5702017824925","673419407755","38.2","26.2","7.1","","24","28","22","8","","213","358","4","5","X","0","63.3900","","Isaac Snyder,","01/03/2025 00:00:00","31/12/2026 00:00:00","X","","1","1","0","0","1","","","","","","","","",""
"50454","30705","1","2025","Normal","Minecraft","Licensed","Minifig-scale","The Lush Cave Fight","X","30705-1","4.99","","","","","","40","2","min011,min017,","Polybag","Retail - limited","6527993","6527992","","","17","18","3","","","","","","","1366","314","2","4","X","0","3.9100","3.6500","","01/01/2025 00:00:00","31/12/2025 00:00:00","X","","1","1","0","0","1","","","","","","","","",""
"51613","66805","1","2025","Collection","Minecraft","Licensed","Product Collection","World Explorer Gift Set","X","66805-1","44.99","","","","","","522","","","Box","Retail - limited","6578574","","","","41.3","19.7","9.7","","","","","7","","69","41","0","0","X","0","","","","01/08/2025 00:00:00","31/12/2025 00:00:00","X","","1","1","0","0","1","","","","","","","","",""
"52079","66807","1","2025","Collection","Minecraft","Licensed","Product Collection","Infinite Worlds Gift Set","X","66807-1","84.99","","","","","","789","","","Box","Retail - limited","","","","","","","","","","","","8","","17","31","0","5","X","0","","","","01/10/2025 00:00:00","31/12/2025 00:00:00","X","","1","1","0","0","1","","","","","","","","",""
"51312","472506","1","2025","Other","Minecraft","Licensed","Magazine Gift","Hero with Crafting Table, Furnace and Anvil","X","472506-1","","","","","","","19","1","min230,","Paper bag","Magazine gift","","","","","","","","","","","","6","","202","136","0","0","X","0","4.0500","","","","","X","","1","1","0","0","1","","","","","","","","",""
"50935","662501","1","2025","Other","Minecraft","Licensed","Magazine Gift","Hero with Elytra and Phantom","X","662501-1","","","","","","","19","1","min203,","Paper bag","Magazine gift","","","","","","","","","","","","6","","272","138","0","0","X","0","4.1200","","","","","X","","1","1","0","0","1","","","","","","","","",""
"51246","662502","1","2025","Other","Minecraft","Licensed","Magazine Gift","Steve with Creeper and TNT","X","662502-1","","","","","","","15","2","min012,min214,","Paper bag","Magazine gift","","","","","","","","","","","","6","","247","121","0","0","X","0","5.9400","","","","","X","","1","1","0","0","1","","","","","","","","",""
"51257","662503","1","2025","Other","Minecraft","Licensed","Magazine Gift","Orc Warrior with Baby Hoglin and Magma Cube","X","662503-1","","","","","","","24","1","min163,","Paper bag","Magazine gift","","","","","","","","","","","","6","","262","135","0","0","X","0","5.0800","","","","","X","","1","1","0","0","1","","","","","","","","",""
"51256","662504","1","2025","Other","Minecraft","Licensed","Magazine Gift","Ghast","X","662504-1","","","","","","","106","","","Paper bag","Magazine gift","","","","","","","","","","","","6","","346","158","0","0","X","0","7.1200","","","","","X","","1","1","0","0","1","","","","","","","","",""
"51391","662505","1","2025","Other","Minecraft","Licensed","Magazine Gift","Diver and Turtle","X","662505-1","","","","","","","26","1","min153,","Paper bag","Magazine gift","","","","","","","","","","","","6","","192","141","0","0","X","0","4.7800","","","","","X","","1","1","0","0","1","","","","","","","","",""
"51447","662506","1","2025","Other","Minecraft","Licensed","Magazine Gift","Wither Skeleton and Ender Explorer with TNT","X","662506-1","","","","","","","16","2","min025,min258,","Paper bag","Magazine gift","","","","","","","","","","","","6","","230","104","0","0","X","0","4.9300","","","","","X","","1","1","0","0","1","","","","","","","","",""
"51566","662507","1","2025","Other","Minecraft","Licensed","Magazine Gift","Enderman Duel","X","662507-1","","","","","","","19","2","min027,min231,","Paper bag","Magazine gift","","","","","","","","","","","","6","","224","98","0","0","X","0","4.8600","","","","","X","","1","1","0","0","1","","","","","","","","",""
"51927","662508","1","2025","Other","Minecraft","Licensed","Magazine Gift","Diamond Hero, Creeper and Slime","X","662508-1","","","","","","","10","2","min012,min232,","Paper bag","Magazine gift","","","","","","","","","","","","6","","182","82","0","0","X","0","4.7100","","","","","X","","1","1","0","0","1","","","","","","","","",""
"51941","662509","1","2025","Other","Minecraft","Licensed","Magazine Gift","Hero with Skeleton Horseman","X","662509-1","","","","","","","40","2","min011,min249,","Paper bag","Magazine gift","","","","","","","","","","","","6","","153","88","0","0","X","0","5.1000","","","","","X","","1","1","0","0","1","","","","","","","","",""
"52160","662510","1","2025","Other","Minecraft","Licensed","Magazine Gift","Hero with Zombie and TNT Launcher","X","662510-1","","","","","","","21","2","min010,min247,","Paper bag","Magazine gift","","","","","","","","","","","","6","","148","66","0","0","X","0","4.1800","4.2000","","","","X","","1","1","0","0","1","","","","","","","","",""
"52256","662511","1","2025","Other","Minecraft","Licensed","Magazine Gift","Hero with Husk","X","662511-1","","","","","","","10","2","min177,min248,","Paper bag","Magazine gift","","","","","","","","","","","","6","","133","77","0","0","X","0","4.6600","","","","","X","","1","1","0","0","1","","","","","","","","",""
"52279","662512","1","2025","Other","Minecraft","Licensed","Magazine Gift","Ender Knight with Shulker","X","662512-1","","","","","","","14","1","min255,","Paper bag","Magazine gift","","","","","","","","","","","","6","","141","62","0","0","X","0","5.3900","","","","","X","","1","1","0","0","1","","","","","","","","",""
"52322","662513","1","2025","Other","Minecraft","Licensed","Magazine Gift","Pirate with Frog, Slime and Cartography Table","X","662513-1","","","","","","","12","1","min170,","Paper bag","Magazine gift","","","","","","","","","","","","6","","126","59","0","0","X","0","5.8100","","","","","","","0","0","0","0","0","","","","","","","","",""
"52391","11986","1","2025","Normal","Miscellaneous","Miscellaneous","Book Parts","Easter Ideas parts","X","11986-1","","","","","","","25","","","Polybag","{Not specified}","6477183","","","673419394895","","","","","","","","7","","4","32","0","0","X","0","","","","","","","","0","0","0","0","0","","","","","","","","",""
"52728","12006","1","2025","Normal","Miscellaneous","Miscellaneous","","Parts for Brick Like This game","","","","","","","","","48","","","Paper bag","{Not specified}","","","","","","","","","","","","","","2","2","0","0","X","0","","","","","","","","0","0","0","0","0","","","","","","","","",""
"51996","30711","1","2025","Normal","Miscellaneous","Miscellaneous","Braille Bricks","Play with Braille Bricks","X","30711-1","","","","3.99","","","10","","","Paper bag","Retail","6569525","6569522","5702017988962","673419417716","20","19.5","1.59","","","","","6","","303","74","15","1","X","0","4.8700","3.7700","","01/10/2025 00:00:00","31/12/2025 00:00:00","X","","1","1","0","0","1","","","","","","","","",""
"51537","40805","1","2025","Normal","Miscellaneous","Miscellaneous","","Arcade Machine","X","40805-1","39.99","34.99","54.99","39.99","03/07/2025 00:00:00","04/05/2026 00:00:00","468","1","twn531,","Box","Retail","6530327","6530326","5702017829951","673419408608","22.2","26.2","9.5","0.714","16","11","8","12","","2377","1175","2","8","X","9","42.1800","20.0000","","01/08/2025 00:00:00","31/12/2026 00:00:00","X","","1","1","0","0","1","","","","","","","","",""
"51358","40814","1","2025","Normal","Miscellaneous","Miscellaneous","","Baby Elephant in the Sky","X","40814-1","29.99","24.99","39.99","29.99","03/05/2025 00:00:00","04/05/2026 00:00:00","402","","","Box","Retail - limited","6531181","6531180","5702017830667","673419408844","19.1","26.2","7.2","0.465","17","11","17","18","","312","242","2","7","X","0","","","","01/06/2025 00:00:00","31/12/2026 00:00:00","X","","1","1","0","0","1","","","","","","","","",""
"51240","40817","1","2025","Normal","Miscellaneous","Miscellaneous","","Yellow Travel Suitcase","X","40817-1","14.99","12.99","19.99","14.99","03/03/2025 00:00:00","04/05/2026 00:00:00","184","","","Box","LEGO exclusive","6530208","6530207","5702017830575","673419408813","14.1","19.1","6.1","0.251","10","9","4","7","","2061","471","2","6","X","0","14.0000","9.0000","Mina Yoo,","01/04/2025 00:00:00","31/12/2026 00:00:00","X","","1","1","0","0","1","","","","","","","","",""
"51159","40819","1","2025","Normal","Miscellaneous","Miscellaneous","Up-Scaled Minifigure","Up-Scaled Racing Driver Minifigure","X","40819-1","59.99","54.99","79.99","59.99","31/01/2025 00:00:00","04/05/2026 00:00:00","694","","","Box","LEGO exclusive","6530993","6530992","5702017830766","673419408868","26.2","38.2","7.1","","","","","10","","2343","749","2","3","X","0","55.6700","43.9900","Leonard Bahro,","01/03/2025 00:00:00","31/12/2027 00:00:00","X","","1","1","0","0","1","","","","","","","","",""
"51307","4000043","1","2025","Normal","Miscellaneous","Miscellaneous","LEGO internal","Vietnam 2025 Factory","X","4000043-1","","","","","","","346","","","Box","Not sold","","","","","","","","","","","","10","","22","155","0","0","X","0","366.7900","","","","","","","0","0","0","0","0","","","","","","","","",""
"52171","4000045","1","2025","Normal","Miscellaneous","Miscellaneous","LEGO internal","Nyíregyháza Factory 2025","X","4000045-1","","","","","","","531","","","Box","{Not specified}","","","","","","","","","","","","","","41","99","0","1","X","0","102.8500","","Leonard Bahro,","","","","","0","0","0","0","0","","","","","","","","",""
"51496","4000046","1","2025","Normal","Miscellaneous","Miscellaneous","LEGO Inside Tour Exclusive","LEGO Inside Tour Anniversary Collection","X","4000046-1","","","","","","","1912","","","Box","Not sold","","","","","","","","","","","","12","","38","207","0","0","X","0","","","Markus Rollbühler,","","","","","0","0","0","0","0","","","","","","","","",""
"52295","4002025","1","2025","Normal","Miscellaneous","Miscellaneous","Employee gift","Toy Store","X","4002025-1","","","","","","","1769","7","hol362,hol388,hol389,hol390,hol391,hol392,hol393,","Box","Not sold","","","","","38.2","26","11.5","2.16","","","","10","","378","270","0","2","X","0","212.8000","162.2600","Leon Pijnenburg,Peter Carmichael,","","","","","0","0","0","0","0","","","","","","","","",""
"52690","5009189","1","2025","Extended","Miscellaneous","Miscellaneous","LEGO internal","2025 Store Manager's Summit - New Orleans Alligator Float","X","5009189-1","","","","","","","148","","","Box","{Not specified}","6568275","","","673419417419","14.7","14.7","4.5","","","","","10","","3","24","0","0","X","0","","","","","","","","0","0","0","0","0","","","","","","","","",""
"52315","DS2025","1","2025","Other","Miscellaneous","Miscellaneous","LEGO internal","LEGO Design Seminar Set 2025","X","DS2025-1","","","","","","","","","","Box","Not sold","","","","","","","","","","","","18","","11","39","0","0","X","0","","","","","","","","0","0","0","0","0","","","","","","","","",""
"50548","80065","1","2025","Normal","Monkie Kid","Action/Adventure","","Erlang's Celestial Mech","X","80065-1","89.99","69.99","119.99","79.99","07/11/2024 00:00:00","04/05/2026 00:00:00","806","5","mk166,mk179,mk180,mk181,mk182,","Box","Retail","6527014","6527013","5702017816012","673419405379","28.2","45.6","7.2","","","","","9","","226","449","3","8","X","0","75.9200","","","01/01/2025 00:00:00","31/12/2027 00:00:00","X","","1","1","0","0","1","","","","","","","","",""
"50549","80066","1","2025","Normal","Monkie Kid","Action/Adventure","","Mythical Creature Qilin","X","80066-1","69.99","54.99","89.99","59.99","07/11/2024 00:00:00","04/05/2026 00:00:00","791","5","mk147,mk175,mk176,mk177,mk178,","Box","Retail","6527017","6527016","5702017816036","673419405386","38.2","26.2","5.7","","20","29","12","9","","293","494","3","10","X","0","59.1800","","","01/01/2025 00:00:00","31/12/2027 00:00:00","X","","1","1","0","0","1","","","","","","","","",""
"51437","43008","1","2025","Normal","Nike","Licensed","","Nike Dunk","X","43008-1","99.99","89.99","129.99","99.99","31/05/2025 00:00:00","04/05/2026 00:00:00","1180","1","nike001,","Box","Retail","6529102","6529101","5702017824239","673419407335","","","","","25","38","13","10","","516","507","6","11","X","0","101.4100","64.5000","Zio Chao,","01/07/2025 00:00:00","31/12/2027 00:00:00","X","","1","1","0","0","1","","","","","","","","",""
"51643","43010","1","2025","Normal","Nike","Licensed","","Nike Slam Dunk","X","43010-1","69.99","59.99","89.99","69.99","12/08/2025 00:00:00","04/05/2026 00:00:00","809","","","Box","Retail","6529106","6529105","5702017824215","673419407311","26.2","38.2","9.4","","37","25","14","10","","152","172","2","12","X","0","81.3000","","","01/09/2025 00:00:00","31/12/2026 00:00:00","X","","1","1","0","0","1","","","","","","","","",""
"51644","43021","1","2025","Normal","Nike","Licensed","","Nike Dunk Trickshot","X","43021-1","39.99","34.99","49.99","39.99","12/08/2025 00:00:00","04/05/2026 00:00:00","454","1","nike002,","Box","Retail","6567951","6567950","5702017985299","673419417303","28.2","26.2","5.9","","16","17","13","10","","413","313","4","11","X","0","58.0800","","Zio Chao,","01/09/2025 00:00:00","31/12/2026 00:00:00","X","","1","1","0","0","1","","","","","","","","",""
"50449","30699","1","2025","Normal","Ninjago","Action/Adventure","Dragons Rising Season 3","Mini Ninja Combo Mech","X","30699-1","","","","","","","80","","","Polybag","LEGO exclusive","6527980","6527979","","","17","18","3","","","","","7","","1004","254","3","4","X","5","4.1600","","Chi Wing Lee,","01/01/2025 00:00:00","31/12/2025 00:00:00","X","","1","1","0","0","1","","","","","","","","",""
"51392","30700","1","2025","Normal","Ninjago","Action/Adventure","Dragons Rising Season 3","Arin vs. Dragonian Battle","X","30700-1","","","","","","","48","2","njo0981,njo0982,","Paper bag","LEGO exclusive","6601340","6527981","5702017818610","","17","18","3","","","","","7","","1327","345","2","4","X","4","4.6700","1.9700","","01/06/2025 00:00:00","31/12/2026 00:00:00","X","","1","1","0","0","1","","","","","","","","",""
"50693","71823","1","2025","Normal","Ninjago","Action/Adventure","Dragon Spinjitzu","Kai's Dragon Spinjitzu Spinner","X","71823-1","9.99","8.99","12.99","9.99","11/12/2024 00:00:00","28/11/2025 00:00:00","54","2","njo0925,njo0926,","Box","Retail","6527836","6527835","5702017818733","673419406635","19","19.2","8.5","","10","6","9","","","1127","256","2","8","X","9","9.7600","","Florian Müller,","01/01/2025 00:00:00","31/12/2025 00:00:00","X","","1","1","0","0","1","","","","","","","","",""
"50694","71824","1","2025","Normal","Ninjago","Action/Adventure","Dragon Spinjitzu","Sora's Dragon Spinjitzu Spinner","X","71824-1","9.99","8.99","12.99","9.99","11/12/2024 00:00:00","28/11/2025 00:00:00","56","2","njo0919,njo0920,","Box","Retail","6527838","6527837","5702017818740","673419406642","19","19.2","8.5","","10","6","9","","","1288","277","2","8","X","8","9.6800","4.6100","Florian Müller,","01/01/2025 00:00:00","31/12/2025 00:00:00","X","","1","1","0","0","1","","","","","","","","",""
"50861","71826","1","2025","Normal","Ninjago","Action/Adventure","Dragon Spinjitzu","Dragon Spinjitzu Battle Pack","X","71826-1","19.99","17.99","24.99","19.99","11/12/2024 00:00:00","04/05/2026 00:00:00","186","2","njo0921,njo0927,","Box","Retail","6527840","6527839","5702017818757","673419406758","25.6","23","11","","14","16","3","","","960","328","2","8","X","4","19.6100","10.9900","Florian Müller,","01/01/2025 00:00:00","31/12/2026 00:00:00","X","","1","1","0","0","1","","","","","","","","",""
"50862","71827","1","2025","Normal","Ninjago","Action/Adventure","Dragons Rising Season 3","Zane's Battle Suit Mech","X","71827-1","9.99","8.99","12.99","9.99","11/12/2024 00:00:00","04/05/2026 00:00:00","92","3","njo0922,njo0923,njo0924,","Box","Retail","6526897","6526896","5702017815626","673419404853","14.1","12.2","4.6","","","","","","","2321","320","2","7","X","9","9.4200","5.9900","","01/01/2025 00:00:00","31/12/2026 00:00:00","X","","1","1","0","0","1","","","","","","","","",""
"50898","71828","1","2025","Normal","Ninjago","Action/Adventure","Dragons Rising Season 3","Lloyd's Pull-Back Race Car","X","71828-1","24.99","19.99","29.99","24.99","11/12/2024 00:00:00","04/05/2026 00:00:00","181","2","njo0920,njo0928,","Box","Retail","6526899","6526898","5702017815633","673419404860","26.2","19.1","6.1","","19","12","5","7","","676","281","2","7","X","0","20.9800","10.0000","","01/01/2025 00:00:00","31/12/2028 00:00:00","X","","1","1","0","0","1","","","","","","","","",""
"50832","71829","1","2025","Normal","Ninjago","Action/Adventure","Dragons Rising Season 3","Lloyd's Green Forest Dragon","X","71829-1","19.99","17.99","24.99","19.99","11/12/2024 00:00:00","04/05/2026 00:00:00","128","2","njo0926,njo0929,","Box","Retail","6526901","6526900","5702017815640","673419404877","26.2","14.1","4.8","","10","24","33","","","1673","528","2","7","X","5","13.5000","14.2600","","01/01/2025 00:00:00","31/12/2026 00:00:00","X","","1","1","0","0","1","","","","","","","","",""
"50863","71830","1","2025","Normal","Ninjago","Action/Adventure","Dragons Rising Season 3","Kai's Mech Storm Rider","X","71830-1","49.99","44.99","64.99","49.99","11/12/2024 00:00:00","04/05/2026 00:00:00","333","3","njo0930,njo0931,njo0932,","Box","Retail","6526903","6526902","5702017815657","673419404884","26.2","22.2","7.6","","","","","7","","471","361","4","5","X","0","44.4000","","","01/01/2025 00:00:00","31/12/2026 00:00:00","X","","1","1","0","0","1","","","","","","","","",""
"50695","71831","1","2025","Normal","Ninjago","Action/Adventure","Dragons Rising Season 3","Ninja Spinjitzu Temple","X","71831-1","39.99","34.99","49.99","39.99","11/12/2024 00:00:00","04/05/2026 00:00:00","158","4","njo0928,njo0930,njo0933,njo0934,","Box","Retail","6526905","6526904","5702017815664","673419404891","28.2","26.2","5.9","","17","32","12","4","","360","412","8","8","X","0","16.4200","","","01/01/2025 00:00:00","31/12/2026 00:00:00","X","","1","1","0","0","1","","","","","","","","",""
"50696","71832","1","2025","Normal","Ninjago","Action/Adventure","Dragons Rising Season 3","Thunderfang Dragon of Chaos","X","71832-1","69.99","64.99","89.99","74.99","03/01/2025 00:00:00","07/04/2026 00:00:00","668","6","njo0877,njo0932,njo0938,njo0959,njo0960,njo0963,","Box","Retail","6526907","6526906","5702017815671","673419404914","26.2","38.2","7.1","","","","","8","","1178","701","2","6","X","0","67.5700","51.0000","","01/03/2025 00:00:00","31/07/2026 00:00:00","X","","1","1","0","0","1","","","","","","","","",""
"50864","71833","1","2025","Normal","Ninjago","Action/Adventure","Dragons Rising Season 3","Ras and Arin's Super Storm Jet","X","71833-1","49.99","44.99","64.99","49.99","11/12/2024 00:00:00","22/11/2025 00:00:00","510","3","njo0921,njo0931,njo0935,","Box","Retail","6526909","6526908","5702017815688","673419404945","28.2","26.2","7.6","","11","33","38","8","","689","422","2","9","X","9","44.2700","40.0000","Florian Müller,","01/01/2025 00:00:00","31/12/2025 00:00:00","X","","1","1","0","0","1","","","","","","","","",""
"50865","71834","1","2025","Normal","Ninjago","Action/Adventure","Dragons Rising Season 3","Zane's Ultra Combiner Mech","X","71834-1","99.99","89.99","129.99","99.99","11/12/2024 00:00:00","04/05/2026 00:00:00","1187","6","njo0919,njo0926,njo0931,njo0936,njo0937,njo0938,","Box","Retail","6526911","6526910","5702017815695","673419404983","35.4","37.8","9.4","","","","","9","","756","615","6","10","X","0","89.4900","80.0000","Chi Wing Lee,","01/01/2025 00:00:00","31/12/2026 00:00:00","X","","1","1","0","0","1","","","","","","","","",""
"50697","71836","1","2025","Normal","Ninjago","Action/Adventure","Dragons Rising Season 3","Arc Dragon of Focus","X","71836-1","99.99","89.99","129.99","99.99","03/01/2025 00:00:00","04/05/2026 00:00:00","869","8","njo0920,njo0923,njo0936,njo0937,njo0948,njo0959,njo0961,njo0964,","Box","Retail","6526913","6526912","5702017815701","673419405010","54","28.2","5.9","","","","","9","","715","645","2","5","X","0","71.6800","37.7000","","01/03/2025 00:00:00","31/12/2026 00:00:00","X","","1","1","0","0","1","","","","","","","","",""
"50949","71837","1","2025","Normal","Ninjago","Action/Adventure","Dragons Rising Season 3","NINJAGO City Workshops","X","71837-1","249.99","219.99","329.99","249.99","02/02/2025 00:00:00","04/05/2026 00:00:00","3244","10","njo0937,njo0949,njo0950,njo0951,njo0952,njo0953,njo0954,njo0955,njo0957,njo0958,","Box","LEGO exclusive","6529118","6529117","5702017823140","673419407281","52.3","48","12.4","","41","25","25","14","","1866","2263","4","20","X","0","211.4400","","Markus Rollbühler,","01/03/2025 00:00:00","31/12/2027 00:00:00","X","","1","1","0","0","1","","","","","","","","",""
"51167","71838","1","2025","Normal","Ninjago","Action/Adventure","Dragons Rising Season 3","Kai's Motorcycle Speed Race","X","71838-1","9.99","8.99","12.99","9.99","03/05/2025 00:00:00","04/05/2026 00:00:00","79","2","njo0967,njo0968,","Box","Retail","6526915","6526914","5702017815718","673419405027","19.1","14.1","4.6","","4","9","3","6","","1317","324","2","8","X","5","10.0200","6.7500","","01/06/2025 00:00:00","31/12/2026 00:00:00","X","","1","1","0","0","1","","","","","","","","",""
"51168","71839","1","2025","Normal","Ninjago","Action/Adventure","Dragons Rising Season 3","Arin's Spinjitzu Battle Mech","X","71839-1","22.99","17.99","24.99","19.99","03/05/2025 00:00:00","04/05/2026 00:00:00","213","2","njo0972,njo0973,","Box","Retail","6526917","6526916","5702017815725","673419405058","19.1","26.2","6.1","","","","","7","","820","333","2","8","X","0","16.3700","","","01/06/2025 00:00:00","31/12/2026 00:00:00","X","","1","1","0","0","1","","","","","","","","",""
"51169","71840","1","2025","Normal","Ninjago","Action/Adventure","Dragons Rising Season 3","Rogue vs. Drix Race Car Duel","X","71840-1","22.99","17.99","24.99","19.99","03/05/2025 00:00:00","04/05/2026 00:00:00","111","3","njo0980,njo0987,njo0988,","Box","Retail","6526919","6526918","5702017815732","673419405089","26.2","14.1","6.1","","12","5","6","4","","257","250","4","10","X","0","23.1100","","","01/06/2025 00:00:00","31/12/2026 00:00:00","X","","1","1","0","0","1","","","","","","","","",""
"50908","71841","1","2025","Normal","Ninjago","Action/Adventure","Dragons Rising Season 3","Dragonian Storm Village","X","71841-1","39.99","34.99","49.99","39.99","11/12/2024 00:00:00","20/11/2025 00:00:00","305","7","gen047,njo0926,njo0931,njo0932,njo0939,njo0940,njo0941,","Box","Retail","6526921","6526920","5702017815749","673419405102","19.1","26.2","6.1","","20","22","9","7","","1502","494","2","11","X","0","36.1800","29.9900","","01/01/2025 00:00:00","31/12/2025 00:00:00","X","","1","1","0","0","1","","","","","","","","",""
"51170","71842","1","2025","Normal","Ninjago","Action/Adventure","Dragons Rising Season 3","Rontu the Master Dragon","X","71842-1","49.99","39.99","59.99","44.99","03/05/2025 00:00:00","04/05/2026 00:00:00","381","4","njo0923,njo0948,njo0974,njo0975,","Box","Retail","6526923","6526922","5702017815756","673419405119","26.2","19.1","7.2","","","","","7","","648","465","2","8","X","0","40.4600","35.1600","","01/06/2025 00:00:00","31/07/2026 00:00:00","X","","1","1","0","0","1","","","","","","","","",""
"51171","71843","1","2025","Normal","Ninjago","Action/Adventure","Dragons Rising Season 3","Rogue's Mech Dragon Rider","X","71843-1","74.99","59.99","89.99","69.99","03/05/2025 00:00:00","04/05/2026 00:00:00","584","4","njo0960,njo0976,njo0986,njo0989,","Box","Retail","6526925","6526924","5702017815763","673419405126","38.2","26.2","5.7","","","","","8","","735","514","4","10","X","0","70.8900","44.9900","Chi Wing Lee,","01/08/2025 00:00:00","31/07/2026 00:00:00","X","","1","1","0","0","1","","","","","","","","",""
"51172","71844","1","2025","Normal","Ninjago","Action/Adventure","Dragons Rising Season 3","Ninja Combat Vehicle","X","71844-1","99.99","79.99","119.99","89.99","03/05/2025 00:00:00","04/05/2026 00:00:00","561","6","njo0923,njo0938,njo0967,njo0970,njo0977,njo0983,","Box","Retail","6526927","6526926","5702017815770","673419405140","45.6","28.2","6.1","","14","24","22","8","","405","451","2","9","X","3","83.1300","","","01/06/2025 00:00:00","31/07/2026 00:00:00","X","","1","1","0","0","1","","","","","","","","",""
"51173","71845","1","2025","Normal","Ninjago","Action/Adventure","Dragons Rising Season 3","Lloyd's Jet Mech","X","71845-1","109.99","89.99","129.99","99.99","03/05/2025 00:00:00","04/05/2026 00:00:00","1112","5","njo0973,njo0974,njo0975,njo0978,njo0979,","Box","Retail","6526929","6526928","5702017815787","673419405157","45.6","28.2","7.2","","","","","9","","670","639","2","9","X","0","88.7300","85.9900","Chi Wing Lee,","01/06/2025 00:00:00","31/07/2026 00:00:00","X","","1","1","0","0","1","","","","","","","","",""
"51174","71846","1","2025","Normal","Ninjago","Action/Adventure","Legends","The Fire Knight Mech","X","71846-1","119.99","109.99","149.99","119.99","03/05/2025 00:00:00","04/05/2026 00:00:00","996","2","njo0990,njo0991,","Box","Retail","6526931","6526930","5702017815794","673419405171","35.4","37.8","9.4","","","","","14","","1073","1097","2","8","X","10","120.8400","90.0000","","01/06/2025 00:00:00","31/12/2026 00:00:00","X","","1","1","0","0","1","","","","","","","","",""
"51175","71847","1","2025","Normal","Ninjago","Action/Adventure","Legends","The Guardian Dragon","X","71847-1","149.99","139.99","199.99","149.99","03/05/2025 00:00:00","04/05/2026 00:00:00","1650","1","njo0984,","Box","Retail","6526933","6526932","5702017815800","673419405188","37.8","48","9.4","","","","","14","","1272","1461","2","8","X","5","148.5300","110.0000","","01/06/2025 00:00:00","31/12/2026 00:00:00","X","","1","1","0","0","1","","","","","","","","",""
"51149","71848","1","2025","Normal","Ninjago","Action/Adventure","Dragons Rising Season 3","The Temple Bounty","X","71848-1","199.99","179.99","259.99","199.99","03/05/2025 00:00:00","04/05/2026 00:00:00","2387","6","njo0923,njo0941,njo0948,njo0969,njo0970,njo0971,","Box","Retail","6526935","6526934","5702017815817","673419405201","55.5","37.8","11.8","","49","58","26","14","","977","1180","2","13","X","0","184.5500","150.0000","Markus Rollbühler,","01/06/2025 00:00:00","31/07/2026 00:00:00","X","","1","1","0","0","1","","","","","","","","",""
"50936","112501","1","2025","Other","Ninjago","Action/Adventure","Magazine Gift","Zane vs. Temple Guard","X","112501-1","","","","","","","11","2","njo0942,njo0943,","Metal canister","Magazine gift","","","","","","","","","","","","","","416","131","0","0","X","0","7.1100","","","","","X","","1","1","0","0","1","","","","","","","","",""
"51242","112502","1","2025","Other","Ninjago","Action/Adventure","Magazine Gift","Kai vs. Wolf Mask","X","112502-1","","","","","","","11","2","njo0895,njo0947,","Metal canister","Magazine gift","","","","","","","","","","","","","","324","86","0","0","X","0","4.9900","","","","","X","","1","1","0","0","1","","","","","","","","",""
"51423","112503","1","2025","Other","Ninjago","Action/Adventure","Magazine Gift","Jay vs. Cinder","X","112503-1","","","","","","","10","2","njo0852,njo0966,","Metal canister","Magazine gift","","","","","","","","","","","","","","306","94","0","0","X","0","7.5400","","","","","X","","1","1","0","0","1","","","","","","","","",""
"51605","112504","1","2025","Other","Ninjago","Action/Adventure","Magazine Gift","Cole vs. Drix","X","112504-1","","","","","","","12","2","njo0964,njo0985,","Metal canister","Magazine gift","","","","","","","","","","","","","","297","80","0","0","X","0","7.3500","","","","","X","","1","1","0","0","1","","","","","","","","",""
"51944","112505","1","2025","Other","Ninjago","Action/Adventure","Magazine Gift","Zane vs. Dragonian Scout","X","112505-1","","","","","","","11","2","njo0891,njo0992,","Metal canister","Magazine gift","","","","","","","","","","","","","","231","70","0","0","X","0","5.6600","","","","","X","","1","1","0","0","1","","","","","","","","",""
"52257","112506","1","2025","Other","Ninjago","Action/Adventure","Magazine Gift","Arin vs. Spectral Dragonian Scout","X","112506-1","","","","","","","2","2","njo0960,njo0983,","Metal canister","Magazine gift","","","","","","","","","","","","","","237","76","0","0","X","0","8.0500","","","","","","","0","0","0","0","0","","","","","","","","",""
"52330","112507","1","2025","Other","Ninjago","Action/Adventure","Magazine Gift","Rogue vs. Zarkt","X","112507-1","","","","","","","2","2","njo0948,njo0995,","Metal canister","Magazine gift","","","","","","","","","","","","","","279","75","0","0","X","0","10.0500","","","","","","","0","0","0","0","0","","","","","","","","",""
"50938","892501","1","2025","Other","Ninjago","Action/Adventure","Magazine Gift","Lloyd","X","892501-1","","","","","","","10","1","njo0853,","Paper bag","Magazine gift","","","","","","","","","","","","6","","350","95","0","0","X","0","3.9300","","","","","","","0","0","0","0","0","","","","","","","","",""
"51147","892502","1","2025","Other","Ninjago","Action/Adventure","Magazine Gift","Lord Ras","X","892502-1","","","","","","","14","1","njo0944,","Paper bag","Magazine gift","","","","","","","","","","","","6","","432","133","0","0","X","0","5.1300","","","","","X","","1","1","0","0","1","","","","","","","","",""
"51244","892503","1","2025","Other","Ninjago","Action/Adventure","Magazine Gift","Jay","X","892503-1","","","","","","","9","1","njo0945,","Paper bag","Magazine gift","","","","","","","","","","","","","","379","112","0","0","X","0","5.0200","","","","","X","","1","1","0","0","1","","","","","","","","",""
"51266","892504","1","2025","Other","Ninjago","Action/Adventure","Magazine Gift","Morro","X","892504-1","","","","","","","10","1","njo0940,","Paper bag","Magazine gift","","","","","","","","","","","","","","401","171","0","0","X","0","7.7500","5.8200","","","","X","","1","1","0","0","1","","","","","","","","",""
"51310","892505","1","2025","Other","Ninjago","Action/Adventure","Magazine Gift","Zane","X","892505-1","","","","","","","10","1","njo0965,","Paper bag","Magazine gift","","","","","","","","","","","","6","","299","92","0","0","X","0","4.2600","5.0400","","","","X","","1","1","0","0","1","","","","","","","","",""
"51422","892506","1","2025","Other","Ninjago","Action/Adventure","Magazine Gift","Arin","X","892506-1","","","","","","","8","1","njo0921,","Paper bag","Magazine gift","","","","","","","","","","","","6","","259","76","0","0","X","0","4.2600","","","","","X","","1","1","0","0","1","","","","","","","","",""
"51498","892507","1","2025","Other","Ninjago","Action/Adventure","Magazine Gift","Kai with Golden Dragon","X","892507-1","","","","","","","10","1","njo0925,","Paper bag","Magazine gift","","","","","12","15","2","0.01","","","","6","","272","86","0","0","X","0","4.0700","","","","","X","","1","1","0","0","1","","","","","","","","",""
"51568","892508","1","2025","Other","Ninjago","Action/Adventure","Magazine Gift","Lloyd","X","892508-1","","","","","","","8","1","njo0928,","Paper bag","Magazine gift","","","","","12","15","2","0.01","","","","6","","275","67","0","0","X","0","4.3900","","","","","X","","1","1","0","0","1","","","","","","","","",""
"51642","892509","1","2025","Other","Ninjago","Action/Adventure","Magazine Gift","Spectral Dragonian Warrior","X","892509-1","","","","","","","13","1","njo0989,","Paper bag","Magazine gift","","","","","12","15","2","0.012","","","","6","","418","83","0","0","X","0","6.4300","","","","","X","","1","1","0","0","1","","","","","","","","",""
"52041","892510","1","2025","Other","Ninjago","Action/Adventure","Magazine Gift","Nokt","X","892510-1","","","","","","","10","1","njo0938,","Paper bag","Magazine gift","","","","","","","","","","","","6","","290","91","0","0","X","0","7.8700","5.1500","","","","X","","1","1","0","0","1","","","","","","","","",""
"52265","892511","1","2025","Other","Ninjago","Action/Adventure","Magazine Gift","Kai","X","892511-1","","","","","","","6","1","njo0967,","Paper bag","Magazine gift","","","","","","","","","","","","6","","168","64","0","0","X","0","4.2200","","","","","X","","1","1","0","0","1","","","","","","","","",""
"52253","892512","1","2025","Other","Ninjago","Action/Adventure","Magazine Gift","Cole","X","892512-1","","","","","","","1","1","njo0970,","Paper bag","Magazine gift","","","","","","","","","","","","","","256","70","0","0","X","0","6.0700","","","","","","","0","0","0","0","0","","","","","","","","",""
"52303","892513","1","2025","Other","Ninjago","Action/Adventure","Magazine Gift","Frak","X","892513-1","","","","","","","7","1","njo0977,","Paper bag","Magazine gift","","","","","","","","","","","","6","","307","116","0","0","X","0","10.5200","","","","","","","0","0","0","0","0","","","","","","","","",""
"51402","6565144","1","2025","Extended","Ninjago","Action/Adventure","Promotional","Ninjago Thunderfang","X","THUNDERFANG-1","","","","","","","55","","","None (loose parts)","Promotional","","","","","","","","","","","","6","","158","92","0","2","X","0","","","","","","X","","1","1","0","0","1","","","","","","","","",""
"52364","L0002198","1","2025","Other","Ninjago","Action/Adventure","Magazine Gift","Tyr","X","L0002198-1","","","","","","","4","1","njo0979,","Paper bag","Magazine gift","","","","","","","","","","","","","","278","60","0","0","X","0","6.7100","7.4500","","","","","","0","0","0","0","0","","","","","","","","",""
"51140","75636","1","2025","Normal","One Piece","Licensed","Season 1","Windmill Village Hut","X","75636-1","29.99","24.99","39.99","29.99","06/06/2025 00:00:00","04/05/2026 00:00:00","299","3","op001,op002,op003,","Box","Retail","6527563","6527562","5702017817996","673419406468","26.2","19.1","6.1","","13","19","19","8","","2198","771","6","11","X","5","22.0200","19.0000","","01/08/2025 00:00:00","31/12/2026 00:00:00","X","","1","1","0","0","1","","","","","","","","",""
"51141","75637","1","2025","Normal","One Piece","Licensed","Season 1","Buggy the Clown's Circus Tent","X","75637-1","54.99","44.99","64.99","49.99","06/06/2025 00:00:00","04/05/2026 00:00:00","573","4","op004,op005,op006,op007,","Box","Retail","6527565","6527564","5702017818009","673419406475","26.2","22.2","7.6","","16","15","14","8","","1344","630","3","12","X","0","39.9900","36.4500","Atticus,","01/08/2025 00:00:00","31/12/2026 00:00:00","X","","1","1","0","0","1","","","","","","","","",""
"51142","75638","1","2025","Normal","One Piece","Licensed","Season 1","Battle at Arlong Park","X","75638-1","79.99","74.99","99.99","79.99","06/06/2025 00:00:00","04/05/2026 00:00:00","926","5","op008,op009,op010,op011,op012,","Box","Retail","6527567","6527566","5702017818016","673419406482","38.2","26.2","7.1","","29","16","10","9","","1126","664","9","12","X","0","52.9000","","Matthias Richter,Zio Chao,","01/08/2025 00:00:00","31/07/2026 00:00:00","X","","1","1","0","0","1","","","","","","","","",""
"51143","75639","1","2025","Normal","One Piece","Licensed","Season 1","The Going Merry Pirate Ship","X","75639-1","139.99","119.99","169.99","129.99","06/06/2025 00:00:00","04/05/2026 00:00:00","1376","5","op005,op013,op014,op015,op016,","Box","Retail","6527569","6527568","5702017818023","673419406499","48","37.8","9.4","","34","39","20","10","","2547","1425","3","10","X","5","129.8900","93.6900","","01/08/2025 00:00:00","31/12/2027 00:00:00","X","","1","1","0","0","1","","","","","","","","",""
"51144","75640","1","2025","Normal","One Piece","Licensed","Season 1","The Baratie Floating Restaurant","X","75640-1","329.99","269.99","379.99","299.99","06/06/2025 00:00:00","04/05/2026 00:00:00","3402","12","op005,op015,op017,op018,op019,op020,op021,op022,op023,op024,op025,","Box","Retail","6527571","6527570","5702017818030","673419406505","52.3","48","12.4","","35","54","27","18","","943","1101","13","12","X","5","251.2600","","Isaac Snyder,","01/08/2025 00:00:00","31/07/2027 00:00:00","X","","1","1","0","0","1","","","","","","","","",""
"51586","6601555","1","2025","Extended","One Piece","Licensed","Promotional","Gum Gum Fruit","X","GUMGUM-1","","","","","","","57","","","None (loose parts)","Promotional","","6601562","5702018101513","","","","","","","","","6","","226","154","0","2","X","3","","","","","","X","","1","1","0","0","1","","","","","","","","",""
"52007","88020","1","2025","Normal","Powered Up","Technical","","USB Power Adapter","X","88020-1","34.99","29.99","44.99","34.99","12/04/2026 00:00:00","04/05/2026 00:00:00","1","","","Box","LEGO exclusive","6520692","6520693","5702017791562","673419402187","8","9","5.2","","5","3","5","7","","5","22","0","6","X","0","","","","","","X","","1","1","0","0","1","","","","","","","","",""
"52006","88021","1","2025","Normal","Powered Up","Technical","","Rechargeable Battery","X","88021-1","29.99","24.99","39.99","29.99","04/09/2025 00:00:00","04/05/2026 00:00:00","3","","","Box","LEGO exclusive","6568563","6568563","","673419417563","9.6","8.6","2.7","","","","","7","","10","43","0","1","X","0","","","","01/10/2025 00:00:00","","X","","1","1","0","0","1","","","","","","","","",""
"51198","40506","1","2025","Normal","Promotional","Miscellaneous","LEGO House","LEGO Fabuland Tribute","X","40506-1","","","","","","","1026","","","Box","Retail - limited","","6530167","5702017830155","","38","26","9","","","","","10","","483","350","0","5","X","0","134.9200","","Markus Rollbühler,","01/03/2025 00:00:00","","","","0","0","0","0","0","","","","","","","","",""
"51472","40766","1","2025","Normal","Promotional","Miscellaneous","Gift with Purchase","Tribute to Jane Austen's Books","X","40766-1","","","","","","","361","1","gen194,","Box","LEGO exclusive","6531773","6531771","5702017832081","","20.5","19.1","7.3","0.387","11","13","8","18","","3578","659","1","4","X","0","42.3700","25.0000","","19/06/2025 00:00:00","31/12/2025 00:00:00","X","","1","1","0","0","1","","","","","","","","",""
"51338","40767","1","2025","Normal","Promotional","Miscellaneous","Gift with Purchase","Up-Scaled Baby Astronaut","X","40767-1","","","","","","","250","","","Box","LEGO exclusive","6530291","6530290","5702017829777","","14.1","19.1","7.1","0.31","","","","10","","5890","693","2","3","X","0","32.2000","28.3100","Leonard Bahro,Maddison Stapleton,","15/05/2025 00:00:00","31/12/2025 00:00:00","X","","1","1","0","0","1","","","","","","","","",""
"51628","40775","1","2025","Normal","Promotional","Miscellaneous","Gift with Purchase","Mini Knight's Castle","X","40775-1","","","","","","","590","","","Box","LEGO exclusive","","","","","","","","0.484","9","12","9","18","","5771","187","4","8","X","0","16.8300","18.3500","","22/11/2025 00:00:00","","X","","1","1","0","0","1","","","","","","","","",""
"52259","40776","1","2025","Normal","Promotional","Miscellaneous","Gift with Purchase","Hot Chocolate Stand","X","40776-1","","","","","","","256","2","hol394,hol395,","Box","LEGO exclusive","","6530304","5702017829845","","20.5","19","7","0.371","13","16","10","10","","7328","416","2","5","X","10","20.1300","19.9600","Mina Yoo,","22/11/2025 00:00:00","31/12/2025 00:00:00","X","","1","1","0","0","1","","","","","","","","",""
"52286","40778","1","2025","Normal","Promotional","Miscellaneous","Gift with Purchase","Winter Gazebo","X","40778-1","","","","","","","245","3","hol404,hol405,hol406,","Box","LEGO exclusive","6530309","6530308","5702017829869","673419408509","20.5","19.1","6.1","0.287","11","9.5","11","12","","2492","650","2","5","X","0","32.5500","25.0000","","03/12/2025 00:00:00","31/12/2025 00:00:00","X","","1","1","0","0","1","","","","","","","","",""
"51183","40782","1","2025","Normal","Promotional","Miscellaneous","Wonders of the Natural World","Tropical Rainforest Diorama","X","40782-1","","","","","","","299","","","Box","LEGO exclusive","6530985","6530984","5702017830728","673419408424","26.2","14.1","6.1","0.315","13","13","9","12","","2874","662","2","3","X","3","24.7600","21.1700","Mel Caddick,","08/02/2025 00:00:00","31/07/2025 00:00:00","X","","1","1","0","0","1","","","","","","","","",""
"51317","40783","1","2025","Normal","Promotional","Miscellaneous","Wonders of the Natural World","Coral Reef Diorama","X","40783-1","","","","","","","260","","","Box","LEGO exclusive","6530995","6530994","5702017830773","673419408875","26.2","14.1","6.1","0.292","11","12","9","12","","1586","642","2","4","X","0","30.4600","12.0000","","22/04/2025 00:00:00","31/10/2025 00:00:00","X","","1","1","0","0","1","","","","","","","","",""
"51318","40784","1","2025","Normal","Promotional","Miscellaneous","Wonders of the Natural World","African Savanna Diorama","X","40784-1","","","","","","","287","","","Box","LEGO exclusive","6531187","6531186","5702017830834","","26.2","19.1","4.6","0.29","12","13","13","12","","2314","430","2","3","X","0","17.2500","","","08/07/2025 00:00:00","31/12/2025 00:00:00","X","","1","1","0","0","1","","","","","","","","",""
"51319","40785","1","2025","Normal","Promotional","Miscellaneous","Wonders of the Natural World","Northern Lights Diorama","X","40785-1","","","","","","","332","","","Box","LEGO exclusive","6531197","6531196","5702017830988","673419408943","26.2","14.1","6.1","0.355","12","12","9","12","","3075","438","2","3","X","5","17.9400","17.5000","","14/10/2025 00:00:00","31/12/2025 00:00:00","X","","1","1","0","0","1","","","","","","","","",""
"51209","40790","1","2025","Normal","Promotional","Miscellaneous","LEGO House","LEGO House Chef","X","40790-1","","","","","","","7","","","{Not specified}","{Not specified}","","","","","","","","","","","","4","","133","228","0","0","X","0","18.4100","","","01/03/2025 00:00:00","","X","","1","1","0","0","1","","","","","","","","",""
"51186","40810","1","2025","Normal","Promotional","Miscellaneous","LEGOLAND","LEGOLAND Park Portal","X","40810-1","29.99","25.99","","29.99","","","323","1","LLP037,","Box","LEGOLAND exclusive","6530206","6530205","5702017830568","673419408806","","","","","","","","7","","356","323","0","2","X","0","42.3600","","","","","","","0","0","0","0","0","","","","","","","","",""
"51237","5009157","1","2025","Extended","Promotional","Miscellaneous","Gift with Purchase","Amelia Ticket Booth","X","5009157-1","","","","","","","152","","","Box","LEGO exclusive","6564644","6564643","5702017968636","673419416849","14.7","14.7","4.5","","","","","10","","686","289","0","1","X","0","46.7700","","","","","","","0","0","0","0","0","","","","","","","","",""
"51202","5009181","1","2025","Extended","Promotional","Miscellaneous","Miscellaneous","LEGO Duck Boat","X","5009181-1","","","","","","","150","","","Box","Promotional","6567037","","","673419417150","","","","","","","","10","","9","144","0","0","X","0","","","","","","","","0","0","0","0","0","","","","","","","","",""
"51201","5009182","1","2025","Extended","Promotional","Miscellaneous","Miscellaneous","1001 Boylston","","","","","","","","","","","","{Not specified}","{Not specified}","6567038","","","673419417167","","","","","","","","","","5","33","0","0","X","0","","","","","","X","","1","1","0","0","1","","","","","","","","",""
"51189","5009203","1","2025","Extended","Promotional","Miscellaneous","LEGO Brand Store Opening Set","AFI Cotroceni Grand Opening","X","6570382-1","","","","","","","158","","","Box","LEGO exclusive","","6570382","5702017991627","","14.7","14.7","4.5","","","","","10","","9","112","0","1","X","0","","","","","","X","","1","1","0","0","1","","","","","","","","",""
"51191","5009204","1","2025","Extended","Promotional","Miscellaneous","LEGO Brand Store Opening Set","Iasi Grand Opening","X","5009204-1","","","","","","","158","","","Box","LEGO exclusive","","6570383","5702017991634","","14.7","14.7","4.5","","","","","10","","9","63","0","0","X","0","","","","","","X","","1","1","0","0","1","","","","","","","","",""
"51192","5009205","1","2025","Extended","Promotional","Miscellaneous","","Store Anniversary Minifigures","","","","","","","","","","","","{Not specified}","{Not specified}","","6570384","5702017991641","","","","","","","","","","","5","47","0","0","X","0","","","","","","X","","1","1","0","0","1","","","","","","","","",""
"51357","5009206","1","2025","Extended","Promotional","Miscellaneous","Insiders Reward","Elephant Pencil Holder","X","5009206-1","","","","","","","147","","","Box","LEGO exclusive","","6571551","5702017993621","","14.7","14.7","4.5","","","","","10","","205","46","0","3","X","0","19.9900","","","","","","","0","0","0","0","0","","","","","","","","",""
"51299","5009209","1","2025","Extended","Promotional","Miscellaneous","LEGO brand stores","I Love LEGO Store Flatiron Crossing, CO","X","5009209-1","","","","","","","1","","","Zip-lock bag","Promotional","6571742","","","673419417792","","","","","","","","","","15","29","0","0","X","0","","","","","","X","","1","1","0","0","1","","","","","","","","",""
"51300","5009210","1","2025","Extended","Promotional","Miscellaneous","LEGO Brand Store Opening Set","Friendly Center Store Opening","","","","","","","","","","","","Box","Promotional","6571743","","","673419417808","","","","","","","","","","8","18","0","0","X","0","","","","","","X","","1","1","0","0","1","","","","","","","","",""
"51301","5009211","1","2025","Extended","Promotional","Miscellaneous","LEGO Brand Store Opening Set","Legacy Place Store Opening","","","","","","","","","","","","Box","Promotional","6571744","","","673419417815","","","","","","","","","","11","16","0","0","X","0","","","","","","X","","1","1","0","0","1","","","","","","","","",""
"51302","5009212","1","2025","Extended","Promotional","Miscellaneous","LEGO Brand Store Opening Set","Ridgedale Center Store Opening","","","","","","","","","","","","Box","Promotional","6571746","","","673419417822","","","","","","","","","","10","20","0","0","X","0","","","","","","X","","1","1","0","0","1","","","","","","","","",""
"51303","5009213","1","2025","Extended","Promotional","Miscellaneous","LEGO Brand Store Opening Set","Santa Anita Store Opening","","","","","","","","","","","","Box","Promotional","6571747","","","673419417839","","","","","","","","","","8","19","0","0","X","0","","","","","","X","","1","1","0","0","1","","","","","","","","",""
"51567","5009214","1","2025","Extended","Promotional","Miscellaneous","LEGO brand stores","I Love LEGO Store Scottsdale Quarter","X","6571750-1","","","","","","","1","","","Zip-lock bag","LEGO exclusive","6571750","","","673419417846","","","","","","","","","","9","20","0","0","X","0","","","","","","X","","1","1","0","0","1","","","","","","","","",""
"51305","5009215","1","2025","Extended","Promotional","Miscellaneous","LEGO Brand Store Opening Set","Streets at Southpoint Store Opening","","","","","","","","","","","","Box","Promotional","6571751","","","673419418058","","","","","","","","","","8","18","0","0","X","0","","","","","","X","","1","1","0","0","1","","","","","","","","",""
"51193","5009228","1","2025","Extended","Promotional","Miscellaneous","","Iberia24 Heart","X","5009228-1","","","","","","","","","","{Not specified}","{Not specified}","","6572698","5702017997377","","","","","","","","","","","12","23","0","0","X","0","","","","","","","","0","0","0","0","0","","","","","","","","",""
"51298","5009229","1","2025","Extended","Promotional","Miscellaneous","LEGO brand stores","Micro Orchid","X","5009229-1","","","","","","","39","","","None (loose parts)","Promotional","","6572699","5702017997384","","","","","","","","","6","","41","185","0","3","X","0","","","","","","X","","1","1","0","0","1","","","","","","","","",""
"51194","5009231","1","2025","Extended","Promotional","Miscellaneous","","LEGO Masters Minifigure LM1","","","","","","","","","","","","{Not specified}","{Not specified}","","6572725","5702017997407","","","","","","","","","","","5","36","0","0","X","0","","","","","","","","0","0","0","0","0","","","","","","","","",""
"51195","5009232","1","2025","Extended","Promotional","Miscellaneous","","LEGO Masters Minifigure LM2","","","","","","","","","","","","{Not specified}","{Not specified}","","6572727","5702017997414","","","","","","","","","","","6","34","0","0","X","0","","","","","","X","","1","1","0","0","1","","","","","","","","",""
"52710","5009233","1","2025","Extended","Promotional","Miscellaneous","Minifigure","LEGO Masters Academy Grand Opening Minifigure","","","","","","","","","3","1","gen196,","Zip-lock bag","Promotional","","","","","","","","","","","","","","2","4","0","0","","0","","","","","","","","0","0","0","0","0","","","","","","","","",""
"52101","5009301","1","2025","Extended","Promotional","Miscellaneous","LEGO brand stores","Merci! Heart Lego Store","X","6576785-1","","","","","","","1","","","Zip-lock bag","Promotional","","6576785","5702018015315","","","","","","","","","","","10","19","0","0","X","0","","","","","","X","","1","1","0","0","1","","","","","","","","",""
"51279","5009308","1","2025","Extended","Promotional","Miscellaneous","LEGO Brand Store Opening Set","New Store Grand Opening","X","5009308-1","","","","","","","158","","","Box","LEGO exclusive","6577643","","","673419418737","14.7","14.7","4.5","","","","","10","","86","68","0","1","X","0","49.9900","","","11/07/2025 00:00:00","","X","","1","1","0","0","1","","","","","","","","",""
"52166","5009316","1","2025","Extended","Promotional","Miscellaneous","LEGO brand stores","Las Vegas 2025 Tile","","","","","","","","","1","","","Zip-lock bag","LEGO exclusive","6577688","","","673419418850","","","","","","","","6","","4","14","0","0","X","0","","","","","","X","","1","1","0","0","1","","","","","","","","",""
"51418","5009325","1","2025","Extended","Promotional","Miscellaneous","Gift with Purchase","The Simpsons Living Room","X","5009325-1","","","","","","","123","","","Box","LEGO exclusive","6578425","6578424","5702018021804","673419418805","14.7","14.7","4.5","0.22","9","8","10","10","","1491","362","0","2","X","0","38.7600","29.9900","","01/06/2025 00:00:00","","","","0","0","0","0","0","","","","","","","","",""
"52132","5009378","1","2025","Extended","Promotional","Miscellaneous","Miscellaneous","LEGO Arcade Race","X","5009378-1","12.99","","","","","","119","","","Zip-lock bag","Promotional","6581808","","","673419419284","","","","","","","","10","","235","181","0","1","X","0","22.7500","","","","","","","0","0","0","0","0","","","","","","","","",""
"51439","5009389","1","2025","Extended","Promotional","Miscellaneous","LEGO Brand Store Opening Set","Westend Grand Opening","X","5009389-1","","","","","","","158","","","Box","Promotional","","6582903","5702018038215","","14.7","14.7","4.5","","","","","10","","8","35","0","0","X","0","75.2700","","","","","X","","1","1","0","0","1","","","","","","","","",""
"51440","5009390","1","2025","Extended","Promotional","Miscellaneous","LEGO Brand Store Opening Set","Belgrade Grand Opening","X","5009390-1","","","","","","","158","","","Box","Promotional","","6582904","5702018038222","","14.7","14.7","4.5","","","","","10","","13","32","0","0","X","0","","","","","","X","","1","1","0","0","1","","","","","","","","",""
"51441","5009391","1","2025","Extended","Promotional","Miscellaneous","LEGO Brand Store Opening Set","Craiova Grand Opening","X","5009391-1","","","","","","","158","","","Box","Promotional","","6582906","5702018037836","","14.7","14.7","4.5","","","","","10","","7","36","0","1","X","0","","","","27/09/2025 00:00:00","05/10/2025 00:00:00","X","","1","1","0","0","1","","","","","","","","",""
"51438","5009397","1","2025","Extended","Promotional","Miscellaneous","LEGO Brand Store Opening Set","Hangzhou Grand Opening","","","","","","","","","158","","","Box","Promotional","","6585063","5702018053317","","14.7","14.7","4.5","","","","","10","","6","15","0","0","X","0","","","","","","X","","1","1","0","0","1","","","","","","","","",""
"51442","5009403","1","2025","Extended","Promotional","Miscellaneous","LEGO Brand Store Opening Set","RIYADH Grand Opening","","","","","","","","","158","","","Box","Promotional","","6586975","5702018057933","","14.7","14.7","4.5","","","","","10","","5","16","0","0","X","0","","","","","","X","","1","1","0","0","1","","","","","","","","",""
"51443","5009404","1","2025","Extended","Promotional","Miscellaneous","LEGO Brand Store Opening Set","JEDDAH Grand Opening","","","","","","","","","158","","","Box","Promotional","","6586976","5702018057964","","14.7","14.7","4.5","","","","","10","","5","15","0","0","X","0","","","","","","X","","1","1","0","0","1","","","","","","","","",""
"51444","5009405","1","2025","Extended","Promotional","Miscellaneous","LEGO Brand Store Opening Set","South Africa Grand Opening","","","","","","","","","158","","","Box","Promotional","","6586985","5702018057971","","14.7","14.7","4.5","","","","","10","","10","18","0","0","X","0","","","","","","X","","1","1","0","0","1","","","","","","","","",""
"51445","5009406","1","2025","Extended","Promotional","Miscellaneous","LEGO Brand Store Opening Set","UAE Grand Opening","","","","","","","","","158","","","Box","Promotional","","6586986","5702018057988","","14.7","14.7","4.5","","","","","10","","5","19","0","0","X","0","","","","","","X","","1","1","0","0","1","","","","","","","","",""
"51426","5009407","1","2025","Extended","Promotional","Miscellaneous","LEGO Brand Store Opening Set","Krakow Grand Opening","X","6586987-1","","","","","","","158","","","Box","LEGO exclusive","","6586987","5702018057995","","","","","","","","","10","","29","70","0","0","X","0","","","","","","X","","1","1","0","0","1","","","","","","","","",""
"51599","5009408","1","2025","Extended","Promotional","Miscellaneous","Botanical Collection","Butterfly Garden","X","5009408-1","","","","","","","150","","","Box","LEGO exclusive","6586992","6586991","5702018058008","673419421027","14.7","14.7","4.5","0.143","","","","10","","958","413","0","1","X","0","25.0200","","","","","","","0","0","0","0","0","","","","","","","","",""
"51930","5009417","1","2025","Extended","Promotional","Miscellaneous","LEGO Brand Store Opening Set","Belfast Grand Opening","X","6588946-1","","","","","","","158","","","Box","LEGO exclusive","","6588946","","","","","","","","","","10","","16","39","0","0","X","0","","","","","","X","","1","1","0","0","1","","","","","","","","",""
"51500","5009418","1","2025","Extended","Promotional","Miscellaneous","LEGO Brand Store Opening Set","Manchester Grand Opening","X","6588947-1","","","","","","","158","","","Box","LEGO exclusive","","6588947","5702018062579","","14.7","14.7","4.5","","","","","10","","14","60","0","0","X","0","","","","","","X","","1","1","0","0","1","","","","","","","","",""
"51573","5009422","1","2025","Extended","Promotional","Miscellaneous","Gift with Purchase","Italian Market Van","X","5009422-1","","","","","","","142","","","Box","LEGO exclusive","6589679","6589676","5702018065303","673419423618","14.7","14.7","4.5","","","","","10","","858","481","0","1","X","0","51.1300","","","07/08/2025 00:00:00","","","","0","0","0","0","0","","","","","","","","",""
"51634","5009423","1","2025","Extended","Promotional","Miscellaneous","LEGO Brand Store Opening Set","LEGO Discovery Centre Hamburg Grand Opening","X","6589682-1","","","","","","","158","","","Box","LEGO exclusive","","6589682","5702018065327","","14.7","14.7","4.5","","","","","10","","9","50","0","0","X","0","82.3900","","","","","X","","1","1","0","0","1","","","","","","","","",""
"52161","5009506","1","2025","Extended","Promotional","Miscellaneous","LEGO Brand Store Opening Set","LCS Vermosa Grand Opening","X","5009506-1","","","","","","","158","","","Box","LEGO exclusive","","6594976","5702018088074","","14.7","14.7","4.5","","","","","10","","3","33","0","1","X","0","","","","19/10/2025 00:00:00","","","","0","0","0","0","0","","","","","","","","",""
"52019","5009507","1","2025","Extended","Promotional","Miscellaneous","LEGO brand stores","I Love LEGO Store Berlin Tile","X","6594978-1","","","","","","","1","","","Zip-lock bag","LEGO exclusive","","6594978","5702018088081","","","","","","","","","","","8","21","0","0","X","0","","","","","","X","","1","1","0","0","1","","","","","","","","",""
"52018","5009508","1","2025","Extended","Promotional","Miscellaneous","LEGO Brand Store Opening Set","Berlin Grand Opening","X","6594979-1","","","","","","","158","","","Box","LEGO exclusive","","6594979","5702018088098","","14.7","14.7","4.5","","","","","10","","9","35","0","0","X","0","","","","","","X","","1","1","0","0","1","","","","","","","","",""
"51993","5009516","1","2025","Extended","Promotional","Miscellaneous","LEGO Brand Store Opening Set","Bridgeport Village Store Opening","","","","","","","","","","","","Box","Promotional","6596088","","","673419427760","","","","","","","","10","","9","14","0","0","X","0","","","","","","X","","1","1","0","0","1","","","","","","","","",""
"51601","5009517","1","2025","Extended","Promotional","Miscellaneous","LEGO Brand Stores","I Love LEGO Store Perimeter Mall Tile","X","5009517-1","","","","","","","1","","","Zip-lock bag","LEGO exclusive","6596089","","","673419427777","","","","","","","","6","","11","17","0","0","X","0","","","","","","X","","1","1","0","0","1","","","","","","","","",""
"52282","5009518","1","2025","Extended","Promotional","Miscellaneous","LEGO Brand Store Opening Set","CARDIFF Grand Opening","X","5009518-1","","","","","","","158","","","Box","LEGO exclusive","","6596091","5702018090206","","14.7","14.7","4.5","","","","","10","","3","30","0","0","X","0","","","","","","X","","1","1","0","0","1","","","","","","","","",""
"51917","5009580","1","2025","Extended","Promotional","Miscellaneous","LEGO Brand Store Opening Set","JD Flagship Store Grand Opening","X","6590580-1","","","","","","","158","","","Box","LEGO exclusive","","6590580","5702018069370","","14.7","14.7","4.5","","","","","10","","21","36","0","0","X","0","","","","","","X","","1","1","0","0","1","","","","","","","","",""
"51929","5009609","1","2025","Extended","Promotional","Miscellaneous","Gift with Purchase","Captain Jack Sparrow's Compass","X","5009609-1","","","","","","","151","","","Box","LEGO exclusive","6601585","6601584","5702018101582","673419429399","14.7","14.7","4.5","","15","20","26","10","","1202","419","0","2","X","0","85.5900","45.0000","","12/09/2025 00:00:00","","","","0","0","0","0","0","","","","","","","","",""
"52178","5009614","1","2025","Extended","Promotional","Miscellaneous","","Skaters in the Park","X","5009614-1","","","","","","","150","2","hol402,hol403,","Box","Promotional","6602966","","","673419429481","14.7","14.7","4.5","","","","","10","","257","166","0","0","X","0","18.3300","","","","","","","0","0","0","0","0","","","","","","","","",""
"52248","5009625","1","2025","Extended","Promotional","Miscellaneous","LEGO Brand Store Opening Set","La Défense Grand Opening","X","5009625-1","","","","","","","158","","","Box","Promotional","","6605177","5702018112922","","14.7","14.7","4.5","","","","","10","","19","38","0","0","X","0","","","","","","","","0","0","0","0","0","","","","","","","","",""
"52148","5009626","1","2025","Extended","Promotional","Miscellaneous","Insiders Reward","Fish Tank","X","5009626-1","","","","","","","150","","","Box","LEGO exclusive","6605179","6605178","5702018112939","673419429535","14.7","14.7","4.5","","","","","10","","778","151","0","2","X","0","30.4400","","","","","","","0","0","0","0","0","","","","","","","","",""
"52177","5009806","1","2025","Extended","Promotional","Miscellaneous","Insiders Reward","Retro Space Explorer","X","5009806-1","","","","","","","150","1","sp140,","Box","LEGO exclusive","6607199","6607198","5702018123379","","14.7","14.7","4.5","","","","","10","","1921","264","0","4","X","0","31.9200","23.5500","","22/11/2025 00:00:00","","","","0","0","0","0","0","","","","","","","","",""
"52149","5009823","1","2025","Extended","Promotional","Miscellaneous","Gift with Purchase","Fish Tank Filter & Fish Food","X","5009823-1","","","","","","","177","","","Box","LEGO exclusive","6609248","6609245","5702018130360","673419430210","14.7","14.7","4.5","","6","11","10","10","","229","128","0","3","X","0","78.1800","66.0500","","13/11/2025 00:00:00","","","","0","0","0","0","0","","","","","","","","",""
"52263","5009933","1","2025","Extended","Promotional","Miscellaneous","LEGO brand stores","I Love LEGO Store Paris La Défense","X","6615072-1","","","","","","","1","","","Zip-lock bag","Promotional","","6615072","5702018149942","","","","","","","","","6","","14","22","0","0","X","0","","","","","","X","","1","1","0","0","1","","","","","","","","",""
"52162","5009942","1","2025","Extended","Promotional","Miscellaneous","LEGO brand stores","I Love LEGO Store Craiova Tile","X","5009942-1","","","","","","","1","","","Zip-lock bag","LEGO exclusive","","6616754","5702018156377","","","","","","","","","6","","5","15","0","0","X","0","","","","27/09/2025 00:00:00","","X","","1","1","0","0","1","","","","","","","","",""
"52029","5010004","1","2025","Extended","Promotional","Miscellaneous","","Red Car","","","","","","","","","48","","","Box","LEGO exclusive","","6621904","5702018178461","","","","","","","","","","","3","19","0","0","X","0","","","","","","","","0","0","0","0","0","","","","","","","","",""
"52119","5010009","1","2025","Extended","Promotional","Miscellaneous","Miscellaneous","Building F","X","5010009-1","","","","","","","","","","{Not specified}","Promotional","","6621909","5702018178515","","","","","","","","","","","2","27","0","0","X","0","","","","","","","","0","0","0","0","0","","","","","","","","",""
"51214","6557640","1","2025","Extended","Promotional","Miscellaneous","Formula 1","F1 Race Car M&T","X","STS2501-1","","","","","","","29","","","None (loose parts)","Promotional","","","","","","","","","","","","6","","89","119","0","2","X","0","","","","01/03/2025 00:00:00","","X","","1","1","0","0","1","","","","","","","","",""
"51315","6557644","1","2025","Extended","Promotional","Miscellaneous","LEGO brand stores","2D Easter Egg","X","6557644-1","","","","","","","21","","","None (loose parts)","Not sold","","","","","","","","","","","","","","31","45","0","0","X","0","","","","","","X","","1","1","0","0","1","","","","","","","","",""
"51288","6562115","1","2025","Extended","Promotional","Miscellaneous","LEGO brand stores","3D Easter Egg","X","EASTEREGG-1","","","","","","","41","","","None (loose parts)","Promotional","","","","","","","","","","","","6","","116","49","0","1","X","0","","","","","","X","","1","1","0","0","1","","","","","","","","",""
"51154","6562116","1","2025","Extended","Promotional","Miscellaneous","LEGO brand stores","Botanical Heart M&T","X","HEART-1","","","","","","","38","","","None (loose parts)","Promotional","","","","","","","","","","","","","","136","94","0","2","X","0","","","","","","X","","1","1","0","0","1","","","","","","","","",""
"51153","6565145","1","2025","Extended","Promotional","Miscellaneous","LEGO brand stores","Sunflowers M&T","X","SUNFLOWERS-1","","","","","","","58","","","None (loose parts)","Promotional","","6565145","5702017971278","","","","","","","","","6","","208","179","0","2","X","0","","","","","","X","","1","1","0","0","1","","","","","","","","",""
"51213","6565151","1","2025","Extended","Promotional","Miscellaneous","Formula 1","F1 Steering Wheel M&T","X","LBR2505-1","","","","","","","33","","","None (loose parts)","Promotional","","","","","","","","","","","","7","","283","177","0","2","X","0","17.6000","","","09/03/2025 00:00:00","","X","","1","1","0","0","1","","","","","","","","",""
"51419","6565152","1","2025","Extended","Promotional","Miscellaneous","LEGO brand stores","Paddle","X","6565152-1","","","","","","","23","","","None (loose parts)","Not sold","","","","","","","","","","","","6","","119","48","0","1","X","5","13.5300","","","","","X","","1","1","0","0","1","","","","","","","","",""
"51939","6565155","1","2025","Extended","Promotional","Miscellaneous","LEGO brand stores","Hoop","X","6565155-1","","","","","","","49","","","None (loose parts)","Promotional","","","","","","","","","","","","10","","80","53","0","2","X","0","","","","","","X","","1","1","0","0","1","","","","","","","","",""
"52123","6565159","1","2025","Extended","Promotional","Miscellaneous","LEGO brand stores","Witch","X","WITCH-1","","","","","","","27","","","None (loose parts)","Promotional","","6565150","5702017971377","","","","","","","","","6","","114","37","0","2","X","0","","","","","","","","0","0","0","0","0","","","","","","","","",""
"51326","6565180","1","2025","Extended","Promotional","Miscellaneous","LEGO brand stores","Mother's Day Flower M&T","X","6565180-1","","","","","","","23","","","None (loose parts)","Promotional","","","","","","","","","","","","6","","151","131","0","2","X","4","","","","","","X","","1","1","0","0","1","","","","","","","","",""
"51433","6565181","1","2025","Extended","Promotional","Miscellaneous","LEGO brand stores","Crayons M&T","X","CRAYONS-1","","","","","","","29","","","None (loose parts)","Not sold","","","","","","","","","","","","6","","89","52","0","1","X","0","","","","","","X","","1","1","0","0","1","","","","","","","","",""
"51404","6568276","1","2025","Extended","Promotional","Miscellaneous","","Spring in Bloom","X","6568276-1","","","","","","","122","","","Zip-lock bag","Promotional","6568276","","","673419417426","","","","","","","","10","","91","182","0","1","X","0","35.0000","27.0000","","","","","","0","0","0","0","0","","","","","","","","",""
"51190","6569140","1","2025","Extended","Promotional","Miscellaneous","LEGO Brand Store Opening Set","People's Square Grand Opening","X","6569140-1","","","","","","","158","","","Box","LEGO exclusive","","","","","14.7","14.7","4.5","","","","","10","","19","103","0","0","X","0","","","","","","X","","1","1","0","0","1","","","","","","","","",""
"51556","6575258","1","2025","Extended","Promotional","Miscellaneous","LEGO brand stores","Boom Box M&T","X","6575258-1","","","","","","","34","","","None (loose parts)","Not sold","","","","","","","","","","","","6","","126","63","0","2","X","0","","","","","","X","","1","1","0","0","1","","","","","","","","",""
"52021","6575259","1","2025","Extended","Promotional","Miscellaneous","LEGO brand stores","Gaming Controller","X","6575259-1","","","","","","","47","","","None (loose parts)","Promotional","","6583577","","","","","","","","","","7","","135","43","0","2","X","0","","","","","","X","","1","1","0","0","1","","","","","","","","",""
"52117","6575260","1","2025","Extended","Promotional","Miscellaneous","LEGO brand stores","Holiday Ornament","X","ORNAMENT-1","","","","","","","60","","","None (loose parts)","Promotional","","6575257","5702018007136","","","","","","","","","6","","52","42","0","2","X","0","","","","","","X","","1","1","0","0","1","","","","","","","","",""
"51503","6581209","1","2025","Extended","Promotional","Miscellaneous","LEGO brand stores","Ice Cream M&T","X","6581209-1","","","","","","","21","","","None (loose parts)","Promotional","","","","","","","","","","","","6","","10","42","0","1","X","0","","","","","","","","0","0","0","0","0","","","","","","","","",""
"51471","6581677","1","2025","Extended","Promotional","Miscellaneous","Miscellaneous","Creative Wildlife Panda and Flamingo","X","6581677-1","","","","","","","48","","","None (loose parts)","Not sold","","","","","","","","","","","","6","","38","47","0","2","X","0","","","","","","X","","1","1","0","0","1","","","","","","","","",""
"51502","6581684","1","2025","Extended","Promotional","Miscellaneous","Miscellaneous","Creative Wildlife Flower and Fish","X","6581684-1","","","","","","","54","","","None (loose parts)","Promotional","","6581214","","","","","","","","","","6","","10","46","0","2","X","0","","","","","","X","","1","1","0","0","1","","","","","","","","",""
"52170","6583586","1","2025","Extended","Promotional","Miscellaneous","Miscellaneous","Ornament Cataclaws","X","6583586-1","","","","","","","36","","","None (loose parts)","Promotional","","6583571","5702018045008","","","","","","","","","6","","19","59","0","2","X","0","","","","","","","","0","0","0","0","0","","","","","","","","",""
"52167","6583587","1","2025","Extended","Promotional","Miscellaneous","Miscellaneous","Ornament Present","X","6583587-1","","","","","","","38","","","Zip-lock bag","Promotional","","6583572","5702018045022","","","","","","","","","6","","19","42","0","2","X","0","","","","","","X","","1","1","0","0","1","","","","","","","","",""
"52169","6583588","1","2025","Extended","Promotional","Miscellaneous","Miscellaneous","Ornament X-mas Tree","X","6583588-1","","","","","","","38","","","None (loose parts)","Promotional","","6583573","5702018045046","","","","","","","","","6","","25","49","0","2","X","0","","","","","","X","","1","1","0","0","1","","","","","","","","",""
"51427","6586973","1","2025","Extended","Promotional","Miscellaneous","LEGO brand stores","I Love LEGO Store Krakow Tile","X","6586973-1","","","","","","","1","","","Zip-lock bag","LEGO exclusive","","6586973","5702018057865","","","","","","","","","","","18","22","0","0","X","0","","","","","","X","","1","1","0","0","1","","","","","","","","",""
"51501","6588949","1","2025","Extended","Promotional","Miscellaneous","LEGO brand stores","I Love LEGO Store Manchester Tile","X","6588949-1","","","","","","","1","","","Zip-lock bag","LEGO exclusive","","6588949","5702018062586","","","","","","","","","","","11","25","0","0","X","0","","","","","","X","","1","1","0","0","1","","","","","","","","",""
"51596","6595892","1","2025","Extended","Promotional","Miscellaneous","Miscellaneous","Creative Wildlife Dog and Cat","X","6595892-1","","","","","","","53","","","None (loose parts)","Not sold","","","","","","","","","","","","6","","20","38","0","2","X","0","","","","","","X","","1","1","0","0","1","","","","","","","","",""
"51544","6597570","1","2025","Extended","Promotional","Miscellaneous","Formula 1","Formula 1 Austrian Grand Prix 2025 Promotional Tile","X","6597570-1","","","","","","","1","","","Zip-lock bag","Promotional","","","","","","","","","","","","","","5","46","0","0","X","0","","","","","","X","","1","1","0","0","1","","","","","","","","",""
"51434","6598833","1","2025","Extended","Promotional","Miscellaneous","LEGO brand stores","World Play Day M&T","X","WORLDPLAYDAY-1","","","","","","","43","","","None (loose parts)","Promotional","","","","","","","","","","","","6","","62","37","0","4","X","0","","","","","","X","","1","1","0","0","1","","","","","","","","",""
"51559","6598863","1","2025","Extended","Promotional","Miscellaneous","LEGO brand stores","Dragon","X","6598863-1","","","","","","","58","","","None (loose parts)","Promotional","","6598862","5702018093467","","","","","","","","","6","","18","76","0","2","X","0","","","","","","X","","1","1","0","0","1","","","","","","","","",""
"51928","6600034","1","2025","Extended","Promotional","Miscellaneous","Miscellaneous","Microphone","X","6600034-1","","","","","","","85","","","None (loose parts)","Promotional","","","","","","","","","","","","6","","18","41","0","4","X","0","","","","","","","","0","0","0","0","0","","","","","","","","",""
"51585","6603212","1","2025","Extended","Promotional","Miscellaneous","LEGO brand stores","Castle","X","NSSCASTLE-1","","","","","","","62","","","None (loose parts)","Promotional","","6608347","5702018126080","","","","","","","","","6","","29","65","0","2","X","0","","4.6400","","","","X","","1","1","0","0","1","","","","","","","","",""
"52298","6614230","1","2025","Extended","Promotional","Miscellaneous","Miscellaneous","Holiday Kangaroo","X","6614230-1","","","","","","","54","","","None (loose parts)","Promotional","","6625352","5702018194621","","","","","","","","","6","","10","38","0","1","X","0","","","","","","X","","1","1","0","0","1","","","","","","","","",""
"52124","6616332","1","2025","Extended","Promotional","Miscellaneous","Target","TGT Wonderland Dog M&T","X","6616332-1","","","","","","","","","","None (loose parts)","Promotional","6616332","","5702018155196","","","","","","","","","","","2","29","0","0","X","0","","","","","","","","0","0","0","0","0","","","","","","","","",""
"52125","6616333","1","2025","Extended","Promotional","Miscellaneous","Target","TGT Wonderland Cataclaws M&T","X","6616333-1","","","","","","","","","","None (loose parts)","Promotional","6616333","","5702018155219","","","","","","","","","","","2","40","0","0","X","0","","","","","","","","0","0","0","0","0","","","","","","","","",""
"52115","CONTROLLER","1","2025","Other","Promotional","Miscellaneous","LEGO brand stores","Field Sales Gaming M&T","X","CONTROLLER-1","","","","","","","","","","None (loose parts)","Promotional","","6594136","5702018084977","","","","","","","","","","","6","34","0","0","X","0","","","","","","","","0","0","0","0","0","","","","","","","","",""
"52047","CROWN","1","2025","Other","Promotional","Miscellaneous","Miscellaneous","Crown","X","CROWN-1","","","","","","","133","","","None (loose parts)","Promotional","","","","","","","","","","","","10","","8","32","0","3","X","0","","","","","","","","0","0","0","0","0","","","","","","","","",""
"51251","FABULANDMT","1","2025","Other","Promotional","Miscellaneous","LEGO House","Fabuland Tribute Characters M&T","X","FABULANDMT-1","","","","","","","","","","None (loose parts)","Promotional","","","","","","","","","","","","","","39","102","0","0","X","0","","","","","","","","0","0","0","0","0","","","","","","","","",""
"52118","HEADPHONEHOLDER","1","2025","Other","Promotional","Miscellaneous","LEGO brand stores","M&T Gaming Headphoneholder","","","","","","","","","","","","None (loose parts)","Promotional","","6583564","5702018044766","","","","","","","","","","","4","11","0","0","X","0","","","","","","","","0","0","0","0","0","","","","","","","","",""
"52299","HOLIDAYTRAIN","1","2025","Other","Promotional","Miscellaneous","Miscellaneous","Holiday Train","X","HOLIDAYTRAIN-1","","","","","","","","","","None (loose parts)","Promotional","","6605793","5702018118689","","","","","","","","","6","","5","56","0","0","X","0","","","","","","","","0","0","0","0","0","","","","","","","","",""
"52114","LATES","1","2025","Other","Promotional","Miscellaneous","LEGO brand stores","LEGO Lates Mini Art Paintings","X","LATES-1","","","","","","","114","","","None (loose parts)","Promotional","","6605378","5702018114575","","","","","","","","","10","","2","67","0","0","X","0","","","","","","","","0","0","0","0","0","","","","","","","","",""
"52113","LML","1","2025","Other","Promotional","Miscellaneous","LEGO House","M&T LEGO Master Logo","X","LML-1","","","","","","","","","","None (loose parts)","Promotional","","6613935","5702018145531","","","","","","","","","","","20","51","0","0","X","0","","","","","","","","0","0","0","0","0","","","","","","","","",""
"52168","ORNAMENT3","1","2025","Other","Promotional","Miscellaneous","LEGO brand stores","M&T Holiday Ornament Note","X","ORNAMENT3-1","","","","","","","","","","None (loose parts)","Promotional","","6583574","5702018045060","","","","","","","","","6","","4","37","0","0","X","0","","","","","","","","0","0","0","0","0","","","","","","","","",""
"52116","TENNIS","1","2025","Other","Promotional","Miscellaneous","LEGO brand stores","Canada Tennis M&T","X","TENNIS-1","","","","","","","","","","None (loose parts)","Promotional","","6603984","5702018106181","","","","","","","","","","","5","24","0","0","X","0","","","","","","","","0","0","0","0","0","","","","","","","","",""
"51316","TROPHY","1","2025","Other","Promotional","Miscellaneous","LEGO brand stores","Trophy","X","TROPHY-1","","","","","","","56","","","None (loose parts)","Not sold","","","","","","","","","","","","","","23","52","0","2","X","0","","","","","","X","","1","1","0","0","1","","","","","","","","",""
"50406","40707","1","2025","Normal","Seasonal","Miscellaneous","Chinese Traditional Festival","Year of the Snake","X","40707-1","","","","","","","174","","","Box","LEGO exclusive","","6474009","5702017598789","","14","12.2","6","0.183","10","9","8","8","","2695","383","2","3","X","0","12.8000","21.6300","","","","X","","1","1","0","0","1","","","","","","","","",""
"50940","40756","1","2025","Normal","Seasonal","Miscellaneous","Chinese Traditional Festival","Lucky Knots","X","40756-1","","","","","","","317","","","Box","LEGO exclusive","6530169","6530168","5702017830162","673419408622","20.5","19.1","4.6","0.233","21","13","3","10","","4478","309","4","4","X","0","12.8900","9.0000","","01/01/2025 00:00:00","31/12/2025 00:00:00","X","","1","1","0","0","1","","","","","","","","",""
"51232","40764","1","2025","Normal","Seasonal","Miscellaneous","Easter","Easter Bunny Surprise","X","40764-1","","","","","","","217","","","Box","LEGO exclusive","6530185","6530184","5702017830247","","19.1","14.1","6.1","0.255","","","","7","","3461","156","2","4","X","0","8.3400","5.5900","Maddison Stapleton,","24/03/2025 00:00:00","31/05/2025 00:00:00","X","","1","1","0","0","1","","","","","","","","",""
"52287","40779","1","2025","Normal","Seasonal","Miscellaneous","Chinese Traditional Festival","Year of the Horse","X","40779-1","","","","","","","133","","","Box","LEGO exclusive","6530311","6530310","5702017829876","673419408516","15.7","14.1","4.5","0.167","10","9","6","8","","4099","162","2","5","X","3","7.5800","","Maddison Stapleton,","27/12/2025 00:00:00","18/01/2026 00:00:00","X","","1","1","0","0","1","","","","","","","","",""
"50941","40780","1","2025","Normal","Seasonal","Miscellaneous","Birthday","Birthday Cake","X","40780-1","","","","","","","160","","","Box","LEGO exclusive","6530979","6530978","5702017830674","673419408394","19.1","14.1","4.6","0.2","8","8","8","7","","299","302","2","3","X","0","12.5400","","Maddison Stapleton,","01/01/2025 00:00:00","31/12/2025 00:00:00","X","","1","1","0","0","1","","","","","","","","",""
"51274","40807","1","2025","Normal","Seasonal","Miscellaneous","Birthday","Birthday Numbers","X","40807-1","19.99","17.99","24.99","19.99","03/05/2025 00:00:00","04/05/2026 00:00:00","281","","","Box","Retail - limited","6531179","6531178","5702017830810","673419408837","26.2","14.1","7.2","0.384","7.5","4.5","3","6","","275","190","2","7","X","0","","","Leonard Bahro,","01/06/2025 00:00:00","31/12/2026 00:00:00","X","","1","1","0","0","1","","","","","","","","",""
"50677","40808","1","2025","Normal","Seasonal","Miscellaneous","Easter","Easter Bunny and Chick Egg Hunt","X","40808-1","12.99","10.99","16.99","12.99","03/01/2025 00:00:00","04/05/2026 00:00:00","140","","","Box","LEGO exclusive","6530987","6530986","5702017830735","673419408431","14.1","19.1","4.6","0.172","14","15","10","8","","1047","264","2","7","X","0","14.5900","","Mina Yoo,","01/02/2025 00:00:00","31/12/2026 00:00:00","X","","1","1","0","0","1","","","","","","","","",""
"51627","40809","1","2025","Normal","Seasonal","Miscellaneous","Christmas","Festive Gingerbread House","X","40809-1","39.99","34.99","49.99","39.99","02/09/2025 00:00:00","04/05/2026 00:00:00","498","1","hol362,","Box","LEGO exclusive","6531199","6531198","5702017830995","673419409056","26","19","11.5","0.707","12.5","11.5","15","10","","2105","1047","2","9","X","0","52.0600","","","01/10/2025 00:00:00","31/12/2027 00:00:00","X","","1","1","0","0","1","","","","","","","","",""
"51538","40811","1","2025","Normal","Seasonal","Miscellaneous","Día de los Muertos","Altar of the Dead","X","40811-1","14.99","12.99","17.99","14.99","03/07/2025 00:00:00","04/05/2026 00:00:00","231","","","Box","Retail","6531191","6531190","5702017830858","673419408929","19.1","14.1","6.1","0.264","10","9","8","9","","1179","330","2","6","X","5","21.5800","","","01/08/2025 00:00:00","31/12/2027 00:00:00","X","","1","1","0","0","1","","","","","","","","",""
"51626","40812","1","2025","Normal","Seasonal","Miscellaneous","Christmas","Snowman Ornaments","X","40812-1","12.99","10.99","16.99","12.99","02/09/2025 00:00:00","04/05/2026 00:00:00","168","","","Box","LEGO exclusive","6531201","6531200","5702017831008","673419409063","15.5","14","6","0.183","","","","6","","1463","331","2","7","X","0","15.9700","","","01/10/2025 00:00:00","31/12/2026 00:00:00","X","","1","1","0","0","1","","","","","","","","",""
"50545","40813","1","2025","Normal","Seasonal","Miscellaneous","Chinese Traditional Festival","Lucky Cat","X","40813-1","29.99","24.99","39.99","29.99","07/11/2024 00:00:00","04/05/2026 00:00:00","280","","","Box","Retail","6523866","6523867","5702017801988","673419403061","18.9","26","6","0.413","","","","9","","2102","844","2","6","X","5","25.6800","","Mina Yoo,","","","X","","1","1","0","0","1","","","","","","","","",""
"51359","40815","1","2025","Normal","Seasonal","Miscellaneous","Birthday","Birthday Party Cake","X","40815-1","14.99","12.99","17.99","14.99","03/05/2025 00:00:00","04/05/2026 00:00:00","219","","","Box","LEGO exclusive","6531183","6531182","5702017830872","673419408950","19.1","14.1","6.1","0.235","7","9","9","7","","336","183","2","7","X","0","17.5900","","","01/06/2025 00:00:00","31/12/2026 00:00:00","X","","1","1","0","0","1","","","","","","","","",""
"50678","40816","1","2025","Normal","Seasonal","Miscellaneous","Easter","Decorative Easter Egg","X","40816-1","19.99","17.99","24.99","19.99","03/01/2025 00:00:00","04/05/2026 00:00:00","386","","","Box","LEGO exclusive","6530989","6530988","5702017830742","673419408448","19.1","20.5","6.1","0.294","10","7","7","9","","711","185","2","8","X","0","19.9900","","","01/02/2025 00:00:00","31/12/2026 00:00:00","X","","1","1","0","0","1","","","","","","","","",""
"51625","40820","1","2025","Normal","Seasonal","Miscellaneous","Christmas","Up-Scaled Santa Minifigure","X","40820-1","59.99","54.99","79.99","59.99","02/09/2025 00:00:00","04/05/2026 00:00:00","761","","","Box","LEGO exclusive","6531203","6531202","5702017831015","673419409070","","","","","","","","10","","3053","1110","2","6","X","0","67.6200","","","01/10/2025 00:00:00","","X","","1","1","0","0","1","","","","","","","","",""
"50889","40821","1","2025","Normal","Seasonal","Miscellaneous","Valentine's Day","Love Bears","X","40821-1","14.99","12.99","17.99","14.99","03/12/2024 00:00:00","28/11/2025 00:00:00","287","","","Box","LEGO exclusive","6530981","6530980","5702017830698","673419408400","19.1","14.1","6.1","0.226","","","","9","","979","240","2","8","X","3","19.1100","13.4200","","01/01/2025 00:00:00","31/12/2025 00:00:00","X","","1","1","0","0","1","","","","","","","","",""
"51539","40822","1","2025","Normal","Seasonal","Miscellaneous","Halloween","Jack-O'-Lantern Pickup Truck","X","40822-1","14.99","12.99","17.99","14.99","03/07/2025 00:00:00","04/05/2026 00:00:00","177","1","hol375,","Box","Retail","6531193","6531192","5702017830865","673419408936","15.7","14.1","6.1","0.197","10","8","6","8","","1981","545","2","8","X","0","16.4700","13.0000","","01/08/2025 00:00:00","31/12/2026 00:00:00","X","","1","1","0","0","1","","","","","","","","",""
"50890","40824","1","2025","Normal","Seasonal","Miscellaneous","Looney Tunes","Sweetheart Tweety Bird","X","40824-1","34.99","29.99","44.99","34.99","03/12/2024 00:00:00","04/05/2026 00:00:00","412","","","Box","LEGO exclusive","6530210","6530209","5702017830582","673419408820","26.2","19.1","7.2","0.53","","","","12","","1235","520","2","6","X","0","20.4200","6.2500","","01/01/2025 00:00:00","31/12/2026 00:00:00","X","","1","1","0","0","1","","","","","","","","",""
"51540","40825","1","2025","Normal","Seasonal","Miscellaneous","Halloween","Halloween Wreath","X","40825-1","39.99","34.99","49.99","39.99","03/07/2025 00:00:00","04/05/2026 00:00:00","617","","","Box","Retail","6531205","6531204","5702017831022","673419409087","28.2","26.2","5.9","0.642","","","","12","","1246","597","2","6","X","0","46.8400","","","01/08/2025 00:00:00","31/12/2027 00:00:00","X","","1","1","0","0","1","","","","","","","","",""
"52020","41843","1","2025","Normal","Seasonal","Miscellaneous","Christmas","Family Christmas Tree Decoration","X","41843-1","329.99","269.99","379.99","299.99","10/09/2025 00:00:00","04/05/2026 00:00:00","3171","7","hol381,hol382,hol383,hol384,hol385,hol386,hol387,","Box","LEGO exclusive","6529094","6529093","5702017823133","673419407274","47.5","37.6","20.6","","33","46","35","9","","924","1230","29","13","X","0","324.4900","","Boone Langston,Samuel Johnson,","01/10/2025 00:00:00","31/12/2026 00:00:00","X","","1","1","0","0","1","","","","","","","","",""
"51253","66801","1","2025","Collection","Seasonal","Miscellaneous","Easter","Springtime Animal Play Pack","X","66801-1","15","","","","","","382","","","Box","Retail - limited","","","","","","","","","","","","8","","162","35","0","0","X","0","10.5600","","","","","X","","1","1","0","0","1","","","","","","","","",""
"50546","80116","1","2025","Normal","Seasonal","Miscellaneous","Chinese Traditional Festival","Trotting Lantern","X","80116-1","129.99","89.99","169.99","99.99","07/11/2024 00:00:00","28/11/2025 00:00:00","1295","5","hol370,hol371,hol372,hol373,hol374,","Box","Retail","6516157","6516156","5702017777771","673419401012","","","","","","","","9","","1856","578","6","11","X","0","91.3800","52.8300","Lewis Johnson,Niels M. Frederiksen,","","","X","","1","1","0","0","1","","","","","","","","",""
"50547","80117","1","2025","Normal","Seasonal","Miscellaneous","Chinese Traditional Festival","Good Fortune","X","80117-1","89.99","69.99","119.99","79.99","07/11/2024 00:00:00","04/02/2026 00:00:00","1021","","","Box","Retail","6516160","6516159","5702017777795","673419401029","","","","","20","28","17","9","","1980","480","6","10","X","0","54.6300","67.5200","","","","X","","1","1","0","0","1","","","","","","","","",""
"52278","5009616","1","2025","Extended","Seasonal","Miscellaneous","Thanksgiving","Turkey Time Build","X","6602968-1","","","","","","","41","","","Zip-lock bag","Promotional","6602968","","","673419429504","","","","","","","","10","","42","85","0","0","X","0","","","","","","","","0","0","0","0","0","","","","","","","","",""
"52266","6602967","1","2025","Extended","Seasonal","Miscellaneous","Christmas","Holiday Snowman","X","6602967-1","","","","","","","130","","","Zip-lock bag","Promotional","6602967","","","673419429498","","","","","","","","10","","79","97","0","1","X","0","","","","","","","","0","0","0","0","0","","","","","","","","",""
"52321","6606295","1","2025","Extended","Seasonal","Miscellaneous","Christmas","Holiday Train","X","6606295-1","","","","","","","131","","","{Not specified}","{Not specified}","","","","","","","","","","","","","","14","100","0","0","X","0","","","","","","","","0","0","0","0","0","","","","","","","","",""
"50453","30704","1","2025","Normal","Sonic the Hedgehog","Licensed","Classic Games","Balkiry Attack","X","30704-1","","","","","","","42","","","Polybag","LEGO exclusive","6527991","6527990","","","17","18","3","","","","","6","","1328","338","2","4","X","0","4.1600","","","01/01/2025 00:00:00","31/12/2025 00:00:00","X","","1","1","0","0","1","","","","","","","","",""
"51630","40769","1","2025","Normal","Sonic the Hedgehog","Licensed","Promotional","SEGA Genesis Controller","X","40769-1","","","","","","","260","","","Box","LEGO exclusive","6530295","6530294","5702017829791","673419408134","26.2","19.1","4.6","","10","15","3","18","","3310","449","2","5","X","0","30.7900","14.7700","","08/09/2025 00:00:00","31/12/2025 00:00:00","X","","1","1","0","0","1","","","","","","","","",""
"51152","40781","1","2025","Normal","Sonic the Hedgehog","Licensed","Promotional","Badnik: Crabmeat","X","40781-1","","","","","","","181","","","Box","LEGO exclusive","6530983","6530982","","673419408417","19.1","14.1","6.1","","","","","9","","832","306","2","3","X","0","21.8200","19.9900","","01/02/2025 00:00:00","31/12/2025 00:00:00","X","","1","1","0","0","1","","","","","","","","",""
"50430","77001","1","2025","Normal","Sonic the Hedgehog","Licensed","Modern Games","Sonic's Campfire Clash","X","77001-1","19.99","17.99","24.99","19.99","25/09/2024 00:00:00","04/05/2026 00:00:00","177","1","son027,","Box","Retail","6526975","6526974","5702017815572","673419404808","26.2","19.1","4.6","","2","6","6","7","","574","322","2","10","X","0","13.3500","","Isaac Snyder,","01/01/2025 00:00:00","31/12/2026 00:00:00","X","","1","1","0","0","1","","","","","","","","",""
"50431","77002","1","2025","Normal","Sonic the Hedgehog","Licensed","Modern Games","Cyclone vs. Metal Sonic","X","77002-1","29.99","24.99","39.99","29.99","30/10/2024 00:00:00","04/05/2026 00:00:00","290","2","son028,son029,","Box","Retail","6526977","6526976","5702017815589","673419404815","19.1","26.2","6.1","","14","15","15","8","","1118","572","2","5","X","10","23.9400","25.0000","Aron Gerencser,","01/01/2025 00:00:00","31/12/2026 00:00:00","X","","1","1","0","0","1","","","","","","","","",""
"50432","77003","1","2025","Normal","Sonic the Hedgehog","Licensed","Modern Games","Super Shadow vs. Biolizard","X","77003-1","44.99","39.99","59.99","44.99","25/09/2024 00:00:00","04/05/2026 00:00:00","419","2","son019,son026,","Box","Retail","6526980","6526979","5702017815596","673419404822","38.2","26.2","5.7","","38","15","8","9","","936","547","2","5","X","10","38.9000","40.0000","","01/01/2025 00:00:00","31/07/2026 00:00:00","X","","1","1","0","0","1","","","","","","","","",""
"51180","77005","1","2025","Normal","Sonic the Hedgehog","Licensed","Modern Games","Knuckles vs. Dr. Eggman Egg Crusher Mech","X","77005-1","44.99","34.99","49.99","39.99","07/05/2025 00:00:00","04/05/2026 00:00:00","350","2","son003,son021,","Box","Retail","6526982","6526981","5702017815602","673419404839","28.2","26.2","5.9","","","","","8","","302","382","2","7","X","0","34.9900","28.9600","Isaac Snyder,","01/08/2025 00:00:00","31/12/2026 00:00:00","X","","1","1","0","0","1","","","","","","","","",""
"51181","77006","1","2025","Normal","Sonic the Hedgehog","Licensed","Classic Games","Team Sonic Command Truck","X","77006-1","69.99","59.99","89.99","69.99","07/05/2025 00:00:00","04/05/2026 00:00:00","747","5","son004,son018,son029,son030,son031,","Box","Retail","6526984","6526983","5702017815619","673419404846","45.6","28.2","6.1","","27","12","9","8","","227","377","2","10","X","0","72.6600","","","01/08/2025 00:00:00","31/12/2026 00:00:00","X","","1","1","0","0","1","","","","","","","","",""
"50458","30709","1","2025","Normal","Speed Champions","Licensed","Ferrari","Ferrari 499P - Hypercar","X","30709-1","4.99","","","3.99","","","62","","","Paper bag","Retail - limited","6528001","6528000","5702017820224","","17","18","3","0.044","","","","7","","3622","523","2","4","X","3","3.8500","","Marin Stipkovic,","01/03/2025 00:00:00","31/12/2025 00:00:00","X","","1","1","0","0","1","","","","","","","","",""
"50820","66802","1","2025","Collection","Speed Champions","Licensed","Product Collection","Ultimate Formula 1 Collector's Pack","X","66802-1","269.99","","","","","","2601","","","Box","Retail - limited","6560522","","","673419416399","53.9","25.5","14.7","3.16","","","","18","","514","971","4","2","X","0","341.1800","","","01/03/2025 00:00:00","31/12/2025 00:00:00","X","","1","1","0","0","1","","","","","","","","",""
"51121","77237","1","2025","Normal","Speed Champions","Licensed","Dodge","Dodge Challenger SRT Hellcat","X","77237-1","26.99","22.99","34.99","26.99","02/05/2025 00:00:00","04/05/2026 00:00:00","390","1","sc137,","Box","Retail","6526986","6526985","5702017816043","673419405225","26.2","14.1","9.1","","17","4","7","9","","4003","1672","2","6","X","10","19.1900","17.6100","Leon Pijnenburg,","01/08/2025 00:00:00","31/07/2027 00:00:00","X","","1","1","0","0","1","","","","","","","","",""
"51120","77238","1","2025","Normal","Speed Champions","Licensed","Lamborghini","Lamborghini Revuelto & Lamborghini Huracán STO","X","77238-1","49.99","44.99","64.99","49.99","02/05/2025 00:00:00","04/05/2026 00:00:00","607","2","sc134,sc135,","Box","Retail","6526988","6526987","5702017816067","673419405232","35.4","19.1","7","","16","4","8","10","","3466","1627","4","10","X","0","47.1000","18.0000","","01/08/2025 00:00:00","31/12/2027 00:00:00","X","","1","1","0","0","1","","","","","","","","",""
"51119","77239","1","2025","Normal","Speed Champions","Licensed","Porsche","Porsche 911 GT3 RS","X","77239-1","26.99","22.99","34.99","26.99","02/05/2025 00:00:00","04/05/2026 00:00:00","348","1","sc133,","Box","Retail","6526990","6526989","5702017816074","673419405249","26.2","14.1","9.1","","16","5","7","9","","4499","1623","2","11","X","5","19.9400","20.8200","","01/08/2025 00:00:00","31/12/2027 00:00:00","X","","1","1","0","0","1","","","","","","","","",""
"51118","77240","1","2025","Normal","Speed Champions","Licensed","Bugatti","Bugatti Centodieci","X","77240-1","26.99","22.99","34.99","26.99","02/05/2025 00:00:00","04/05/2026 00:00:00","291","1","sc136,","Box","Retail","6526992","6526991","5702017816081","673419405256","26.2","14.1","7.2","","15","4","7","9","","3857","1658","2","10","X","0","18.8500","18.3900","","01/08/2025 00:00:00","31/07/2027 00:00:00","X","","1","1","0","0","1","","","","","","","","",""
"51117","77241","1","2025","Normal","Speed Champions","Licensed","Honda","2 Fast 2 Furious Honda S2000","X","77241-1","26.99","22.99","34.99","26.99","26/03/2025 00:00:00","04/05/2026 00:00:00","300","1","sc132,","Box","Retail","6532586","6532585","5702017836416","673419409162","26.2","14.1","7.2","","16","4","7","9","","4724","2176","2","8","X","10","26.5300","19.0000","Markus Rollbühler,","01/06/2025 00:00:00","31/12/2027 00:00:00","X","","1","1","0","0","1","","","","","","","","",""
"50698","77242","1","2025","Normal","Speed Champions","Licensed","Formula 1","Ferrari SF-24","X","77242-1","26.99","22.99","34.99","26.99","22/11/2024 00:00:00","04/05/2026 00:00:00","275","1","sc122,","Box","Retail","6526994","6526993","5702017816098","673419405270","26.2","14.1","4.8","","20","4","7","10","","8055","1099","1","9","X","7","17.1300","16.1900","","01/03/2025 00:00:00","31/12/2026 00:00:00","X","","1","1","0","0","1","","","","","","","","",""
"50699","77243","1","2025","Normal","Speed Champions","Licensed","Formula 1","Oracle Red Bull Racing RB20","X","77243-1","26.99","22.99","34.99","26.99","22/11/2024 00:00:00","04/05/2026 00:00:00","251","1","sc123,","Box","Retail","6526996","6526995","5702017816104","673419405287","26.2","14.1","4.8","","20","4","7","18","","7883","1069","2","6","X","5","15.9600","20.3700","Marin Stipkovic,","01/03/2025 00:00:00","31/12/2026 00:00:00","X","","1","1","0","0","1","","","","","","","","",""
"50700","77244","1","2025","Normal","Speed Champions","Licensed","Formula 1","Mercedes-AMG PETRONAS F1 Team W15 E Performance","X","77244-1","26.99","22.99","34.99","26.99","22/11/2024 00:00:00","04/05/2026 00:00:00","267","1","sc124,","Box","Retail","6526998","6526997","5702017816111","673419405294","26.2","14.1","4.8","","20","2","8","10","","5952","1024","1","10","X","0","16.0700","15.9700","","01/03/2025 00:00:00","31/12/2026 00:00:00","X","","1","1","0","0","1","","","","","","","","",""
"50701","77245","1","2025","Normal","Speed Champions","Licensed","Formula 1","Aston Martin Aramco F1 AMR24","X","77245-1","26.99","22.99","34.99","26.99","22/11/2024 00:00:00","04/05/2026 00:00:00","269","1","sc125,","Box","Retail","6527000","6526999","5702017816128","673419405300","26.2","14.1","4.8","","20","4","7","10","","4831","1008","1","8","X","0","16.1500","","","01/03/2025 00:00:00","31/12/2026 00:00:00","X","","1","1","0","0","1","","","","","","","","",""
"50702","77246","1","2025","Normal","Speed Champions","Licensed","Formula 1","Visa Cash App VCARB 01","X","77246-1","26.99","22.99","34.99","26.99","22/11/2024 00:00:00","04/05/2026 00:00:00","248","1","sc126,","Box","Retail","6527002","6527001","5702017816135","673419405317","26.2","14.1","4.8","","20","4","8","18","","4575","1046","2","6","X","0","18.8300","18.2500","","01/03/2025 00:00:00","31/12/2026 00:00:00","X","","1","1","0","0","1","","","","","","","","",""
"50703","77247","1","2025","Normal","Speed Champions","Licensed","Formula 1","KICK Sauber F1 Team C44","X","77247-1","26.99","22.99","34.99","26.99","22/11/2024 00:00:00","06/12/2025 00:00:00","259","1","sc127,","Box","Retail","6527004","6527003","5702017816142","673419405324","26.2","14.1","4.8","","20","4","7","10","","4736","991","2","9","X","0","30.9800","16.6600","","01/03/2025 00:00:00","31/12/2025 00:00:00","X","","1","1","0","0","1","","","","","","","","",""
"50704","77248","1","2025","Normal","Speed Champions","Licensed","Formula 1","BWT Alpine F1 Team A524","X","77248-1","26.99","22.99","34.99","26.99","22/11/2024 00:00:00","04/05/2026 00:00:00","258","1","sc128,","Box","Retail","6527006","6527005","5702017816159","673419405331","26.2","14.1","4.8","","20","4","7","10","","4658","988","1","9","X","0","18.1300","15.0000","Marin Stipkovic,","01/03/2025 00:00:00","31/12/2026 00:00:00","X","","1","1","0","0","1","","","","","","","","",""
"50705","77249","1","2025","Normal","Speed Champions","Licensed","Formula 1","Williams Racing FW46","X","77249-1","26.99","22.99","34.99","26.99","22/11/2024 00:00:00","04/05/2026 00:00:00","263","1","sc129,","Box","Retail","6527008","6527007","5702017816166","673419405348","26.2","14.1","4.8","","20","4","8","10","","4822","1060","2","9","X","4","19.7000","15.9700","","01/03/2025 00:00:00","31/12/2026 00:00:00","X","","1","1","0","0","1","","","","","","","","",""
"50706","77250","1","2025","Normal","Speed Champions","Licensed","Formula 1","MoneyGram Haas F1 Team VF-24","X","77250-1","26.99","22.99","34.99","26.99","22/11/2024 00:00:00","04/05/2026 00:00:00","242","1","sc130,","Box","Retail","6527010","6527009","5702017816173","673419405355","26.2","14.1","4.8","","20","4","7","10","","4497","1045","2","7","X","0","17.1400","15.9400","","01/03/2025 00:00:00","31/12/2026 00:00:00","X","","1","1","0","0","1","","","","","","","","",""
"50707","77251","1","2025","Normal","Speed Champions","Licensed","Formula 1","McLaren F1 Team MCL38","X","77251-1","26.99","22.99","34.99","26.99","22/11/2024 00:00:00","04/05/2026 00:00:00","269","1","sc131,","Box","Retail","6527012","6527011","5702017816180","673419405362","26.2","14.1","4.8","","20","4","7","10","","5929","1060","2","10","X","0","16.4200","13.2100","Marin Stipkovic,","01/03/2025 00:00:00","31/12/2026 00:00:00","X","","1","1","0","0","1","","","","","","","","",""
"50457","30708","1","2025","Normal","Star Wars","Licensed","Episode IV","Millennium Falcon","X","30708-1","4.99","","","3.99","","","74","","","Paper bag","Retail - limited","6527999","6527998","5702017819402","673419406871","17","18","3","0.055","","","","6","","10044","469","2","4","X","9","4.0100","4.1500","","01/03/2025 00:00:00","31/12/2025 00:00:00","X","","1","1","0","0","1","","","","","","","","",""
"51234","40765","1","2025","Normal","Star Wars","Licensed","Promotional","Kamino Training Facility","X","40765-1","","","","","","","190","3","sw1408,","Box","LEGO exclusive","6530187","6530186","5702017830254","673419408714","20.5","19.1","4.6","","24","5","8","10","","8475","1074","2","4","X","0","36.3600","32.4200","","01/05/2025 00:00:00","31/05/2025 00:00:00","X","","1","1","0","0","1","","","","","","","","",""
"51306","40771","1","2025","Normal","Star Wars","Licensed","Promotional","TIE Fighter with Imperial Hangar Rack","X","40771-1","","","","","","","236","3","sw1455,sw1456,sw1484,","Box","LEGO exclusive","6530299","6530298","5702017829814","673419408455","20.5","19.1","6.1","","11","9","8","10","","1582","837","2","7","X","0","118.5500","118.2200","","01/10/2025 00:00:00","31/12/2025 00:00:00","X","","1","1","0","0","1","","","","","","","","",""
"51283","40806","1","2025","Normal","Star Wars","Licensed","Seasonal","Gingerbread AT-AT Walker","X","40806-1","59.99","54.99","79.99","59.99","02/09/2025 00:00:00","04/05/2026 00:00:00","697","1","sw1483,","Box","LEGO exclusive","6530329","6530328","5702017829968","673419408615","","","","","19","23","10","10","","5438","2540","2","5","X","4","90.8900","29.9900","","01/10/2025 00:00:00","31/12/2027 00:00:00","X","","1","1","0","0","1","","","","","","","","",""
"51546","66804","1","2025","Collection","Star Wars","Licensed","Product Collection","Star Wars: The Clone Wars and The Mandalorian Gift Set","X","66804-1","44.99","","","","","","423","","","Box","Retail - limited","6578573","","","","49.5","19.7","4.9","","","","","7","","460","219","0","0","X","0","102.9500","","","01/08/2025 00:00:00","31/12/2025 00:00:00","X","","1","1","0","0","1","","","","","","","","",""
"51545","66808","1","2025","Collection","Star Wars","Licensed","Product Collection","Epic Battle Set","X","66808-1","204.99","","","","","","1308","","","Box","Retail - limited","6578577","","","","55.7","28.7","13","","","","","9","","152","482","3","1","X","0","","","","01/08/2025 00:00:00","31/12/2025 00:00:00","X","","1","1","0","0","1","","","","","","","","",""
"51091","75399","1","2025","Normal","Star Wars","Licensed","Andor","Rebel U-wing Starfighter","X","75399-1","69.99","59.99","89.99","69.99","16/04/2025 00:00:00","04/05/2026 00:00:00","594","4","sw1409,sw1410,sw1411,sw1412,","Box","Retail","6527513","6527512","5702017817439","673419405980","35.4","19.1","9.1","","41","16","9","8","","5586","2250","2","7","X","4","53.6100","43.4900","César Soares,","01/05/2025 00:00:00","31/12/2026 00:00:00","X","","1","1","0","0","1","","","","","","","","",""
"51092","75400","1","2025","Normal","Star Wars","Licensed","Microfighters","Plo Koon's Jedi Starfighter Microfighter","X","75400-1","14.99","12.99","17.99","14.99","03/05/2025 00:00:00","04/05/2026 00:00:00","89","1","sw1414,","Box","Retail","6527515","6527514","5702017817446","673419405997","14.1","12.2","4.6","","11","3","8","6","","8817","1819","2","8","X","9","12.0700","9.1900","Daniel Lehmann,","01/06/2025 00:00:00","31/12/2026 00:00:00","X","","1","1","0","0","1","","","","","","","","",""
"50708","75401","1","2025","Normal","Star Wars","Licensed","The Clone Wars","Ahsoka's Jedi Interceptor","X","75401-1","44.99","39.99","59.99","44.99","03/12/2024 00:00:00","02/05/2026 00:00:00","290","3","sw1396,sw1397,sw1398,","Box","Retail","6527517","6527516","5702017817453","673419406000","26.2","19.1","6.1","","19","17","6","8","","7988","2411","2","10","X","8","35.3900","25.6900","Daniel Lehmann,","01/01/2025 00:00:00","31/07/2026 00:00:00","X","","1","1","0","0","1","","","","","","","","",""
"50851","75402","1","2025","Normal","Star Wars","Licensed","The Clone Wars","ARC-170 Starfighter","X","75402-1","69.99","59.99","89.99","69.99","03/12/2024 00:00:00","04/05/2026 00:00:00","497","4","sw1399,sw1400,sw1401,sw1402,","Box","Retail","6527519","6527518","5702017817460","673419406017","35.4","19.1","9.1","","29","36","8","9","","7096","2659","4","19","X","11","50.2100","39.0300","","01/01/2025 00:00:00","31/07/2027 00:00:00","X","","1","1","0","0","1","","","","","","","","",""
"50829","75403","1","2025","Normal","Star Wars","Licensed","The Mandalorian","Grogu with Hover Pram","X","75403-1","99.99","89.99","129.99","99.99","03/12/2024 00:00:00","04/05/2026 00:00:00","1048","1","sw1113,","Box","Retail","6527521","6527520","5702017817477","673419406024","26.2","38.2","9.4","","19","18","16","10","","4218","1573","4","9","X","4","68.6300","46.7300","George Gilliatt,","01/01/2025 00:00:00","31/12/2027 00:00:00","X","","1","1","0","0","1","","","","","","","","",""
"50709","75404","1","2025","Normal","Star Wars","Licensed","Starship Collection","Acclamator-class Assault Ship","X","75404-1","49.99","44.99","64.99","49.99","03/12/2024 00:00:00","04/05/2026 00:00:00","450","","","Box","Retail","6527523","6527522","5702017817262","673419406031","28.2","26.2","5.9","","15","23","13","18","","5964","1795","7","10","X","0","37.6900","30.0400","Jme Wheeler,","01/01/2025 00:00:00","31/07/2026 00:00:00","X","","1","1","0","0","1","","","","","","","","",""
"50710","75405","1","2025","Normal","Star Wars","Licensed","Starship Collection","Home One Starcruiser","X","75405-1","69.99","59.99","89.99","69.99","03/12/2024 00:00:00","04/05/2026 00:00:00","559","","","Box","Retail","6527525","6527524","5702017817576","673419406048","35.4","19.1","9.1","","14","33","14","18","","4869","1861","7","9","X","3","48.4600","33.2400","Niels Bundesen,","01/01/2025 00:00:00","31/07/2026 00:00:00","X","","1","1","0","0","1","","","","","","","","",""
"51088","75406","1","2025","Normal","Star Wars","Licensed","Starship Collection","Kylo Ren's Command Shuttle","X","75406-1","69.99","59.99","89.99","69.99","16/04/2025 00:00:00","04/05/2026 00:00:00","386","","","Box","Retail","6529419","6529418","5702017824574","673419407496","28.2","26.2","7.6","","26","13","44","18","","2069","1631","7","10","X","0","47.4600","37.2500","Marina Stampoli,","01/05/2025 00:00:00","31/12/2026 00:00:00","X","","1","1","0","0","1","","","","","","","","",""
"51093","75407","1","2025","Normal","Star Wars","Licensed","Miscellaneous","Brick-Built Star Wars Logo","X","75407-1","59.99","59.99","79.99","69.99","16/04/2025 00:00:00","04/05/2026 00:00:00","700","","","Box","Retail","6527527","6527526","5702017817583","673419406055","35.4","19.1","9.1","","13","30","3","18","","6531","1851","9","10","X","0","44.9700","35.2900","Robert Heim,","18/04/2025 00:00:00","31/12/2027 00:00:00","X","","1","1","0","0","1","","","","","","","","",""
"51094","75408","1","2025","Normal","Star Wars","Licensed","Helmet Collection","Jango Fett Helmet","X","75408-1","69.99","69.99","89.99","79.99","16/04/2025 00:00:00","04/05/2026 00:00:00","616","","","Box","Retail","6527529","6527528","5702017817590","673419406062","19.1","35.4","9.1","","21","12","11","18","","4232","1830","7","7","X","0","66.9700","47.6600","Niels Bundesen,","01/05/2025 00:00:00","31/07/2027 00:00:00","X","","1","1","0","0","1","","","","","","","","",""
"51017","75409","1","2025","Normal","Star Wars","Licensed","Ultimate Collector Series","Jango Fett's Starship","X","75409-1","299.99","259.99","379.99","299.99","16/04/2025 00:00:00","04/05/2026 00:00:00","2970","2","sw1406,sw1407,","Box","LEGO exclusive","6529120","6529119","5702017824178","673419407380","37.8","55.5","13.2","","","","","18","","5198","3223","9","17","X","10","242.2900","206.2800","Jackson Hughes,","01/05/2025 00:00:00","31/12/2027 00:00:00","X","","1","1","0","0","1","","","","","","","","",""
"50711","75410","1","2025","Normal","Star Wars","Licensed","The Mandalorian","Mando and Grogu's N-1 Starfighter","X","75410-1","29.99","24.99","39.99","29.99","03/12/2024 00:00:00","04/05/2026 00:00:00","92","3","sw1113,sw1258,sw1403,","Box","Retail","6527531","6527530","5702017817606","673419406079","26.2","19.1","4.6","","22","17","5","4","","1932","994","4","9","X","3","18.1900","13.5000","","01/01/2025 00:00:00","31/12/2026 00:00:00","X","","1","1","0","0","1","","","","","","","","",""
"51095","75411","1","2025","Normal","Star Wars","Licensed","Mechs","Darth Maul Mech","X","75411-1","17.99","12.99","17.99","14.99","03/05/2025 00:00:00","04/05/2026 00:00:00","143","2","sw1415,sw1419,","Box","Retail","6527533","6527532","5702017817613","673419406086","14.1","15.7","4.5","","","","","6","","2833","736","2","8","X","4","12.2900","7.3700","","01/06/2025 00:00:00","31/07/2027 00:00:00","X","","1","1","0","0","1","","","","","","","","",""
"51096","75412","1","2025","Normal","Star Wars","Licensed","Ahsoka","Death Trooper & Night Trooper Battle Pack","X","75412-1","22.99","17.99","24.99","19.99","03/05/2025 00:00:00","04/05/2026 00:00:00","119","4","sw1358,sw1416,sw1417,","Box","Retail","6527535","6527534","5702017817620","673419406093","15.7","14.1","4.5","","6","9","7","6","","6435","1822","2","9","X","0","14.5000","13.6900","John Ho,","01/06/2025 00:00:00","31/12/2026 00:00:00","X","","1","1","0","0","1","","","","","","","","",""
"51097","75413","1","2025","Normal","Star Wars","Licensed","The Clone Wars","Republic Juggernaut","X","75413-1","159.99","139.99","199.99","149.99","02/07/2025 00:00:00","04/05/2026 00:00:00","813","8","sw0001c,sw1430,sw1431,sw1432,","Box","Retail","6527537","6527536","5702017817637","673419406109","54","28.2","5.9","","16","31","13","9","","2083","2547","2","13","X","0","131.3600","100.0000","","01/08/2025 00:00:00","31/12/2026 00:00:00","X","","1","1","0","0","1","","","","","","","","",""
"51089","75414","1","2025","Normal","Star Wars","Licensed","Rebuild the Galaxy","The Force Burner Snowspeeder","X","75414-1","54.99","44.99","64.99","49.99","03/07/2025 00:00:00","04/05/2026 00:00:00","349","3","sw1436,sw1437,sw1438,","Box","Retail","6527539","6527538","5702017817644","673419406116","26.2","19.1","7.2","","17","13","5","7","","2389","1528","2","11","X","0","39.7300","","Daniel Lehmann,","01/08/2025 00:00:00","31/12/2026 00:00:00","X","","1","1","0","0","1","","","","","","","","",""
"51286","75415","1","2025","Normal","Star Wars","Licensed","Helmet Collection","Kylo Ren Helmet","X","75415-1","69.99","59.99","89.99","69.99","16/04/2025 00:00:00","04/05/2026 00:00:00","529","","","Box","Retail","6529421","6529420","5702017824581","673419407502","19.1","35.4","9.1","","18","11","13","18","","3096","1697","7","7","X","0","60.2200","52.2200","Daniel Lehmann,","01/05/2025 00:00:00","31/12/2026 00:00:00","X","","1","1","0","0","1","","","","","","","","",""
"51098","75416","1","2025","Normal","Star Wars","Licensed","Ahsoka","Chopper (C1-10P)","X","75416-1","99.99","94.99","129.99","109.99","16/04/2025 00:00:00","04/05/2026 00:00:00","1039","1","sw1308,","Box","Retail","6527541","6527540","5702017817651","673419406123","26.2","38.2","9.4","","","","","10","","3736","2076","2","8","X","0","93.7200","70.0000","Jme Wheeler,","01/05/2025 00:00:00","31/07/2027 00:00:00","X","","1","1","0","0","1","","","","","","","","",""
"51001","75417","1","2025","Normal","Star Wars","Licensed","Ultimate Collector Series","AT-ST","X","75417-1","199.99","179.99","259.99","199.99","04/07/2025 00:00:00","03/05/2026 00:00:00","1513","1","sw1420,","Box","LEGO exclusive","6527543","6527542","5702017817668","673419406130","37.8","48","9.4","","37","22","22","18","","3146","2287","7","13","X","0","153.2100","112.6900","Niels Bundesen,","01/08/2025 00:00:00","31/12/2027 00:00:00","X","","1","1","0","0","1","","","","","","","","",""
"51099","75418","1","2025","Normal","Star Wars","Licensed","Seasonal","LEGO Star Wars Advent Calendar 2025","X","75418-1","44.99","29.99","59.99","34.99","02/05/2025 00:00:00","10/02/2026 00:00:00","263","16","sw1211,sw1321,sw1397,sw1439,sw1440,sw1441,sw1442,sw1443,sw1444,sw1445,sw1446,sw1447,sw1448,sw1449,sw1450,sw1451,","Box","Retail","6527545","6527544","5702017816906","673419405409","","","","","","","","6","","5205","843","1","2","X","8","31.0800","","","01/09/2025 00:00:00","31/12/2025 00:00:00","X","","1","1","0","0","1","","","","","","","","",""
"51002","75419","1","2025","Normal","Star Wars","Licensed","Ultimate Collector Series","Death Star","X","75419-1","999.99","899.99","1299.99","999.99","05/09/2025 00:00:00","04/05/2026 00:00:00","9023","40","sw0156,sw0532,sw1201,sw1202,sw1249,sw1263,sw1326,sw1373,sw1375,sw1453,sw1454,sw1455,sw1456,sw1457,sw1458,sw1459,sw1460,sw1461,sw1462,sw1463,sw1464,sw1465,sw1466,sw1467,sw1468,sw1469,sw1470,sw1471,sw1472,sw1473,sw1474,sw1475,sw1476,sw1477,sw1478,sw1479,sw1480,sw1481,sw1482,","Box","LEGO exclusive","6529122","6529121","5702017824185","673419407397","48","52.3","38.3","","79","70","27","18","","2032","2707","42","21","X","0","893.6600","625.0000","César Soares,","01/10/2025 00:00:00","31/12/2028 00:00:00","X","","1","1","0","0","1","","","","","","","","",""
"51285","75428","1","2025","Normal","Star Wars","Licensed","Episode I","Battle Droid with STAP","X","75428-1","139.99","119.99","169.99","129.99","06/05/2025 00:00:00","04/05/2026 00:00:00","1088","1","sw0001a,","Box","Retail","6529423","6529422","5702017824598","673419407519","28.2","45.6","7.2","","38","30","14","12","","1780","2321","2","11","X","0","94.5800","57.1100","John Ho,","01/07/2025 00:00:00","31/12/2026 00:00:00","X","","1","1","0","0","1","","","","","","","","",""
"51131","75429","1","2025","Normal","Star Wars","Licensed","Helmet Collection","AT-AT Driver Helmet","X","75429-1","69.99","69.99","89.99","79.99","28/01/2025 00:00:00","04/05/2026 00:00:00","730","","","Box","Retail","6529425","6529424","5702017824604","673419407526","19.1","35.4","9.1","","20","13","13","18","","4493","2091","7","7","X","0","78.6200","53.0000","John Ho,","01/03/2025 00:00:00","31/12/2026 00:00:00","X","","1","1","0","0","1","","","","","","","","",""
"51100","75430","1","2025","Normal","Star Wars","Licensed","Episode VI","Wicket the Ewok","X","75430-1","129.99","109.99","149.99","119.99","11/07/2025 00:00:00","04/05/2026 00:00:00","1010","1","sw1435,","Box","Retail","6529427","6529426","5702017824611","673419407533","26.2","38.2","9.4","","","","","12","","1998","1735","2","9","X","4","107.4700","","Jme Wheeler,","01/08/2025 00:00:00","31/12/2026 00:00:00","X","","1","1","0","0","1","","","","","","","","",""
"51090","75431","1","2025","Normal","Star Wars","Licensed","The Clone Wars","327th Star Corps Clone Troopers Battle Pack","X","75431-1","44.99","34.99","49.99","39.99","03/07/2025 00:00:00","04/05/2026 00:00:00","258","8","sw1321,sw1421,sw1422,sw1423,","Box","Retail","6545786","6545784","5702017901213","673419413329","20.5","19.1","4.6","","15","9","5","7","","5050","2554","2","10","X","0","29.3200","31.5000","","01/08/2025 00:00:00","31/07/2027 00:00:00","X","","1","1","0","0","1","","","","","","","","",""
"51101","75432","1","2025","Normal","Star Wars","Licensed","The Clone Wars","V-19 Torrent Starfighter","X","75432-1","64.99","59.99","84.99","64.99","03/07/2025 00:00:00","04/05/2026 00:00:00","567","3","sw1424,sw1425,sw1426,","Box","Retail","6545788","6545787","5702017901220","673419413336","28.2","26.2","7.6","","15","20","14","9","","4436","2542","2","11","X","5","63.1300","35.9400","Blair Archer,","01/08/2025 00:00:00","31/07/2027 00:00:00","X","","1","1","0","0","1","","","","","","","","",""
"51102","75433","1","2025","Normal","Star Wars","Licensed","Episode II","Jango Fett's Starship","X","75433-1","69.99","59.99","89.99","69.99","02/07/2025 00:00:00","04/05/2026 00:00:00","707","3","sw1407,sw1433,sw1434,","Box","Retail","6545790","6545789","5702017901237","673419413343","38.2","26.2","5.7","","21","21","9","9","","4407","2527","2","11","X","0","54.5700","46.9400","","01/08/2025 00:00:00","31/12/2027 00:00:00","X","","1","1","0","0","1","","","","","","","","",""
"51103","75434","1","2025","Normal","Star Wars","Licensed","Andor","K-2SO","X","75434-1","89.99","79.99","119.99","89.99","19/04/2025 00:00:00","04/05/2026 00:00:00","845","1","sw1412,","Box","Retail","6545792","6545791","5702017901244","673419413459","26.2","38.2","7.1","","","","","10","","3144","2390","2","6","X","0","65.2100","54.4300","Peter Carmichael,","01/08/2025 00:00:00","31/07/2027 00:00:00","X","","1","1","0","0","1","","","","","","","","",""
"51104","75435","1","2025","Normal","Star Wars","Licensed","The Clone Wars","Battle of Felucia Separatist MTT","X","75435-1","159.99","139.99","199.99","149.99","02/07/2025 00:00:00","04/05/2026 00:00:00","976","12","sw0001c,sw1338,sw1427,sw1428,sw1429,","Box","Retail","6545794","6545793","5702017901251","673419413466","54","28.2","7.9","","15","29","13","9","","2892","3177","1","11","X","0","135.3500","75.0000","Boone Langston,","01/08/2025 00:00:00","31/12/2027 00:00:00","X","","1","1","0","0","1","","","","","","","","",""
"51557","472518","1","2025","Other","Star Wars","Licensed","Magazine Gift","Ahsoka Tano","X","472518-1","","","","","","","8","1","sw1300,","Paper bag","Magazine gift","","","","","","","","","","","","6","","1051","281","0","0","X","0","7.0300","5.6700","","","","","","0","0","0","0","0","","","","","","","","",""
"50939","912501","1","2025","Other","Star Wars","Licensed","Magazine Gift","Mandalorian Nite Owl","X","912501-1","","","","","","","14","1","sw1344,","Paper bag","Magazine gift","","","","","","","","","","","","","","1397","465","0","0","X","0","5.7900","5.5300","","","","X","","1","1","0","0","1","","","","","","","","",""
"51148","912502","1","2025","Other","Star Wars","Licensed","Magazine Gift","Qui-Gon Jinn","X","912502-1","","","","","","","6","1","sw1404,","Paper bag","Magazine gift","","","","","12","15","1","0.008","","","","6","","1577","444","0","0","X","0","6.3300","5.4400","","","","X","","1","1","0","0","1","","","","","","","","",""
"51216","912503","1","2025","Other","Star Wars","Licensed","Magazine Gift","Imperial Commando","X","912503-1","","","","","","","7","1","sw1346,","Paper bag","Magazine gift","","","","","","","","","","","","6","","1329","395","0","0","X","0","5.5700","","","","","X","","1","1","0","0","1","","","","","","","","",""
"51258","912504","1","2025","Other","Star Wars","Licensed","Magazine Gift","Praetorian Guard","X","912504-1","","","","","","","9","1","sw1343,","Paper bag","Magazine gift","","","","","12","15","2","0.008","","","","6","","1211","368","0","0","X","0","5.4900","","","","","X","","1","1","0","0","1","","","","","","","","",""
"51320","912505","1","2025","Other","Star Wars","Licensed","Magazine Gift","Juggernaut","X","912505-1","","","","","","","65","","","Paper bag","Magazine gift","","","","","","","","","","","","6","","657","253","0","0","X","0","4.8700","","","","","X","","1","1","0","0","1","","","","","","","","",""
"51477","912506","1","2025","Other","Star Wars","Licensed","Magazine Gift","TIE Defender","X","912506-1","","","","","","","44","","","Paper bag","Magazine gift","","","","","","","","","","","","6","","472","257","0","0","X","0","4.9300","","","","","X","","1","1","0","0","1","","","","","","","","",""
"51478","912507","1","2025","Other","Star Wars","Licensed","Magazine Gift","Luke Skywalker","X","912507-1","","","","","","","6","1","sw1139,","Paper bag","Magazine gift","","","","","","","","","","","","6","","893","278","0","0","X","0","5.6100","5.5400","","","","X","","1","1","0","0","1","","","","","","","","",""
"51421","912508","1","2025","Other","Star Wars","Licensed","Magazine Gift","The Mandalorian","X","912508-1","","","","","","","7","1","sw1258,","Paper bag","Magazine gift","","","","","","","","","","","","","","1010","320","0","0","X","0","6.2700","","","","","X","","1","1","0","0","1","","","","","","","","",""
"51636","912509","1","2025","Other","Star Wars","Licensed","Magazine Gift","Darth Maul","X","912509-1","","","","","","","7","1","sw1333,","Metal canister","Magazine gift","","","","","9","12.5","2.3","0.06","","","","6","","1038","228","0","2","X","4","7.9800","","","","","X","","1","1","0","0","1","","","","","","","","",""
"51637","912510","1","2025","Other","Star Wars","Licensed","Magazine Gift","Droideka","X","912510-1","","","","","","","30","1","sw1452,","Paper bag","Magazine gift","","","","","12","15","2","","","","","6","","601","259","0","0","X","0","5.2000","","","","","X","","1","1","0","0","1","","","","","","","","",""
"52016","912511","1","2025","Other","Star Wars","Licensed","Magazine Gift","Clone Shock Trooper","X","912511-1","","","","","","","6","1","sw1305,","Paper bag","Magazine gift","","","","","12","15","2","","","","","6","","903","260","0","0","X","0","6.3300","","","","","X","","1","1","0","0","1","","","","","","","","",""
"52254","912512","1","2025","Other","Star Wars","Licensed","Magazine Gift","U-wing","X","912512-1","","","","","","","37","","","Paper bag","Magazine gift","","","","","","","","","","","","6","","380","174","0","0","X","0","4.6800","","","","","X","","1","1","0","0","1","","","","","","","","",""
"52304","912513","1","2025","Other","Star Wars","Licensed","Magazine Gift","Jango Fett's Starship","X","912513-1","","","","","","","38","","","Paper bag","Magazine gift","","","","","12","15","2","0.023","","","","6","","448","145","0","0","X","0","6.0800","","","","","X","","1","1","0","0","1","","","","","","","","",""
"51335","6573698","1","2025","Extended","Star Wars","Licensed","Promotional","Star Wars U-wing","X","6573698-1","","","","","","","52","","","None (loose parts)","Promotional","","","","","","","","","","","","7","","134","254","0","3","X","0","","","","","","X","","1","1","0","0","1","","","","","","","","",""
"51314","6573699","1","2025","Extended","Star Wars","Licensed","Promotional","Grogu M&T","X","GROGU-1","","","","","","","51","","","None (loose parts)","Promotional","","","","","","","","","","","","10","","419","263","0","2","X","0","25.5000","21.6200","","","","X","","1","1","0","0","1","","","","","","","","",""
"51399","6596072","1","2025","Extended","Star Wars","Licensed","Promotional","Star Wars Celebration Japan 2025 Promotional Tile","X","6596072-1","","","","","","","1","","","Zip-lock bag","Promotional","","6596072","5702018090169","","","","","","","","","6","","80","271","0","1","X","0","90.9900","","","18/04/2025 00:00:00","20/04/2025 00:00:00","X","","1","1","0","0","1","","","","","","","","",""
"52100","6615760","1","2025","Extended","Star Wars","Licensed","Promotional","Trench Run","X","6615760-1","","","","","","","138","","","None (loose parts)","Promotional","","","","","","","","","","","","10","","39","187","0","2","X","0","","","","01/10/2025 00:00:00","","X","","1","1","0","0","1","","","","","","","","",""
"52312","L0002231","1","2025","Other","Star Wars","Licensed","Magazine Gift","Phase 1 Clone Pilot","X","912514-1","","","","","","","5","1","sw1425,","Paper bag","Magazine gift","","","","","12","15","2","0.007","","","","6","","1001","282","0","0","X","0","7.6700","6.7200","","29/12/2025 00:00:00","","","","0","0","0","0","0","","","","","","","","",""
"50451","30702","1","2025","Normal","Super Mario","Licensed","Mario Kart","Toad (Pit Crew)","X","30702-1","4.99","","","3.99","","","39","1","mar0208,","Paper bag","Retail - limited","6527986","6527985","5702017819846","673419406963","17","18","3","0.043","","","","6","","1406","298","2","4","X","0","3.6500","","","01/03/2025 00:00:00","31/12/2025 00:00:00","X","","1","1","0","0","1","","","","","","","","",""
"51393","40787","1","2025","Normal","Super Mario","Licensed","Promotional","Mario Kart - Spiny Shell","X","40787-1","","","","","","","234","","","Box","Insiders Reward","6530997","6530996","","","19.1","14.1","6.1","","10","10","10","18","","2702","830","2","5","X","5","77.9700","44.9900","Carl Merriam,","15/05/2025 00:00:00","31/12/2025 00:00:00","X","","1","1","0","0","1","","","","","","","","",""
"50382","72031","1","2025","Normal","Super Mario","Licensed","Mario Kart","Yoshi Bike","X","72031-1","14.99","12.99","17.99","14.99","26/09/2024 00:00:00","04/05/2026 00:00:00","133","1","mar0214,","Box","Retail","6526937","6526936","5702017816487","673419405621","19.1","14.1","4.6","","6","9","4","7","","1664","550","2","9","X","4","12.4800","","","01/01/2025 00:00:00","31/07/2026 00:00:00","X","","1","1","0","0","1","","","","","","","","",""
"50383","72032","1","2025","Normal","Super Mario","Licensed","Mario Kart","Standard Kart","X","72032-1","19.99","17.99","24.99","19.99","26/09/2024 00:00:00","04/05/2026 00:00:00","174","1","mar0208,","Box","Retail","6526939","6526938","5702017816494","673419405638","26.2","19.1","4.6","","14","4","8","7","","1918","642","2","10","X","0","15.3500","13.9900","Patrick Otley (Concept lead),Woon Tze Chee,","01/01/2025 00:00:00","31/07/2026 00:00:00","X","","1","1","0","0","1","","","","","","","","",""
"50384","72033","1","2025","Normal","Super Mario","Licensed","Mario Kart","Donkey Kong & DK Jumbo","X","72033-1","34.99","29.99","44.99","34.99","26/09/2024 00:00:00","22/11/2025 00:00:00","387","1","mar0207,","Box","Retail","6526942","6526940","5702017816500","673419405645","35.4","19.1","5.9","","15","8","7","8","","1027","602","2","9","X","0","35.9100","27.0000","","01/01/2025 00:00:00","31/12/2025 00:00:00","X","","1","1","0","0","1","","","","","","","","",""
"50385","72034","1","2025","Normal","Super Mario","Licensed","Mario Kart","Baby Mario vs. Baby Luigi","X","72034-1","29.99","24.99","39.99","29.99","26/09/2024 00:00:00","04/05/2026 00:00:00","321","2","mar0212,mar0213,","Box","Retail","6526948","6526945","5702017816517","673419405652","35.4","19.1","5.9","","10","5","7","8","","874","472","6","10","X","0","18.3000","20.9900","Hans T,","01/01/2025 00:00:00","31/07/2026 00:00:00","X","","1","1","0","0","1","","","","","","","","",""
"50386","72035","1","2025","Normal","Super Mario","Licensed","Mario Kart","Toad's Garage","X","72035-1","39.99","34.99","49.99","39.99","26/09/2024 00:00:00","04/05/2026 00:00:00","390","2","mar0215,","Box","Retail","6526954","6526951","5702017816524","673419405669","26.2","22.2","7.6","","11","31","20","8","","670","467","2","10","X","0","27.3800","","Dan Squirrell,","01/01/2025 00:00:00","31/07/2026 00:00:00","X","","1","1","0","0","1","","","","","","","","",""
"50387","72036","1","2025","Normal","Super Mario","Licensed","Mario Kart","Baby Peach & Grand Prix Set","X","72036-1","79.99","69.99","99.99","79.99","26/09/2024 00:00:00","04/05/2026 00:00:00","823","4","mar0209,mar0210,mar0211,mar0216,","Box","Retail","6526956","6526955","5702017816531","673419405676","38.2","26.2","7.1","","18","33","4","8","","529","508","8","9","X","0","54.4200","59.9900","Marvin Voelger,Patrick Otley (Concept lead),","01/01/2025 00:00:00","31/07/2026 00:00:00","X","","1","1","0","0","1","","","","","","","","",""
"51241","72037","1","2025","Normal","Super Mario","Licensed","Mario Kart","Mario Kart - Mario & Standard Kart","X","72037-1","169.99","149.99","219.99","169.99","11/03/2025 00:00:00","04/05/2026 00:00:00","1972","","","Box","LEGO exclusive","6526958","6526957","5702017816548","673419405683","55.5","37.8","8.7","2.494","22","32","19","18","","3078","1410","7","10","X","0","141.3700","102.1300","","15/05/2025 00:00:00","31/12/2027 00:00:00","X","","1","1","0","0","1","","","","","","","","",""
"51018","72038","1","2025","Normal","Super Mario","Licensed","Mario Kart","Wario & King Boo","X","72038-1","49.99","44.99","64.99","49.99","21/05/2025 00:00:00","04/05/2026 00:00:00","512","2","mar0222,mar0226,","Box","Retail","6526960","6526959","5702017816555","673419405690","28.2","26.2","5.9","","15","4","7","8","","596","521","6","3","X","0","30.0000","","Carl Merriam,Dan Squirrell,","01/08/2025 00:00:00","31/07/2026 00:00:00","X","","1","1","0","0","1","","","","","","","","",""
"51019","72039","1","2025","Normal","Super Mario","Licensed","Mario Kart","Bowser's Castle","X","72039-1","99.99","89.99","129.99","99.99","21/05/2025 00:00:00","04/05/2026 00:00:00","1068","4","mar0038,mar0118,mar0179,mar0224,","Box","Retail","6526962","6526961","5702017816562","673419405706","45.6","28.2","7.2","","26","36","21","9","","277","445","6","7","X","0","79.1000","79.9900","","01/08/2025 00:00:00","31/07/2026 00:00:00","X","","1","1","0","0","1","","","","","","","","",""
"51020","72040","1","2025","Normal","Super Mario","Licensed","Expansion Set","Captain Toad's Camp","X","72040-1","14.99","12.99","17.99","14.99","21/05/2025 00:00:00","04/05/2026 00:00:00","159","3","mar0149,mar0228,mar0229,","Box","Retail","6526964","6526963","5702017816579","673419405713","26.2","14.1","4.8","","12","8","8","","","569","358","2","3","X","0","14.2300","","","01/08/2025 00:00:00","31/07/2026 00:00:00","X","","1","1","0","0","1","","","","","","","","",""
"51021","72041","1","2025","Normal","Super Mario","Licensed","Expansion Set","Party at Toad's House","X","72041-1","29.99","24.99","39.99","29.99","21/05/2025 00:00:00","04/05/2026 00:00:00","276","2","mar0223,mar0230,","Box","Retail","6526966","6526965","5702017816586","673419405720","35.4","19.1","5.9","","18","12","12","7","","350","375","2","3","X","0","23.6000","","Hans T,","01/08/2025 00:00:00","31/07/2026 00:00:00","X","","1","1","0","0","1","","","","","","","","",""
"51022","72042","1","2025","Normal","Super Mario","Licensed","Expansion Set","Prince Florian & Castle Bowser","X","72042-1","99.99","89.99","129.99","99.99","21/05/2025 00:00:00","04/05/2026 00:00:00","1251","4","mar0218,mar0219,mar0220,mar0221,","Box","Retail","6526968","6526967","5702017816593","673419405737","37.8","35.4","11.8","","31","21","22","9","","300","410","2","9","X","0","","","","01/08/2025 00:00:00","31/07/2026 00:00:00","X","","1","1","0","0","1","","","","","","","","",""
"51023","72043","1","2025","Normal","Super Mario","Licensed","Mario Kart","Interactive LEGO Mario & Standard Kart","X","72043-1","54.99","44.99","64.99","49.99","21/05/2025 00:00:00","04/05/2026 00:00:00","278","3","mar0007,mar0085,mar0217,","Box","Retail","6526970","6526969","5702017816609","673419405744","28.2","26.2","5.9","","13","5","8","7","","357","409","2","7","X","0","","","","01/08/2025 00:00:00","31/12/2026 00:00:00","X","","1","1","0","0","1","","","","","","","","",""
"51343","72044","1","2025","Normal","Super Mario","Licensed","Mario Kart","Piranha Plant Power-Up Pursuit","X","72044-1","49.99","44.99","64.99","49.99","03/07/2025 00:00:00","04/05/2026 00:00:00","588","3","mar0006,mar0138,mar0227,","Box","Retail","6529415","6529414","5702017824932","673419407762","28.2","26.2","7.6","","12","6","9","8","","325","422","4","12","X","0","68.1500","","Dan Squirrell,","01/08/2025 00:00:00","31/07/2026 00:00:00","X","","1","1","0","0","1","","","","","","","","",""
"51344","72045","1","2025","Normal","Super Mario","Licensed","Mario Kart","Shy Guy & P-Wing","X","72045-1","19.99","17.99","24.99","19.99","03/07/2025 00:00:00","04/05/2026 00:00:00","249","1","mar0225,","Box","Retail","6529417","6529416","5702017824949","673419407779","26.2","19.1","4.6","","14","4","7","7","","445","450","2","12","X","0","27.7200","","Hans T,","01/08/2025 00:00:00","31/12/2026 00:00:00","X","","1","1","0","0","1","","","","","","","","",""
"51024","72046","1","2025","Normal","Super Mario","Licensed","Miscellaneous","Game Boy","X","72046-1","59.99","54.99","79.99","59.99","25/07/2025 00:00:00","04/05/2026 00:00:00","421","","","Box","Retail","6526972","6526971","5702017816616","673419405751","19.1","35.4","7","0.56","14","9","3","18","","6878","1807","7","13","X","5","53.1900","44.4600","Carl Merriam,","01/10/2025 00:00:00","31/12/2027 00:00:00","X","","1","1","0","0","1","","","","","","","","",""
"50977","66812","1","2025","Collection","tbd","","Product Collection","{?}","","","","","","","","","","","","{Not specified}","{Not specified}","","","","","","","","","","","","","","6","31","0","0","","0","","","","","","X","","1","1","0","0","1","","","","","","","","",""
"50459","30710","1","2025","Normal","Technic","Technical","","Skid-Steer Loader","X","30710-1","","","","3.99","","","52","","","Paper bag","Retail - limited","6528003","6528002","5702017820231","","17","18","3","","","","","7","","1913","346","2","4","X","0","4.0700","3.0000","","01/01/2025 00:00:00","31/12/2025 00:00:00","X","","1","1","0","0","1","","","","","","","","",""
"50835","42197","1","2025","Normal","Technic","Technical","","Backhoe Loader","X","42197-1","9.99","8.99","12.99","9.99","11/12/2024 00:00:00","04/05/2026 00:00:00","104","","","Box","Retail","6518552","6518551","5702017802589","673419403108","15.7","14.1","4.5","0.167","10","24","9","7","","1610","295","2","10","X","13","9.9300","7.2100","","01/01/2025 00:00:00","31/12/2026 00:00:00","X","","1","1","0","0","1","","","","","","","","",""
"50836","42198","1","2025","Normal","Technic","Technical","","Bush Plane","X","42198-1","27.99","22.99","34.99","27.99","11/12/2024 00:00:00","04/05/2026 00:00:00","333","","","Box","Retail","6526803","6526802","5702017816203","673419404433","26.2","14.1","9.1","0.436","14","25","29","8","","1113","390","2","8","X","18","20.6100","16.2600","","01/01/2025 00:00:00","31/12/2026 00:00:00","X","","1","1","0","0","1","","","","","","","","",""
"50837","42199","1","2025","Normal","Technic","Technical","Monster Jam","Monster Jam DIGatron Pull-Back","X","42199-1","27.99","22.99","34.99","27.99","11/12/2024 00:00:00","04/05/2026 00:00:00","218","","","Box","Retail","6526805","6526804","5702017816227","673419404440","26.2","14.1","7.2","0.407","10","19","11","7","","823","292","2","8","X","0","15.0300","12.9400","","01/01/2025 00:00:00","31/12/2026 00:00:00","X","","1","1","0","0","1","","","","","","","","",""
"50838","42200","1","2025","Normal","Technic","Technical","Monster Jam","Monster Jam ThunderROARus Pull-Back","X","42200-1","27.99","22.99","34.99","27.99","11/12/2024 00:00:00","04/05/2026 00:00:00","232","","","Box","Retail","6526807","6526806","5702017816234","673419405454","26.2","14.1","9.1","0.437","12","18","11","7","","770","267","2","8","X","0","11.4500","","","01/01/2025 00:00:00","31/12/2026 00:00:00","X","","1","1","0","0","1","","","","","","","","",""
"50839","42201","1","2025","Normal","Technic","Technical","","Deep-Sea Research Submarine","X","42201-1","39.99","34.99","49.99","39.99","11/12/2024 00:00:00","04/05/2026 00:00:00","413","","","Box","Retail","6526809","6526808","5702017816241","673419405461","28.2","26.2","5.9","0.568","15","25","15","9","","590","353","2","12","X","7","45.0300","16.0000","","01/01/2025 00:00:00","31/12/2026 00:00:00","X","","1","1","0","0","1","","","","","","","","",""
"50828","42202","1","2025","Normal","Technic","Technical","Licensed","Ducati Panigale V4 S Motorcycle","X","42202-1","199.99","169.99","259.99","199.99","26/11/2024 00:00:00","04/05/2026 00:00:00","1603","","","Box","Retail","6526811","6526810","5702017816258","673419405478","55.5","37.8","10.3","2.46","30","43","15","18","","1098","986","7","9","X","0","154.3900","140.0000","","01/01/2025 00:00:00","31/07/2027 00:00:00","X","","1","1","0","0","1","","","","","","","","",""
"50719","42203","1","2025","Normal","Technic","Technical","","Tipping Dump Truck","X","42203-1","49.99","44.99","64.99","49.99","02/12/2024 00:00:00","04/05/2026 00:00:00","462","","","Box","Retail","6526813","6526812","5702017816265","673419405485","28.2","26.2","7.6","","14","28","11","9","","763","499","2","4","X","9","34.7900","","","01/03/2025 00:00:00","31/12/2026 00:00:00","X","","1","1","0","0","1","","","","","","","","",""
"50720","42204","1","2025","Normal","Technic","Technical","Fast & Furious","Fast & Furious Toyota Supra MK4","X","42204-1","59.99","54.99","79.99","59.99","02/12/2024 00:00:00","04/05/2026 00:00:00","810","","","Box","Retail","6526815","6526814","5702017816272","673419405492","38.2","26.2","7.1","","30","13","8","9","","1489","725","2","11","X","0","47.5400","25.5000","","01/03/2025 00:00:00","31/12/2026 00:00:00","X","","1","1","0","0","1","","","","","","","","",""
"50721","42205","1","2025","Normal","Technic","Technical","Licensed","Chevrolet Corvette Stingray","X","42205-1","59.99","54.99","79.99","59.99","02/12/2024 00:00:00","04/05/2026 00:00:00","732","","","Box","Retail","6526817","6526816","5702017816289","673419405508","38.2","26.2","7.1","","27","14","8","9","","920","616","2","9","X","3","42.2500","24.0000","","01/03/2025 00:00:00","31/12/2026 00:00:00","X","","1","1","0","0","1","","","","","","","","",""
"50722","42206","1","2025","Normal","Technic","Technical","Licensed","Oracle Red Bull Racing RB20 F1 Car","X","42206-1","229.99","199.99","299.99","229.99","01/12/2024 00:00:00","04/05/2026 00:00:00","1639","","","Box","Retail","6526819","6526818","5702017816296","673419405515","55.5","37.8","10.3","","14","63","24","18","","1890","1348","7","11","X","5","174.0800","128.6000","Milan Reindl,","01/03/2025 00:00:00","31/12/2027 00:00:00","X","","1","1","0","0","1","","","","","","","","",""
"50723","42207","1","2025","Normal","Technic","Technical","Licensed","Ferrari SF-24 F1 Car","X","42207-1","229.99","199.99","299.99","229.99","22/11/2024 00:00:00","04/05/2026 00:00:00","1361","","","Box","Retail","6526821","6526820","5702017816302","673419405522","55.5","37.8","10.3","","13","61","24","18","","2252","1412","9","9","X","0","187.7300","127.9600","","01/03/2025 00:00:00","31/12/2027 00:00:00","X","","1","1","0","0","1","","","","","","","","",""
"50989","42208","1","2025","Normal","Technic","Technical","Licensed","Aston Martin Valkyrie","X","42208-1","64.99","54.99","79.99","59.99","02/05/2025 00:00:00","04/05/2026 00:00:00","707","","","Box","Retail","6526823","6526822","5702017816319","673419405539","38.2","26.2","7.1","","29","13","7","9","","756","518","2","9","X","0","45.3900","","","01/06/2025 00:00:00","31/12/2027 00:00:00","X","","1","1","0","0","1","","","","","","","","",""
"50990","42209","1","2025","Normal","Technic","Technical","Licensed","Volvo L120 Electric Wheel Loader","X","42209-1","119.99","89.99","139.99","99.99","02/05/2025 00:00:00","04/05/2026 00:00:00","973","","","Box","Retail","6526825","6526824","5702017816326","673419405546","38.2","26.2","9.4","","14","35","11","9","","705","658","2","11","X","12","81.0700","49.1000","","01/06/2025 00:00:00","31/07/2027 00:00:00","X","","1","1","0","0","1","","","","","","","","",""
"50991","42210","1","2025","Normal","Technic","Technical","Fast & Furious","2 Fast 2 Furious Nissan Skyline GT-R (R34) Car","X","42210-1","139.99","129.99","179.99","139.99","02/05/2025 00:00:00","04/05/2026 00:00:00","1410","","","Box","Retail","6526827","6526826","5702017816333","673419405553","45.6","28.2","11.8","","12","41","18","18","","1194","912","7","9","X","0","106.7000","88.3300","","01/06/2025 00:00:00","31/12/2027 00:00:00","X","","1","1","0","0","1","","","","","","","","",""
"50992","42211","1","2025","Normal","Technic","Technical","Space","Lunar Outpost Moon Rover","X","42211-1","99.99","89.99","129.99","99.99","02/05/2025 00:00:00","04/05/2026 00:00:00","1082","","","Box","Retail","6526829","6526828","5702017816340","673419405560","45.6","28.2","8.8","","13","31","19","10","","312","365","6","11","X","0","62.2900","69.9900","","01/08/2025 00:00:00","31/07/2026 00:00:00","X","","1","1","0","0","1","","","","","","","","",""
"50993","42212","1","2025","Normal","Technic","Technical","Licensed","Ferrari FXX K","X","42212-1","64.99","54.99","79.99","59.99","02/05/2025 00:00:00","04/05/2026 00:00:00","897","","","Box","Retail","6526831","6526830","5702017816357","673419405577","38.2","26.2","7.1","","29","12","8","9","","1133","720","2","7","X","0","51.2800","50.0600","","01/08/2025 00:00:00","31/12/2027 00:00:00","X","","1","1","0","0","1","","","","","","","","",""
"50994","42213","1","2025","Normal","Technic","Technical","Licensed","Ford Bronco SUV","X","42213-1","64.99","54.99","79.99","59.99","02/05/2025 00:00:00","04/05/2026 00:00:00","943","","","Box","Retail","6526833","6526832","5702017816364","673419405584","38.2","26.2","9.4","","13","28","13","9","","1409","759","2","11","X","9","59.6300","38.2900","","01/08/2025 00:00:00","31/12/2027 00:00:00","X","","1","1","0","0","1","","","","","","","","",""
"50995","42214","1","2025","Normal","Technic","Technical","Licensed","Lamborghini Revuelto","X","42214-1","189.99","159.99","229.99","179.99","02/05/2025 00:00:00","04/05/2026 00:00:00","1135","","","Box","Retail","6526835","6526834","5702017816371","673419405591","38.2","26.2","11.8","","40","17","9","10","","485","659","2","7","X","2","138.0500","159.9900","","01/08/2025 00:00:00","31/12/2026 00:00:00","X","","1","1","0","0","1","","","","","","","","",""
"50996","42215","1","2025","Normal","Technic","Technical","Licensed","Volvo EC500 Hybrid Excavator","X","42215-1","429.99","349.99","499.99","399.99","02/05/2025 00:00:00","04/05/2026 00:00:00","2359","","","Box","Retail","6526837","6526836","5702017816388","673419405607","52.3","48","12.4","","29","54","24","18","","547","937","9","12","X","0","272.3600","280.1100","","01/08/2025 00:00:00","31/07/2027 00:00:00","X","","1","1","0","0","1","","","","","","","","",""
"51342","42217","1","2025","Normal","Technic","Technical","Licensed","Chevrolet Corvette Stingray","X","42217-1","59.99","54.99","79.99","59.99","03/05/2025 00:00:00","04/05/2026 00:00:00","732","","","Box","Retail","6529409","6529408","5702017824550","673419407588","38.2","26.2","7.1","","27","14","8","9","","498","524","2","11","X","3","57.1100","50.9900","","01/06/2025 00:00:00","31/12/2026 00:00:00","X","","1","1","0","0","1","","","","","","","","",""
"50944","412502","1","2025","Other","Technic","Technical","Magazine Gift","Combine Harvester","X","412502-1","","","","","","","80","","","Paper bag","Magazine gift","","","","","14","15","2","0.054","","","","7","","333","190","0","0","X","0","4.3700","","","","","X","","1","1","0","0","1","","","","","","","","",""
"51238","412503","1","2025","Other","Technic","Technical","Magazine Gift","Gyrocopter","X","412503-1","","","","","","","63","","","Paper bag","Magazine gift","","","","","14","15","2","0.035","","","","7","","204","106","0","0","X","4","3.9300","","","","","X","","1","1","0","0","1","","","","","","","","",""
"51330","412504","1","2025","Other","Technic","Technical","Magazine Gift","Wheeled Excavator","X","412504-1","","","","","","","65","","","Paper bag","Magazine gift","","","","","14","15","2","0.043","","","","7","","189","104","0","0","X","0","4.6800","","","","","X","","1","1","0","0","1","","","","","","","","",""
"51505","412505","1","2025","Other","Technic","Technical","Magazine Gift","Space Buggy","X","412505-1","","","","","","","62","","","Paper bag","Magazine gift","","","","","14","15","2","0.042","","","","7","","154","114","0","0","X","0","4.7000","","","","","X","","1","1","0","0","1","","","","","","","","",""
"51916","412506","1","2025","Other","Technic","Technical","Magazine Gift","Offroader","X","412506-1","","","","","","","77","","","Paper bag","Magazine gift","","","","","14","15","2","0.066","8.2","5","7","7","","149","88","0","0","X","0","7.9500","","","24/10/2025 00:00:00","","X","","1","1","0","0","1","","","","","","","","",""
"51129","76784","1","2025","Normal","Wednesday","Licensed","Season 1","Black Dahlia Flower","X","76784-1","27.99","19.99","29.99","24.99","02/05/2025 00:00:00","04/05/2026 00:00:00","358","2","wed006,wed007,","Box","Retail","6526369","6526368","5702017813189","673419403948","19.1","26.2","6.1","","23","10","9","9","","1100","487","2","11","X","0","19.6900","15.6300","Pernille Ravn,","01/08/2025 00:00:00","31/12/2026 00:00:00","X","","1","1","0","0","1","","","","","","","","",""
"51128","76785","1","2025","Normal","Wednesday","Licensed","Season 2","Thing's Apartment","X","76785-1","89.99","74.99","99.99","79.99","08/08/2025 00:00:00","04/05/2026 00:00:00","828","2","wed002,wed008,","Box","Retail","6526371","6526370","5702017813196","673419403955","","","","","13","23","11","12","","312","338","2","12","X","0","54.2900","59.0000","","01/10/2025 00:00:00","31/07/2026 00:00:00","X","","1","1","0","0","1","","","","","","","","",""
"51127","76786","1","2025","Normal","Wednesday","Licensed","Season 2","Morticia's Cottage","X","76786-1","109.99","89.99","129.99","99.99","08/08/2025 00:00:00","04/05/2026 00:00:00","1002","4","wed001,wed009,wed010,wed011,","Box","Retail","6526373","6526372","5702017813202","673419403962","","","","","21","19","12","10","","317","564","8","12","X","0","89.9900","","David Guedes,","01/10/2025 00:00:00","31/12/2026 00:00:00","X","","1","1","0","0","1","","","","","","","","",""
"50923","75685","1","2025","Normal","Wicked","Licensed","Miscellaneous","Emerald City Wall Art","X","75685-1","159.99","139.99","199.99","149.99","25/07/2025 00:00:00","04/05/2026 00:00:00","1518","5","wck011,wck012,wck013,wck014,wck015,","Box","Retail","6526329","6526328","5702017812939","673419403887","37.8","48","9.4","","32","25","8","18","","735","800","2","9","X","0","140.6300","119.9900","","01/09/2025 00:00:00","31/12/2026 00:00:00","X","","1","1","0","0","1","","","","","","","","",""
"50924","75687","1","2025","Normal","Wicked","Licensed","Part Two - For Good","Elphaba's Retreat","X","75687-1","27.99","19.99","29.99","24.99","25/07/2025 00:00:00","04/05/2026 00:00:00","228","2","wck022,wck023,","Box","Retail","6526333","6526332","5702017812953","673419403917","26.2","19.1","4.6","","19","13","9","7","","204","182","2","10","X","0","27.0000","","Pernille Ravn,","01/09/2025 00:00:00","31/07/2027 00:00:00","X","","1","1","0","0","1","","","","","","","","",""
"50925","75688","1","2025","Normal","Wicked","Licensed","Part Two - For Good","Glinda's Wedding Day","X","75688-1","39.99","34.99","49.99","39.99","25/07/2025 00:00:00","04/05/2026 00:00:00","476","2","wck029,wck030,","Box","Retail","6526335","6526334","5702017812960","673419403924","26.2","22.2","6.2","","11","20","13","8","","168","173","2","10","X","0","","","Bas Brederode,","01/09/2025 00:00:00","31/07/2027 00:00:00","X","","1","1","0","0","1","","","","","","","","",""
"50926","75689","1","2025","Normal","Wicked","Licensed","Part Two - For Good","Emerald City & Kiamo Ko Castle","X","75689-1","79.99","74.99","99.99","79.99","25/07/2025 00:00:00","04/05/2026 00:00:00","860","2","wck027,wck028,","Box","Retail","6526337","6526336","5702017813172","673419403931","38.2","26.2","7.1","","18","18","10","9","","224","312","4","8","X","0","65.8300","","David Guedes,","01/09/2025 00:00:00","31/07/2027 00:00:00","X","","1","1","0","0","1","","","","","","","","",""
"51548","75690","1","2025","Normal","Wicked","Licensed","Part Two - For Good","Glinda & Elphaba Visit Munchkinland","X","75690-1","69.99","59.99","89.99","69.99","25/07/2025 00:00:00","04/05/2026 00:00:00","744","3","wck024,wck025,wck026,","Box","Retail","6529429","6529428","5702017824802","673419407595","","","","","21","23","11","9","","177","321","4","10","X","0","","","David Guedes,","01/09/2025 00:00:00","31/07/2027 00:00:00","X","","1","1","0","0","1","","","","","","","","",""
"51547","75691","1","2025","Normal","Wicked","Licensed","Miscellaneous","Glinda & Elphaba Bookends","X","75691-1","129.99","109.99","149.99","119.99","05/07/2025 00:00:00","04/05/2026 00:00:00","1327","6","wck016,wck017,wck018,wck019,wck020,wck021,","Box","Retail","6532584","6532583","5702017836393","673419409452","35.4","37.8","9.4","","","","","18","","449","633","9","11","X","0","99.7900","","George Gilliatt,","01/09/2025 00:00:00","31/07/2027 00:00:00","X","","1","1","0","0","1","","","","","","","","",""







